runtime,annotation_version,input_type
Feb-20-2024-02:55:28,whole_genome_v2_nov-11-2021.csv,Wormbase.ID
Apr-07-2024-23:17:11,whole_genome_v2_nov-11-2021.csv,Wormbase.ID
Dec-28-2023-02:13:55,whole_genome_v2_nov-11-2021.csv,Wormbase.ID
Jan-26-2024-10:32:33,whole_genome_v2_nov-11-2021.csv,Sequence.ID
Feb-22-2024-17:06:26,whole_genome_v2_nov-11-2021.csv,Wormbase.ID
Mar-28-2024-18:24:10,whole_genome_v2_nov-11-2021.csv,Sequence.ID
Aug-16-2024-15:18:47,ORF_only_v2_nov-11-2021.csv,Wormbase.ID
Jul-21-2024-21:23:26,whole_genome_v2_nov-11-2021.csv,Wormbase.ID
Apr-15-2024-07:30:23,whole_genome_v2_nov-11-2021.csv,Wormbase.ID
Nov-16-2023-20:06:22,whole_genome_v2_nov-11-2021.csv,Wormbase.ID
Aug-14-2023-00:04:21,whole_genome_v2_nov-11-2021.csv,Wormbase.ID
Sep-19-2023-17:46:51,whole_genome_v2_nov-11-2021.csv,Wormbase.ID
Jun-07-2024-01:44:47,whole_genome_v2_nov-11-2021.csv,Wormbase.ID
Dec-01-2023-18:54:53,whole_genome_v2_nov-11-2021.csv,Wormbase.ID
Sep-18-2024-12:12:09,whole_genome_v2_nov-11-2021.csv,Wormbase.ID
Oct-03-2023-19:42:53,whole_genome_v2_nov-11-2021.csv,Wormbase.ID
Nov-12-2023-04:17:57,whole_genome_v2_nov-11-2021.csv,Wormbase.ID
Oct-03-2024-09:28:55,whole_genome_v2_nov-11-2021.csv,Sequence.ID
Dec-15-2023-04:06:59,whole_genome_v2_nov-11-2021.csv,Wormbase.ID
Dec-02-2023-07:52:00,whole_genome_v2_nov-11-2021.csv,Wormbase.ID
Jan-26-2024-10:14:45,whole_genome_v2_nov-11-2021.csv,Wormbase.ID
Aug-08-2023-21:05:05,whole_genome_v2_nov-11-2021.csv,Sequence.ID
Oct-31-2023-20:04:36,whole_genome_v2_nov-11-2021.csv,Wormbase.ID
Sep-27-2023-23:59:58,whole_genome_v2_nov-11-2021.csv,Wormbase.ID
Aug-22-2024-20:35:08,whole_genome_v2_nov-11-2021.csv,Wormbase.ID
Aug-28-2024-17:27:53,whole_genome_v2_nov-11-2021.csv,Wormbase.ID
Sep-14-2023-16:31:59,whole_genome_v2_nov-11-2021.csv,Wormbase.ID
Feb-27-2024-18:03:08,ORF_only_v2_nov-11-2021.csv,Sequence.ID
Aug-19-2024-18:48:59,whole_genome_v2_nov-11-2021.csv,Wormbase.ID
Oct-31-2023-01:52:55,whole_genome_v2_nov-11-2021.csv,Wormbase.ID
Jun-28-2024-00:58:20,whole_genome_v2_nov-11-2021.csv,Wormbase.ID
Sep-21-2023-13:39:55,whole_genome_v2_nov-11-2021.csv,Wormbase.ID
Jan-15-2024-20:02:10,whole_genome_v2_nov-11-2021.csv,Sequence.ID
Dec-27-2023-04:30:32,whole_genome_v2_nov-11-2021.csv,Wormbase.ID
Jan-08-2024-12:11:20,whole_genome_v2_nov-11-2021.csv,Wormbase.ID
Sep-27-2023-17:30:35,whole_genome_v2_nov-11-2021.csv,Wormbase.ID
Dec-04-2023-02:48:01,whole_genome_v2_nov-11-2021.csv,Wormbase.ID
Oct-07-2024-18:58:46,whole_genome_v2_nov-11-2021.csv,Wormbase.ID
Jul-21-2024-19:11:47,whole_genome_v2_nov-11-2021.csv,Wormbase.ID
Jun-29-2024-03:30:37,whole_genome_v2_nov-11-2021.csv,Sequence.ID
Aug-09-2024-03:28:47,whole_genome_v2_nov-11-2021.csv,Wormbase.ID
Sep-05-2024-13:02:09,whole_genome_v2_nov-11-2021.csv,Wormbase.ID
Jul-28-2024-16:59:04,whole_genome_v2_nov-11-2021.csv,Wormbase.ID
Feb-27-2024-09:40:13,whole_genome_v2_nov-11-2021.csv,Wormbase.ID
Feb-17-2024-17:06:57,whole_genome_v2_nov-11-2021.csv,Wormbase.ID
Oct-26-2023-21:03:16,whole_genome_v2_nov-11-2021.csv,Wormbase.ID
Sep-25-2023-14:55:43,whole_genome_v2_nov-11-2021.csv,Wormbase.ID
Sep-03-2023-17:42:03,whole_genome_v2_nov-11-2021.csv,Sequence.ID
Sep-20-2023-09:03:02,whole_genome_v2_nov-11-2021.csv,Wormbase.ID
Apr-05-2024-04:28:34,whole_genome_v2_nov-11-2021.csv,Sequence.ID
Aug-06-2023-19:53:47,whole_genome_v2_nov-11-2021.csv,Wormbase.ID
Aug-28-2023-16:10:23,whole_genome_v2_nov-11-2021.csv,Wormbase.ID
Feb-18-2024-15:27:54,whole_genome_v2_nov-11-2021.csv,Wormbase.ID
Oct-09-2023-03:58:58,whole_genome_v2_nov-11-2021.csv,Sequence.ID
Dec-12-2023-16:21:32,whole_genome_v2_nov-11-2021.csv,Wormbase.ID
Apr-30-2024-02:19:11,whole_genome_v2_nov-11-2021.csv,Wormbase.ID
Aug-26-2024-18:23:59,whole_genome_v2_nov-11-2021.csv,Wormbase.ID
Mar-19-2024-18:18:49,whole_genome_v2_nov-11-2021.csv,Wormbase.ID
Dec-12-2023-16:30:10,whole_genome_v2_nov-11-2021.csv,Wormbase.ID
Feb-20-2024-00:27:08,whole_genome_v2_nov-11-2021.csv,Sequence.ID
Sep-11-2023-18:55:27,whole_genome_v2_nov-11-2021.csv,Wormbase.ID
Dec-16-2023-15:27:53,whole_genome_v2_nov-11-2021.csv,Wormbase.ID
Nov-17-2023-16:02:11,whole_genome_v2_nov-11-2021.csv,Wormbase.ID
Aug-01-2024-14:44:01,whole_genome_v2_nov-11-2021.csv,Wormbase.ID
Aug-29-2024-15:04:22,whole_genome_v2_nov-11-2021.csv,Wormbase.ID
Oct-06-2023-15:04:25,whole_genome_v2_nov-11-2021.csv,Wormbase.ID
Sep-19-2023-18:35:38,whole_genome_v2_nov-11-2021.csv,Wormbase.ID
May-09-2024-17:59:17,whole_genome_v2_nov-11-2021.csv,Wormbase.ID
Dec-06-2023-07:01:21,whole_genome_v2_nov-11-2021.csv,Wormbase.ID
Oct-11-2023-19:53:22,whole_genome_v2_nov-11-2021.csv,Sequence.ID
Sep-20-2023-18:00:35,whole_genome_v2_nov-11-2021.csv,Wormbase.ID
Sep-18-2023-17:21:20,whole_genome_v2_nov-11-2021.csv,Sequence.ID
Oct-05-2024-21:56:54,whole_genome_v2_nov-11-2021.csv,Wormbase.ID
Oct-24-2023-15:50:21,whole_genome_v2_nov-11-2021.csv,Wormbase.ID
Oct-10-2023-06:51:21,whole_genome_v2_nov-11-2021.csv,Sequence.ID
Jun-25-2024-12:03:49,whole_genome_v2_nov-11-2021.csv,Sequence.ID
Oct-08-2024-21:30:43,whole_genome_v2_nov-11-2021.csv,Wormbase.ID
Apr-30-2024-14:32:04,whole_genome_v2_nov-11-2021.csv,Wormbase.ID
Aug-03-2024-22:38:35,whole_genome_v2_nov-11-2021.csv,Wormbase.ID
Dec-27-2023-04:07:47,whole_genome_v2_nov-11-2021.csv,Wormbase.ID
Jul-03-2024-13:34:05,whole_genome_v2_nov-11-2021.csv,Wormbase.ID
Aug-11-2023-03:53:23,whole_genome_v2_nov-11-2021.csv,Sequence.ID
Aug-10-2023-21:44:08,whole_genome_v2_nov-11-2021.csv,Wormbase.ID
Jan-30-2024-20:51:44,whole_genome_v2_nov-11-2021.csv,Wormbase.ID
Feb-02-2024-01:42:26,whole_genome_v2_nov-11-2021.csv,Wormbase.ID
Aug-02-2024-14:05:29,whole_genome_v2_nov-11-2021.csv,Wormbase.ID
Dec-28-2023-06:47:55,whole_genome_v2_nov-11-2021.csv,Wormbase.ID
Sep-29-2023-17:56:17,whole_genome_v2_nov-11-2021.csv,Sequence.ID
Dec-01-2023-19:00:23,whole_genome_v2_nov-11-2021.csv,Wormbase.ID
Apr-17-2024-01:30:11,whole_genome_v2_nov-11-2021.csv,Wormbase.ID
Nov-24-2023-21:05:12,whole_genome_v2_nov-11-2021.csv,Sequence.ID
Jun-27-2024-13:46:14,whole_genome_v2_nov-11-2021.csv,Wormbase.ID
Sep-18-2023-17:31:24,whole_genome_v2_nov-11-2021.csv,Wormbase.ID
Jan-29-2024-19:34:27,whole_genome_v2_nov-11-2021.csv,Wormbase.ID
May-30-2024-18:34:15,whole_genome_v2_nov-11-2021.csv,Wormbase.ID
Jun-13-2024-16:11:44,whole_genome_v2_nov-11-2021.csv,Wormbase.ID
Nov-16-2023-18:44:42,whole_genome_v2_nov-11-2021.csv,Wormbase.ID
Aug-27-2024-18:13:45,whole_genome_v2_nov-11-2021.csv,Wormbase.ID
Sep-13-2023-16:02:26,whole_genome_v2_nov-11-2021.csv,Wormbase.ID
Sep-20-2023-19:30:33,whole_genome_v2_nov-11-2021.csv,Wormbase.ID
Dec-22-2023-18:54:51,whole_genome_v2_nov-11-2021.csv,Wormbase.ID
Sep-15-2023-16:08:37,whole_genome_v2_nov-11-2021.csv,Wormbase.ID
Feb-15-2024-18:49:06,whole_genome_v2_nov-11-2021.csv,Wormbase.ID
Apr-23-2024-07:01:10,whole_genome_v2_nov-11-2021.csv,Wormbase.ID
May-23-2024-11:41:59,whole_genome_v2_nov-11-2021.csv,Wormbase.ID
May-28-2024-17:21:00,whole_genome_v2_nov-11-2021.csv,Wormbase.ID
Aug-29-2024-17:08:21,whole_genome_v2_nov-11-2021.csv,Wormbase.ID
Sep-23-2024-19:19:13,whole_genome_v2_nov-11-2021.csv,Wormbase.ID
Sep-06-2024-17:59:35,whole_genome_v2_nov-11-2021.csv,Wormbase.ID
Jan-12-2024-05:32:19,whole_genome_v2_nov-11-2021.csv,Wormbase.ID
Dec-27-2023-17:02:27,whole_genome_v2_nov-11-2021.csv,Wormbase.ID
Apr-03-2024-12:08:00,whole_genome_v2_nov-11-2021.csv,Wormbase.ID
Aug-27-2024-17:50:28,whole_genome_v2_nov-11-2021.csv,Wormbase.ID
Sep-18-2023-17:17:55,whole_genome_v2_nov-11-2021.csv,Wormbase.ID
Nov-09-2023-19:12:30,whole_genome_v2_nov-11-2021.csv,Wormbase.ID
Nov-14-2023-03:28:41,whole_genome_v2_nov-11-2021.csv,Wormbase.ID
Nov-14-2023-15:47:02,whole_genome_v2_nov-11-2021.csv,Wormbase.ID
Oct-03-2023-06:06:19,ORF_only_v2_nov-11-2021.csv,Wormbase.ID
Sep-12-2023-21:53:31,whole_genome_v2_nov-11-2021.csv,Wormbase.ID
Oct-03-2024-11:20:17,whole_genome_v2_nov-11-2021.csv,Sequence.ID
Nov-28-2023-23:26:22,whole_genome_v2_nov-11-2021.csv,Wormbase.ID
Sep-18-2023-22:41:44,whole_genome_v2_nov-11-2021.csv,Wormbase.ID
Apr-12-2024-01:09:16,whole_genome_v2_nov-11-2021.csv,Wormbase.ID
Oct-06-2023-11:59:13,whole_genome_v2_nov-11-2021.csv,Wormbase.ID
Oct-25-2023-17:27:04,whole_genome_v2_nov-11-2021.csv,Sequence.ID
Oct-10-2024-13:29:49,whole_genome_v2_nov-11-2021.csv,Wormbase.ID
Sep-14-2023-16:24:13,whole_genome_v2_nov-11-2021.csv,Wormbase.ID
May-23-2024-11:00:08,whole_genome_v2_nov-11-2021.csv,Wormbase.ID
Dec-28-2023-20:44:28,whole_genome_v2_nov-11-2021.csv,Wormbase.ID
Aug-07-2024-06:23:56,whole_genome_v2_nov-11-2021.csv,Wormbase.ID
May-16-2024-18:53:57,whole_genome_v2_nov-11-2021.csv,Wormbase.ID
Jul-11-2024-15:12:42,whole_genome_v2_nov-11-2021.csv,Wormbase.ID
Jun-05-2024-23:55:50,whole_genome_v2_nov-11-2021.csv,Wormbase.ID
May-05-2024-16:56:25,whole_genome_v2_nov-11-2021.csv,Wormbase.ID
Dec-21-2023-08:52:39,whole_genome_v2_nov-11-2021.csv,Wormbase.ID
Sep-29-2023-20:02:41,whole_genome_v2_nov-11-2021.csv,Wormbase.ID
Apr-22-2024-22:22:10,whole_genome_v2_nov-11-2021.csv,Wormbase.ID
Apr-02-2024-12:07:22,whole_genome_v2_nov-11-2021.csv,Wormbase.ID
Aug-03-2024-22:36:49,whole_genome_v2_nov-11-2021.csv,Wormbase.ID
Jun-16-2024-01:55:12,whole_genome_v2_nov-11-2021.csv,Sequence.ID
Mar-05-2024-19:45:38,whole_genome_v2_nov-11-2021.csv,Wormbase.ID
Feb-28-2024-14:31:48,whole_genome_v2_nov-11-2021.csv,Sequence.ID
Aug-27-2024-21:24:59,whole_genome_v2_nov-11-2021.csv,Wormbase.ID
Oct-07-2023-20:01:19,whole_genome_v2_nov-11-2021.csv,Wormbase.ID
Nov-10-2023-17:36:50,whole_genome_v2_nov-11-2021.csv,Sequence.ID
Sep-22-2023-00:29:23,whole_genome_v2_nov-11-2021.csv,Wormbase.ID
Mar-06-2024-01:55:26,whole_genome_v2_nov-11-2021.csv,Sequence.ID
Feb-03-2024-17:47:44,whole_genome_v2_nov-11-2021.csv,Wormbase.ID
Jul-19-2024-18:07:32,whole_genome_v2_nov-11-2021.csv,Wormbase.ID
May-14-2024-20:23:25,whole_genome_v2_nov-11-2021.csv,Wormbase.ID
Apr-15-2024-02:53:01,whole_genome_v2_nov-11-2021.csv,Wormbase.ID
Mar-28-2024-01:59:30,whole_genome_v2_nov-11-2021.csv,Wormbase.ID
Dec-13-2023-07:33:15,whole_genome_v2_nov-11-2021.csv,Wormbase.ID
Sep-18-2023-17:12:21,whole_genome_v2_nov-11-2021.csv,Wormbase.ID
Jan-23-2024-12:30:14,whole_genome_v2_nov-11-2021.csv,Wormbase.ID
Oct-02-2023-05:56:57,whole_genome_v2_nov-11-2021.csv,Wormbase.ID
Aug-07-2023-22:38:00,whole_genome_v2_nov-11-2021.csv,Wormbase.ID
Jun-21-2024-16:38:35,whole_genome_v2_nov-11-2021.csv,Sequence.ID
May-03-2024-16:46:43,whole_genome_v2_nov-11-2021.csv,Sequence.ID
Nov-13-2023-00:29:14,whole_genome_v2_nov-11-2021.csv,Wormbase.ID
Nov-14-2023-15:38:47,whole_genome_v2_nov-11-2021.csv,Wormbase.ID
Oct-10-2024-15:26:55,whole_genome_v2_nov-11-2021.csv,Wormbase.ID
Oct-04-2024-16:01:06,whole_genome_v2_nov-11-2021.csv,Wormbase.ID
Dec-13-2023-22:51:16,whole_genome_v2_nov-11-2021.csv,Wormbase.ID
Sep-27-2023-13:17:56,whole_genome_v2_nov-11-2021.csv,Wormbase.ID
Feb-13-2024-22:07:56,whole_genome_v2_nov-11-2021.csv,Wormbase.ID
Aug-11-2023-15:10:39,whole_genome_v2_nov-11-2021.csv,Sequence.ID
Aug-19-2024-13:20:27,whole_genome_v2_nov-11-2021.csv,Wormbase.ID
May-17-2024-17:29:50,whole_genome_v2_nov-11-2021.csv,Wormbase.ID
Dec-23-2023-07:31:45,whole_genome_v2_nov-11-2021.csv,Wormbase.ID
Nov-29-2023-11:30:11,whole_genome_v2_nov-11-2021.csv,Sequence.ID
Sep-13-2024-15:42:17,whole_genome_v2_nov-11-2021.csv,Wormbase.ID
Oct-17-2023-14:36:51,whole_genome_v2_nov-11-2021.csv,Wormbase.ID
Jul-22-2024-17:11:30,whole_genome_v2_nov-11-2021.csv,Wormbase.ID
Aug-28-2024-17:20:07,whole_genome_v2_nov-11-2021.csv,Wormbase.ID
Dec-27-2023-18:28:20,whole_genome_v2_nov-11-2021.csv,Sequence.ID
Aug-20-2024-16:13:48,whole_genome_v2_nov-11-2021.csv,Wormbase.ID
Mar-26-2024-17:55:34,whole_genome_v2_nov-11-2021.csv,Wormbase.ID
Sep-17-2024-20:11:30,whole_genome_v2_nov-11-2021.csv,Wormbase.ID
Sep-20-2023-08:28:13,whole_genome_v2_nov-11-2021.csv,Wormbase.ID
Dec-19-2023-03:40:11,whole_genome_v2_nov-11-2021.csv,Sequence.ID
Aug-28-2023-07:28:41,whole_genome_v2_nov-11-2021.csv,Wormbase.ID
Apr-05-2024-16:01:37,whole_genome_v2_nov-11-2021.csv,Wormbase.ID
Oct-13-2024-07:07:46,whole_genome_v2_nov-11-2021.csv,Wormbase.ID
Sep-18-2023-17:46:27,whole_genome_v2_nov-11-2021.csv,Wormbase.ID
Feb-01-2024-13:50:00,whole_genome_v2_nov-11-2021.csv,Wormbase.ID
Nov-14-2023-15:43:21,whole_genome_v2_nov-11-2021.csv,Wormbase.ID
Feb-15-2024-14:30:07,whole_genome_v2_nov-11-2021.csv,Wormbase.ID
Mar-01-2024-18:29:09,whole_genome_v2_nov-11-2021.csv,Wormbase.ID
Jul-19-2024-12:38:54,whole_genome_v2_nov-11-2021.csv,Wormbase.ID
Jan-17-2024-16:03:47,whole_genome_v2_nov-11-2021.csv,Wormbase.ID
Sep-07-2023-13:45:10,whole_genome_v2_nov-11-2021.csv,Wormbase.ID
Feb-14-2024-23:06:35,whole_genome_v2_nov-11-2021.csv,Wormbase.ID
Jan-23-2024-04:30:55,whole_genome_v2_nov-11-2021.csv,Wormbase.ID
Sep-18-2024-08:53:16,whole_genome_v2_nov-11-2021.csv,Wormbase.ID
Sep-28-2024-18:06:17,whole_genome_v2_nov-11-2021.csv,Wormbase.ID
Feb-15-2024-14:17:19,whole_genome_v2_nov-11-2021.csv,Sequence.ID
Apr-14-2024-16:33:00,whole_genome_v2_nov-11-2021.csv,Wormbase.ID
Oct-26-2023-18:14:10,whole_genome_v2_nov-11-2021.csv,Sequence.ID
Jun-18-2024-21:41:30,orfeome_v1_jan-31-2019.csv,Sequence.ID
Mar-27-2024-15:21:36,whole_genome_v2_nov-11-2021.csv,Wormbase.ID
Jul-22-2024-07:18:15,whole_genome_v2_nov-11-2021.csv,Wormbase.ID
Sep-20-2023-18:09:28,whole_genome_v2_nov-11-2021.csv,Wormbase.ID
Aug-26-2024-17:32:47,whole_genome_v2_nov-11-2021.csv,Sequence.ID
Dec-15-2023-20:03:05,whole_genome_v2_nov-11-2021.csv,Wormbase.ID
Dec-07-2023-20:49:47,whole_genome_v2_nov-11-2021.csv,Wormbase.ID
Sep-18-2023-17:18:52,whole_genome_v2_nov-11-2021.csv,Wormbase.ID
Oct-26-2023-01:05:01,whole_genome_v2_nov-11-2021.csv,Sequence.ID
Jan-08-2024-13:08:46,whole_genome_v2_nov-11-2021.csv,Wormbase.ID
Dec-03-2023-19:32:02,whole_genome_v2_nov-11-2021.csv,Wormbase.ID
Jan-26-2024-14:53:50,whole_genome_v2_nov-11-2021.csv,Wormbase.ID
Feb-19-2024-18:39:27,whole_genome_v2_nov-11-2021.csv,Wormbase.ID
Aug-26-2023-10:13:26,whole_genome_v2_nov-11-2021.csv,Wormbase.ID
Oct-24-2023-15:38:35,whole_genome_v2_nov-11-2021.csv,Wormbase.ID
Jul-29-2024-02:23:57,whole_genome_v2_nov-11-2021.csv,Wormbase.ID
Nov-10-2023-18:59:50,whole_genome_v2_nov-11-2021.csv,Wormbase.ID
Nov-20-2023-09:52:20,whole_genome_v2_nov-11-2021.csv,Wormbase.ID
Sep-10-2023-12:06:37,whole_genome_v2_nov-11-2021.csv,Wormbase.ID
Dec-12-2023-16:36:00,whole_genome_v2_nov-11-2021.csv,Wormbase.ID
Mar-11-2024-03:54:17,whole_genome_v2_nov-11-2021.csv,Wormbase.ID
Sep-29-2023-01:46:07,whole_genome_v2_nov-11-2021.csv,Wormbase.ID
Jan-18-2024-17:03:13,whole_genome_v2_nov-11-2021.csv,Wormbase.ID
May-04-2024-17:32:19,whole_genome_v1_jul-03-2019.csv,Wormbase.ID
Jan-29-2024-18:33:53,whole_genome_v2_nov-11-2021.csv,Wormbase.ID
Feb-10-2024-20:15:55,whole_genome_v2_nov-11-2021.csv,Sequence.ID
Jan-19-2024-17:23:04,whole_genome_v2_nov-11-2021.csv,Wormbase.ID
Jan-19-2024-17:23:28,whole_genome_v2_nov-11-2021.csv,Wormbase.ID
Jan-19-2024-17:23:12,whole_genome_v2_nov-11-2021.csv,Wormbase.ID
Jan-19-2024-17:23:20,whole_genome_v2_nov-11-2021.csv,Wormbase.ID
Jan-05-2024-00:16:51,whole_genome_v2_nov-11-2021.csv,Wormbase.ID
Dec-12-2023-16:32:28,whole_genome_v2_nov-11-2021.csv,Wormbase.ID
Feb-14-2024-11:07:52,whole_genome_v2_nov-11-2021.csv,Wormbase.ID
May-14-2024-15:51:27,whole_genome_v2_nov-11-2021.csv,Wormbase.ID
Apr-15-2024-11:45:44,whole_genome_v2_nov-11-2021.csv,Wormbase.ID
Jul-15-2024-13:19:48,whole_genome_v1_jul-03-2019.csv,Wormbase.ID
Aug-08-2023-02:26:43,whole_genome_v2_nov-11-2021.csv,Wormbase.ID
Dec-21-2023-09:12:31,whole_genome_v2_nov-11-2021.csv,Sequence.ID
Aug-29-2024-23:15:15,whole_genome_v2_nov-11-2021.csv,Sequence.ID
Aug-27-2023-21:08:29,whole_genome_v2_nov-11-2021.csv,Wormbase.ID
Aug-13-2024-17:13:41,whole_genome_v2_nov-11-2021.csv,Wormbase.ID
Aug-15-2023-00:23:45,whole_genome_v2_nov-11-2021.csv,Sequence.ID
Jul-10-2024-21:58:28,whole_genome_v2_nov-11-2021.csv,Wormbase.ID
Jun-04-2024-09:52:15,whole_genome_v2_nov-11-2021.csv,Wormbase.ID
Feb-17-2024-16:15:09,whole_genome_v2_nov-11-2021.csv,Wormbase.ID
Jul-23-2024-04:01:57,whole_genome_v2_nov-11-2021.csv,Wormbase.ID
Sep-28-2023-15:00:58,whole_genome_v2_nov-11-2021.csv,Wormbase.ID
Sep-18-2023-17:20:35,whole_genome_v2_nov-11-2021.csv,Wormbase.ID
Oct-17-2023-01:48:02,whole_genome_v2_nov-11-2021.csv,Wormbase.ID
Jan-30-2024-00:33:07,whole_genome_v2_nov-11-2021.csv,Wormbase.ID
Sep-13-2023-20:09:13,whole_genome_v2_nov-11-2021.csv,Wormbase.ID
Jul-03-2024-12:34:33,whole_genome_v2_nov-11-2021.csv,Wormbase.ID
Aug-29-2024-23:12:40,whole_genome_v2_nov-11-2021.csv,Sequence.ID
Jun-28-2024-19:24:38,whole_genome_v2_nov-11-2021.csv,Wormbase.ID
Mar-10-2024-05:13:34,whole_genome_v2_nov-11-2021.csv,Sequence.ID
Aug-27-2024-18:07:35,whole_genome_v2_nov-11-2021.csv,Wormbase.ID
Aug-09-2023-03:23:43,whole_genome_v2_nov-11-2021.csv,Wormbase.ID
Jun-26-2024-17:26:15,whole_genome_v2_nov-11-2021.csv,Wormbase.ID
Aug-30-2023-17:22:27,whole_genome_v2_nov-11-2021.csv,Wormbase.ID
Mar-25-2024-07:39:19,whole_genome_v2_nov-11-2021.csv,Sequence.ID
Nov-09-2023-13:22:39,whole_genome_v2_nov-11-2021.csv,Sequence.ID
Feb-20-2024-15:47:53,whole_genome_v2_nov-11-2021.csv,Sequence.ID
Feb-18-2024-17:28:39,whole_genome_v2_nov-11-2021.csv,Wormbase.ID
Nov-16-2023-17:12:09,whole_genome_v2_nov-11-2021.csv,Wormbase.ID
Jun-03-2024-08:36:20,whole_genome_v2_nov-11-2021.csv,Wormbase.ID
Mar-21-2024-15:38:32,whole_genome_v2_nov-11-2021.csv,Wormbase.ID
Oct-04-2023-23:31:03,whole_genome_v2_nov-11-2021.csv,Wormbase.ID
Mar-11-2024-18:08:47,whole_genome_v2_nov-11-2021.csv,Wormbase.ID
Mar-11-2024-18:08:32,whole_genome_v2_nov-11-2021.csv,Wormbase.ID
Mar-11-2024-18:08:39,whole_genome_v2_nov-11-2021.csv,Wormbase.ID
Mar-11-2024-18:08:55,whole_genome_v2_nov-11-2021.csv,Wormbase.ID
Aug-23-2024-19:01:12,whole_genome_v2_nov-11-2021.csv,Wormbase.ID
Sep-16-2024-13:56:54,whole_genome_v2_nov-11-2021.csv,Wormbase.ID
Aug-08-2024-20:30:16,whole_genome_v2_nov-11-2021.csv,Wormbase.ID
Sep-13-2024-14:51:56,whole_genome_v2_nov-11-2021.csv,Wormbase.ID
Sep-03-2024-21:14:18,whole_genome_v2_nov-11-2021.csv,Wormbase.ID
Jul-02-2024-13:18:14,whole_genome_v2_nov-11-2021.csv,Wormbase.ID
Jul-24-2024-08:35:59,whole_genome_v2_nov-11-2021.csv,Wormbase.ID
Feb-27-2024-09:24:35,whole_genome_v2_nov-11-2021.csv,Wormbase.ID
Feb-28-2024-18:38:08,whole_genome_v2_nov-11-2021.csv,Wormbase.ID
Aug-07-2024-19:59:28,whole_genome_v2_nov-11-2021.csv,Wormbase.ID
Sep-13-2024-16:35:01,whole_genome_v2_nov-11-2021.csv,Wormbase.ID
Feb-09-2024-14:41:34,whole_genome_v2_nov-11-2021.csv,Wormbase.ID
Jun-05-2024-12:14:28,whole_genome_v2_nov-11-2021.csv,Wormbase.ID
Aug-30-2023-10:56:51,whole_genome_v2_nov-11-2021.csv,Sequence.ID
May-10-2024-19:23:10,whole_genome_v2_nov-11-2021.csv,Wormbase.ID
Sep-18-2023-17:32:19,whole_genome_v2_nov-11-2021.csv,Wormbase.ID
Sep-13-2024-14:48:07,whole_genome_v2_nov-11-2021.csv,Wormbase.ID
Nov-12-2023-04:16:27,whole_genome_v2_nov-11-2021.csv,Wormbase.ID
May-13-2024-10:07:31,whole_genome_v2_nov-11-2021.csv,Wormbase.ID
Sep-11-2023-15:09:14,whole_genome_v2_nov-11-2021.csv,Sequence.ID
Aug-13-2024-20:39:21,whole_genome_v2_nov-11-2021.csv,Sequence.ID
Jul-08-2024-20:35:00,whole_genome_v2_nov-11-2021.csv,Wormbase.ID
Apr-03-2024-11:56:14,whole_genome_v2_nov-11-2021.csv,Wormbase.ID
Sep-18-2023-17:12:36,whole_genome_v2_nov-11-2021.csv,Sequence.ID
Nov-30-2023-02:18:31,whole_genome_v2_nov-11-2021.csv,Wormbase.ID
Jan-22-2024-10:42:55,whole_genome_v2_nov-11-2021.csv,Wormbase.ID
Jul-09-2024-22:57:26,whole_genome_v2_nov-11-2021.csv,Wormbase.ID
Oct-10-2024-12:00:07,whole_genome_v2_nov-11-2021.csv,Wormbase.ID
Aug-21-2024-20:45:41,whole_genome_v2_nov-11-2021.csv,Wormbase.ID
Mar-02-2024-00:29:31,whole_genome_v2_nov-11-2021.csv,Wormbase.ID
Feb-14-2024-12:42:31,whole_genome_v2_nov-11-2021.csv,Sequence.ID
Jul-22-2024-07:09:17,whole_genome_v2_nov-11-2021.csv,Wormbase.ID
Jun-28-2024-00:59:13,whole_genome_v2_nov-11-2021.csv,Wormbase.ID
Oct-16-2023-18:03:10,whole_genome_v2_nov-11-2021.csv,Wormbase.ID
Nov-13-2023-02:43:43,whole_genome_v2_nov-11-2021.csv,Wormbase.ID
Dec-05-2023-09:21:23,whole_genome_v2_nov-11-2021.csv,Wormbase.ID
May-28-2024-21:14:10,whole_genome_v2_nov-11-2021.csv,Wormbase.ID
Aug-26-2024-19:23:30,whole_genome_v2_nov-11-2021.csv,Wormbase.ID
Feb-21-2024-15:57:30,whole_genome_v2_nov-11-2021.csv,Wormbase.ID
Feb-22-2024-15:12:23,whole_genome_v2_nov-11-2021.csv,Sequence.ID
Sep-27-2023-21:16:04,whole_genome_v2_nov-11-2021.csv,Wormbase.ID
Sep-16-2024-01:04:00,whole_genome_v2_nov-11-2021.csv,Wormbase.ID
Jul-19-2024-21:03:01,whole_genome_v2_nov-11-2021.csv,Wormbase.ID
Jul-19-2024-21:03:10,whole_genome_v2_nov-11-2021.csv,Wormbase.ID
Jul-19-2024-21:02:53,whole_genome_v2_nov-11-2021.csv,Wormbase.ID
Dec-01-2023-17:22:45,orfeome_v2_nov-11-2021.csv,Wormbase.ID
Jun-04-2024-09:33:38,whole_genome_v2_nov-11-2021.csv,Wormbase.ID
Sep-20-2023-19:34:13,whole_genome_v2_nov-11-2021.csv,Wormbase.ID
Oct-17-2023-00:56:12,whole_genome_v2_nov-11-2021.csv,Wormbase.ID
Sep-29-2023-16:40:10,whole_genome_v2_nov-11-2021.csv,Wormbase.ID
Sep-06-2023-22:08:21,whole_genome_v2_nov-11-2021.csv,Sequence.ID
May-09-2024-02:23:08,whole_genome_v2_nov-11-2021.csv,Wormbase.ID
Aug-25-2023-19:14:42,whole_genome_v2_nov-11-2021.csv,Wormbase.ID
Jul-23-2024-22:19:33,whole_genome_v2_nov-11-2021.csv,Wormbase.ID
Sep-16-2024-00:41:18,whole_genome_v2_nov-11-2021.csv,Wormbase.ID
Feb-21-2024-21:36:57,whole_genome_v2_nov-11-2021.csv,Wormbase.ID
Aug-23-2024-03:19:59,whole_genome_v2_nov-11-2021.csv,Wormbase.ID
Oct-04-2023-10:35:46,whole_genome_v2_nov-11-2021.csv,Sequence.ID
Jul-03-2024-15:12:35,whole_genome_v2_nov-11-2021.csv,Wormbase.ID
Jul-01-2024-22:48:53,whole_genome_v2_nov-11-2021.csv,Wormbase.ID
Oct-24-2023-15:12:29,whole_genome_v2_nov-11-2021.csv,Wormbase.ID
Nov-14-2023-10:34:09,whole_genome_v2_nov-11-2021.csv,Wormbase.ID
Sep-11-2024-16:59:12,whole_genome_v2_nov-11-2021.csv,Wormbase.ID
Jun-28-2024-19:26:29,whole_genome_v2_nov-11-2021.csv,Wormbase.ID
Feb-28-2024-13:56:39,whole_genome_v2_nov-11-2021.csv,Sequence.ID
Sep-13-2023-02:18:02,whole_genome_v2_nov-11-2021.csv,Wormbase.ID
May-15-2024-23:55:51,whole_genome_v2_nov-11-2021.csv,Wormbase.ID
Feb-14-2024-14:01:18,whole_genome_v2_nov-11-2021.csv,Wormbase.ID
Sep-25-2023-14:01:53,whole_genome_v2_nov-11-2021.csv,Wormbase.ID
Sep-19-2023-17:56:31,whole_genome_v2_nov-11-2021.csv,Wormbase.ID
Feb-29-2024-15:43:14,whole_genome_v2_nov-11-2021.csv,Wormbase.ID
Nov-27-2023-16:19:22,whole_genome_v2_nov-11-2021.csv,Wormbase.ID
Apr-30-2024-14:39:05,whole_genome_v2_nov-11-2021.csv,Wormbase.ID
Apr-10-2024-17:03:54,whole_genome_v2_nov-11-2021.csv,Wormbase.ID
Feb-12-2024-14:46:53,whole_genome_v2_nov-11-2021.csv,Sequence.ID
Dec-18-2023-20:42:35,whole_genome_v2_nov-11-2021.csv,Wormbase.ID
Dec-18-2023-20:42:01,whole_genome_v2_nov-11-2021.csv,Wormbase.ID
Dec-18-2023-20:42:26,whole_genome_v2_nov-11-2021.csv,Wormbase.ID
Dec-18-2023-20:42:09,whole_genome_v2_nov-11-2021.csv,Wormbase.ID
Dec-18-2023-20:42:17,whole_genome_v2_nov-11-2021.csv,Wormbase.ID
Dec-18-2023-20:41:53,whole_genome_v2_nov-11-2021.csv,Wormbase.ID
Aug-16-2024-15:17:37,ORF_only_v2_nov-11-2021.csv,Wormbase.ID
Aug-22-2023-18:09:27,whole_genome_v2_nov-11-2021.csv,Wormbase.ID
Dec-07-2023-13:42:07,whole_genome_v2_nov-11-2021.csv,Sequence.ID
Aug-08-2024-10:31:26,whole_genome_v2_nov-11-2021.csv,Wormbase.ID
Jan-18-2024-15:37:49,whole_genome_v2_nov-11-2021.csv,Wormbase.ID
Feb-12-2024-16:22:12,whole_genome_v2_nov-11-2021.csv,Sequence.ID
Sep-11-2023-17:45:52,whole_genome_v2_nov-11-2021.csv,Wormbase.ID
Aug-30-2024-12:41:29,whole_genome_v2_nov-11-2021.csv,Wormbase.ID
Aug-12-2024-16:44:21,whole_genome_v2_nov-11-2021.csv,Wormbase.ID
Aug-28-2024-17:22:54,whole_genome_v2_nov-11-2021.csv,Wormbase.ID
Aug-17-2024-18:47:10,whole_genome_v2_nov-11-2021.csv,Wormbase.ID
Jun-03-2024-16:26:11,whole_genome_v2_nov-11-2021.csv,Wormbase.ID
Sep-05-2024-07:58:58,whole_genome_v2_nov-11-2021.csv,Wormbase.ID
Feb-29-2024-22:45:33,whole_genome_v2_nov-11-2021.csv,Wormbase.ID
Sep-18-2023-17:10:29,whole_genome_v2_nov-11-2021.csv,Wormbase.ID
Apr-30-2024-16:20:16,whole_genome_v2_nov-11-2021.csv,Wormbase.ID
Oct-19-2023-19:58:29,whole_genome_v2_nov-11-2021.csv,Wormbase.ID
Sep-13-2023-18:50:55,whole_genome_v2_nov-11-2021.csv,Wormbase.ID
Sep-18-2023-17:11:31,whole_genome_v2_nov-11-2021.csv,Wormbase.ID
Nov-14-2023-16:29:00,whole_genome_v2_nov-11-2021.csv,Wormbase.ID
Apr-02-2024-09:02:14,whole_genome_v2_nov-11-2021.csv,Wormbase.ID
Oct-11-2024-13:35:08,whole_genome_v2_nov-11-2021.csv,Wormbase.ID
Mar-14-2024-15:05:17,whole_genome_v2_nov-11-2021.csv,Wormbase.ID
Aug-27-2024-18:17:36,whole_genome_v2_nov-11-2021.csv,Wormbase.ID
Sep-22-2023-20:20:10,whole_genome_v2_nov-11-2021.csv,Wormbase.ID
May-28-2024-14:01:04,whole_genome_v2_nov-11-2021.csv,Wormbase.ID
Oct-05-2023-13:24:32,whole_genome_v2_nov-11-2021.csv,Wormbase.ID
Jan-12-2024-18:04:01,whole_genome_v2_nov-11-2021.csv,Wormbase.ID
Nov-29-2023-15:47:52,whole_genome_v2_nov-11-2021.csv,Wormbase.ID
Sep-13-2023-18:55:00,whole_genome_v2_nov-11-2021.csv,Wormbase.ID
Sep-17-2024-14:58:49,whole_genome_v2_nov-11-2021.csv,Wormbase.ID
Jan-09-2024-14:40:07,whole_genome_v2_nov-11-2021.csv,Wormbase.ID
Dec-06-2023-21:12:56,whole_genome_v2_nov-11-2021.csv,Wormbase.ID
Aug-22-2023-18:15:10,whole_genome_v2_nov-11-2021.csv,Wormbase.ID
Jul-10-2024-07:16:55,whole_genome_v2_nov-11-2021.csv,Sequence.ID
Dec-27-2023-05:54:16,whole_genome_v2_nov-11-2021.csv,Wormbase.ID
Apr-02-2024-03:05:49,whole_genome_v2_nov-11-2021.csv,Wormbase.ID
Nov-08-2023-00:26:55,whole_genome_v2_nov-11-2021.csv,Wormbase.ID
Aug-07-2023-21:46:07,whole_genome_v2_nov-11-2021.csv,Wormbase.ID
Jun-27-2024-13:44:14,whole_genome_v2_nov-11-2021.csv,Wormbase.ID
Oct-11-2024-21:29:55,whole_genome_v2_nov-11-2021.csv,Wormbase.ID
Jun-03-2024-12:08:11,whole_genome_v2_nov-11-2021.csv,Wormbase.ID
Sep-30-2024-06:54:56,whole_genome_v2_nov-11-2021.csv,Wormbase.ID
Apr-26-2024-18:55:46,whole_genome_v2_nov-11-2021.csv,Wormbase.ID
Jul-18-2024-18:29:44,whole_genome_v2_nov-11-2021.csv,Wormbase.ID
Jul-16-2024-15:13:10,whole_genome_v2_nov-11-2021.csv,Wormbase.ID
Sep-11-2023-18:44:10,whole_genome_v2_nov-11-2021.csv,Wormbase.ID
Nov-14-2023-15:50:52,whole_genome_v2_nov-11-2021.csv,Wormbase.ID
Sep-11-2024-16:54:23,ahringer_v2_nov-11-2021.csv,Sequence.ID
Dec-12-2023-16:28:24,whole_genome_v2_nov-11-2021.csv,Wormbase.ID
Aug-28-2024-17:43:44,whole_genome_v2_nov-11-2021.csv,Wormbase.ID
Mar-06-2024-21:50:52,whole_genome_v2_nov-11-2021.csv,Wormbase.ID
Mar-12-2024-01:38:42,whole_genome_v2_nov-11-2021.csv,Wormbase.ID
Oct-29-2023-16:01:52,whole_genome_v2_nov-11-2021.csv,Wormbase.ID
Oct-05-2023-13:17:48,whole_genome_v2_nov-11-2021.csv,Wormbase.ID
Mar-12-2024-00:50:01,whole_genome_v2_nov-11-2021.csv,Wormbase.ID
May-24-2024-16:17:09,whole_genome_v2_nov-11-2021.csv,Wormbase.ID
Jan-18-2024-03:32:57,whole_genome_v2_nov-11-2021.csv,Sequence.ID
Aug-23-2024-05:30:39,whole_genome_v2_nov-11-2021.csv,Wormbase.ID
Dec-23-2023-07:35:03,whole_genome_v2_nov-11-2021.csv,Wormbase.ID
Apr-30-2024-00:41:10,whole_genome_v2_nov-11-2021.csv,Wormbase.ID
Aug-11-2023-23:16:49,whole_genome_v2_nov-11-2021.csv,Wormbase.ID
Apr-12-2024-04:48:54,whole_genome_v2_nov-11-2021.csv,Wormbase.ID
Apr-10-2024-16:29:42,whole_genome_v2_nov-11-2021.csv,Wormbase.ID
Aug-31-2023-22:18:34,whole_genome_v2_nov-11-2021.csv,Wormbase.ID
Jun-20-2024-09:58:51,whole_genome_v2_nov-11-2021.csv,Wormbase.ID
Sep-14-2024-15:49:44,whole_genome_v2_nov-11-2021.csv,Wormbase.ID
Dec-15-2023-06:00:21,whole_genome_v2_nov-11-2021.csv,Sequence.ID
Oct-04-2023-06:22:06,whole_genome_v2_nov-11-2021.csv,Wormbase.ID
May-10-2024-19:32:52,whole_genome_v2_nov-11-2021.csv,Wormbase.ID
Jul-24-2024-16:55:55,whole_genome_v2_nov-11-2021.csv,Wormbase.ID
Feb-07-2024-21:23:58,whole_genome_v2_nov-11-2021.csv,Wormbase.ID
Feb-29-2024-18:25:08,whole_genome_v2_nov-11-2021.csv,Sequence.ID
Mar-12-2024-19:48:42,whole_genome_v2_nov-11-2021.csv,Sequence.ID
Mar-01-2024-18:27:04,whole_genome_v2_nov-11-2021.csv,Wormbase.ID
Oct-10-2023-21:22:29,whole_genome_v2_nov-11-2021.csv,Wormbase.ID
Oct-04-2023-14:59:27,whole_genome_v2_nov-11-2021.csv,Wormbase.ID
Apr-04-2024-12:05:43,whole_genome_v2_nov-11-2021.csv,Wormbase.ID
Feb-23-2024-16:42:02,whole_genome_v2_nov-11-2021.csv,Wormbase.ID
Aug-01-2024-14:27:33,whole_genome_v2_nov-11-2021.csv,Wormbase.ID
Jul-15-2024-02:28:06,whole_genome_v2_nov-11-2021.csv,Wormbase.ID
Nov-14-2023-15:03:07,whole_genome_v2_nov-11-2021.csv,Wormbase.ID
Oct-04-2023-15:33:38,whole_genome_v2_nov-11-2021.csv,Sequence.ID
Mar-06-2024-15:28:44,whole_genome_v2_nov-11-2021.csv,Wormbase.ID
Sep-13-2023-17:53:45,whole_genome_v2_nov-11-2021.csv,Wormbase.ID
May-07-2024-00:54:29,whole_genome_v2_nov-11-2021.csv,Wormbase.ID
Aug-28-2023-12:22:04,whole_genome_v2_nov-11-2021.csv,Wormbase.ID
Sep-25-2023-14:02:24,whole_genome_v2_nov-11-2021.csv,Wormbase.ID
Sep-25-2023-14:02:33,whole_genome_v2_nov-11-2021.csv,Wormbase.ID
Sep-25-2023-14:02:42,whole_genome_v2_nov-11-2021.csv,Wormbase.ID
Aug-25-2023-02:27:01,whole_genome_v2_nov-11-2021.csv,Wormbase.ID
Nov-23-2023-11:28:24,whole_genome_v2_nov-11-2021.csv,Wormbase.ID
Jun-04-2024-09:35:37,whole_genome_v2_nov-11-2021.csv,Wormbase.ID
Jan-08-2024-06:31:02,whole_genome_v2_nov-11-2021.csv,Wormbase.ID
Feb-28-2024-14:13:34,whole_genome_v2_nov-11-2021.csv,Sequence.ID
Dec-18-2023-23:25:26,whole_genome_v2_nov-11-2021.csv,Sequence.ID
May-20-2024-11:13:59,whole_genome_v2_nov-11-2021.csv,Wormbase.ID
Feb-14-2024-12:48:18,whole_genome_v2_nov-11-2021.csv,Sequence.ID
Mar-19-2024-15:26:18,whole_genome_v2_nov-11-2021.csv,Wormbase.ID
Feb-27-2024-09:21:45,whole_genome_v2_nov-11-2021.csv,Wormbase.ID
Jan-11-2024-19:55:45,whole_genome_v2_nov-11-2021.csv,Sequence.ID
Sep-18-2023-17:25:56,whole_genome_v2_nov-11-2021.csv,Wormbase.ID
Jun-17-2024-07:44:14,whole_genome_v2_nov-11-2021.csv,Sequence.ID
Jan-25-2024-18:27:41,whole_genome_v2_nov-11-2021.csv,Wormbase.ID
Feb-18-2024-15:27:20,whole_genome_v2_nov-11-2021.csv,Wormbase.ID
Aug-25-2023-06:53:47,whole_genome_v2_nov-11-2021.csv,Wormbase.ID
Aug-25-2023-06:54:59,whole_genome_v2_nov-11-2021.csv,Wormbase.ID
Aug-25-2023-06:54:50,whole_genome_v2_nov-11-2021.csv,Wormbase.ID
Aug-25-2023-06:54:14,whole_genome_v2_nov-11-2021.csv,Wormbase.ID
Aug-25-2023-06:54:25,whole_genome_v2_nov-11-2021.csv,Wormbase.ID
Aug-25-2023-06:54:06,whole_genome_v2_nov-11-2021.csv,Wormbase.ID
Aug-25-2023-06:54:33,whole_genome_v2_nov-11-2021.csv,Wormbase.ID
Aug-25-2023-06:55:11,whole_genome_v2_nov-11-2021.csv,Wormbase.ID
Aug-25-2023-06:54:40,whole_genome_v2_nov-11-2021.csv,Wormbase.ID
Aug-25-2023-06:53:58,whole_genome_v2_nov-11-2021.csv,Wormbase.ID
Jan-11-2024-13:04:58,whole_genome_v2_nov-11-2021.csv,Wormbase.ID
Feb-22-2024-15:54:19,ORF_only_v2_nov-11-2021.csv,Wormbase.ID
Mar-08-2024-23:47:24,whole_genome_v2_nov-11-2021.csv,Wormbase.ID
Aug-28-2024-17:20:21,whole_genome_v2_nov-11-2021.csv,Wormbase.ID
Apr-08-2024-04:19:44,whole_genome_v2_nov-11-2021.csv,Wormbase.ID
Jul-15-2024-04:11:50,whole_genome_v2_nov-11-2021.csv,Wormbase.ID
May-13-2024-10:13:35,whole_genome_v2_nov-11-2021.csv,Wormbase.ID
Aug-19-2024-11:08:07,whole_genome_v2_nov-11-2021.csv,Wormbase.ID
Aug-01-2024-19:20:25,whole_genome_v2_nov-11-2021.csv,Wormbase.ID
Mar-15-2024-11:05:49,whole_genome_v2_nov-11-2021.csv,Wormbase.ID
Mar-01-2024-11:06:21,whole_genome_v2_nov-11-2021.csv,Wormbase.ID
Feb-16-2024-14:59:14,whole_genome_v2_nov-11-2021.csv,Sequence.ID
Jun-18-2024-21:08:52,whole_genome_v2_nov-11-2021.csv,Sequence.ID
Sep-22-2023-00:08:06,whole_genome_v2_nov-11-2021.csv,Wormbase.ID
Aug-28-2024-21:50:26,whole_genome_v2_nov-11-2021.csv,Wormbase.ID
Jul-21-2024-19:16:01,whole_genome_v2_nov-11-2021.csv,Wormbase.ID
Nov-03-2023-21:41:05,whole_genome_v2_nov-11-2021.csv,Wormbase.ID
Sep-14-2024-23:45:32,whole_genome_v2_nov-11-2021.csv,Wormbase.ID
Aug-06-2024-22:10:19,whole_genome_v2_nov-11-2021.csv,Wormbase.ID
Feb-16-2024-15:00:32,whole_genome_v2_nov-11-2021.csv,Sequence.ID
Mar-07-2024-00:41:23,whole_genome_v2_nov-11-2021.csv,Wormbase.ID
Apr-18-2024-09:11:46,whole_genome_v2_nov-11-2021.csv,Wormbase.ID
Aug-28-2024-23:37:52,whole_genome_v2_nov-11-2021.csv,Wormbase.ID
Sep-29-2023-16:42:17,whole_genome_v2_nov-11-2021.csv,Wormbase.ID
Aug-28-2024-17:16:41,whole_genome_v2_nov-11-2021.csv,Wormbase.ID
Apr-21-2024-13:52:10,whole_genome_v2_nov-11-2021.csv,Wormbase.ID
Sep-13-2024-16:31:52,whole_genome_v2_nov-11-2021.csv,Wormbase.ID
Feb-17-2024-18:28:29,whole_genome_v2_nov-11-2021.csv,Wormbase.ID
Feb-22-2024-15:08:31,whole_genome_v2_nov-11-2021.csv,Wormbase.ID
Sep-12-2023-22:02:20,whole_genome_v2_nov-11-2021.csv,Wormbase.ID
Mar-06-2024-01:30:14,whole_genome_v2_nov-11-2021.csv,Sequence.ID
Feb-19-2024-00:32:13,whole_genome_v2_nov-11-2021.csv,Wormbase.ID
Feb-01-2024-11:14:19,whole_genome_v2_nov-11-2021.csv,Wormbase.ID
Nov-14-2023-15:48:53,whole_genome_v2_nov-11-2021.csv,Wormbase.ID
Mar-29-2024-22:07:19,whole_genome_v2_nov-11-2021.csv,Wormbase.ID
Aug-01-2024-14:41:12,whole_genome_v2_nov-11-2021.csv,Wormbase.ID
Aug-28-2023-19:36:28,whole_genome_v2_nov-11-2021.csv,Wormbase.ID
Apr-02-2024-09:23:00,whole_genome_v2_nov-11-2021.csv,Wormbase.ID
Sep-19-2023-17:37:31,whole_genome_v2_nov-11-2021.csv,Sequence.ID
Sep-12-2023-05:44:09,whole_genome_v2_nov-11-2021.csv,Wormbase.ID
Dec-05-2023-02:17:34,whole_genome_v2_nov-11-2021.csv,Wormbase.ID
Sep-19-2023-18:31:17,whole_genome_v2_nov-11-2021.csv,Wormbase.ID
Sep-10-2023-00:36:04,whole_genome_v2_nov-11-2021.csv,Wormbase.ID
Nov-13-2023-10:36:47,whole_genome_v2_nov-11-2021.csv,Wormbase.ID
Mar-30-2024-16:08:29,whole_genome_v2_nov-11-2021.csv,Sequence.ID
Apr-23-2024-20:47:16,whole_genome_v2_nov-11-2021.csv,Wormbase.ID
Mar-19-2024-08:34:53,whole_genome_v2_nov-11-2021.csv,Sequence.ID
Sep-18-2023-17:09:56,whole_genome_v2_nov-11-2021.csv,Wormbase.ID
Sep-25-2023-20:27:29,whole_genome_v2_nov-11-2021.csv,Wormbase.ID
Mar-09-2024-23:59:42,whole_genome_v2_nov-11-2021.csv,Wormbase.ID
Apr-10-2024-20:55:43,whole_genome_v2_nov-11-2021.csv,Wormbase.ID
Sep-27-2023-18:03:56,whole_genome_v2_nov-11-2021.csv,Wormbase.ID
Jun-12-2024-20:22:24,whole_genome_v2_nov-11-2021.csv,Sequence.ID
Feb-27-2024-14:47:09,whole_genome_v2_nov-11-2021.csv,Wormbase.ID
Sep-20-2024-14:15:01,whole_genome_v2_nov-11-2021.csv,Wormbase.ID
Oct-02-2023-06:03:29,whole_genome_v2_nov-11-2021.csv,Wormbase.ID
Mar-10-2024-22:55:03,whole_genome_v2_nov-11-2021.csv,Wormbase.ID
Oct-03-2023-20:26:55,whole_genome_v2_nov-11-2021.csv,Wormbase.ID
Jan-01-2024-05:32:25,whole_genome_v2_nov-11-2021.csv,Wormbase.ID
Apr-26-2024-18:53:51,whole_genome_v2_nov-11-2021.csv,Wormbase.ID
Aug-01-2024-14:36:11,whole_genome_v2_nov-11-2021.csv,Wormbase.ID
Dec-22-2023-16:52:03,whole_genome_v2_nov-11-2021.csv,Wormbase.ID
Dec-22-2023-16:51:54,whole_genome_v2_nov-11-2021.csv,Wormbase.ID
Sep-10-2023-12:00:10,whole_genome_v2_nov-11-2021.csv,Wormbase.ID
Jul-25-2024-18:54:46,whole_genome_v2_nov-11-2021.csv,Wormbase.ID
Sep-07-2023-14:28:41,whole_genome_v2_nov-11-2021.csv,Wormbase.ID
Aug-30-2023-16:05:16,whole_genome_v2_nov-11-2021.csv,Wormbase.ID
Apr-15-2024-03:14:01,whole_genome_v2_nov-11-2021.csv,Wormbase.ID
Sep-19-2023-18:19:27,whole_genome_v2_nov-11-2021.csv,Wormbase.ID
Feb-03-2024-18:48:16,whole_genome_v2_nov-11-2021.csv,Wormbase.ID
Sep-07-2023-10:18:12,whole_genome_v2_nov-11-2021.csv,Wormbase.ID
Aug-01-2024-15:32:52,whole_genome_v2_nov-11-2021.csv,Wormbase.ID
Aug-08-2023-19:53:44,whole_genome_v2_nov-11-2021.csv,Wormbase.ID
Aug-28-2024-17:32:05,whole_genome_v2_nov-11-2021.csv,Wormbase.ID
Aug-28-2024-17:30:34,whole_genome_v2_nov-11-2021.csv,Wormbase.ID
Oct-05-2023-18:50:57,whole_genome_v2_nov-11-2021.csv,Wormbase.ID
Dec-27-2023-05:38:27,whole_genome_v2_nov-11-2021.csv,Wormbase.ID
Mar-08-2024-21:23:27,whole_genome_v2_nov-11-2021.csv,Wormbase.ID
Feb-23-2024-15:30:04,whole_genome_v2_nov-11-2021.csv,Wormbase.ID
May-05-2024-23:37:14,whole_genome_v2_nov-11-2021.csv,Wormbase.ID
May-28-2024-14:34:31,whole_genome_v2_nov-11-2021.csv,Wormbase.ID
Sep-22-2023-00:32:00,whole_genome_v2_nov-11-2021.csv,Wormbase.ID
May-24-2024-13:43:13,whole_genome_v2_nov-11-2021.csv,Wormbase.ID
Oct-03-2023-20:51:24,whole_genome_v2_nov-11-2021.csv,Wormbase.ID
Mar-28-2024-13:57:55,whole_genome_v2_nov-11-2021.csv,Sequence.ID
Apr-01-2024-14:43:20,whole_genome_v2_nov-11-2021.csv,Wormbase.ID
Feb-13-2024-20:23:46,whole_genome_v2_nov-11-2021.csv,Wormbase.ID
Sep-23-2024-21:18:32,whole_genome_v2_nov-11-2021.csv,Wormbase.ID
Aug-08-2023-05:42:51,whole_genome_v2_nov-11-2021.csv,Wormbase.ID
Aug-08-2023-05:42:59,whole_genome_v2_nov-11-2021.csv,Wormbase.ID
Aug-08-2023-05:42:10,whole_genome_v2_nov-11-2021.csv,Wormbase.ID
Aug-08-2023-05:42:02,whole_genome_v2_nov-11-2021.csv,Wormbase.ID
Aug-08-2023-05:42:43,whole_genome_v2_nov-11-2021.csv,Wormbase.ID
Aug-08-2023-05:41:47,whole_genome_v2_nov-11-2021.csv,Wormbase.ID
Aug-08-2023-05:41:24,whole_genome_v2_nov-11-2021.csv,Wormbase.ID
Aug-08-2023-05:43:07,whole_genome_v2_nov-11-2021.csv,Wormbase.ID
Aug-08-2023-05:41:32,whole_genome_v2_nov-11-2021.csv,Wormbase.ID
Aug-08-2023-05:41:55,whole_genome_v2_nov-11-2021.csv,Wormbase.ID
Aug-08-2023-05:41:39,whole_genome_v2_nov-11-2021.csv,Wormbase.ID
Aug-08-2023-05:42:35,whole_genome_v2_nov-11-2021.csv,Wormbase.ID
Aug-08-2023-05:42:18,whole_genome_v2_nov-11-2021.csv,Wormbase.ID
Aug-08-2023-05:42:27,whole_genome_v2_nov-11-2021.csv,Wormbase.ID
Aug-08-2023-05:43:16,whole_genome_v2_nov-11-2021.csv,Wormbase.ID
Apr-12-2024-08:27:08,whole_genome_v2_nov-11-2021.csv,Wormbase.ID
Mar-01-2024-18:28:25,whole_genome_v2_nov-11-2021.csv,Wormbase.ID
Aug-30-2023-15:58:38,whole_genome_v2_nov-11-2021.csv,Wormbase.ID
Feb-20-2024-09:29:21,whole_genome_v2_nov-11-2021.csv,Wormbase.ID
Dec-28-2023-00:55:25,whole_genome_v2_nov-11-2021.csv,Wormbase.ID
Feb-09-2024-10:14:37,whole_genome_v2_nov-11-2021.csv,Wormbase.ID
Sep-11-2024-17:04:44,whole_genome_v2_nov-11-2021.csv,Wormbase.ID
Aug-29-2024-14:55:14,whole_genome_v2_nov-11-2021.csv,Wormbase.ID
Oct-24-2023-16:48:42,whole_genome_v2_nov-11-2021.csv,Wormbase.ID
Sep-10-2024-21:44:28,whole_genome_v2_nov-11-2021.csv,Wormbase.ID
Sep-10-2024-21:44:36,whole_genome_v2_nov-11-2021.csv,Wormbase.ID
Sep-10-2024-21:45:09,whole_genome_v2_nov-11-2021.csv,Wormbase.ID
Sep-10-2024-21:44:52,whole_genome_v2_nov-11-2021.csv,Wormbase.ID
Sep-10-2024-21:44:44,whole_genome_v2_nov-11-2021.csv,Wormbase.ID
Sep-10-2024-21:45:00,whole_genome_v2_nov-11-2021.csv,Wormbase.ID
Aug-28-2023-19:10:45,whole_genome_v2_nov-11-2021.csv,Wormbase.ID
Sep-18-2023-17:27:20,whole_genome_v2_nov-11-2021.csv,Wormbase.ID
Nov-16-2023-19:25:33,whole_genome_v2_nov-11-2021.csv,Sequence.ID
Sep-11-2024-16:54:55,ahringer_v2_nov-11-2021.csv,Sequence.ID
Nov-08-2023-00:24:23,whole_genome_v2_nov-11-2021.csv,Wormbase.ID
Aug-28-2024-18:44:28,whole_genome_v2_nov-11-2021.csv,Wormbase.ID
Feb-23-2024-17:38:13,whole_genome_v2_nov-11-2021.csv,Wormbase.ID
Oct-06-2023-11:59:45,whole_genome_v1_jul-03-2019.csv,Wormbase.ID
Apr-25-2024-09:59:30,whole_genome_v2_nov-11-2021.csv,Wormbase.ID
Jul-23-2024-23:18:51,whole_genome_v2_nov-11-2021.csv,Wormbase.ID
Jun-19-2024-13:36:28,whole_genome_v2_nov-11-2021.csv,Wormbase.ID
Apr-26-2024-03:02:37,whole_genome_v2_nov-11-2021.csv,Wormbase.ID
Feb-28-2024-18:34:04,whole_genome_v2_nov-11-2021.csv,Wormbase.ID
Oct-29-2023-16:04:47,whole_genome_v2_nov-11-2021.csv,Wormbase.ID
Aug-21-2024-20:53:19,whole_genome_v2_nov-11-2021.csv,Wormbase.ID
Apr-19-2024-03:47:38,whole_genome_v2_nov-11-2021.csv,Wormbase.ID
Mar-05-2024-19:46:30,whole_genome_v2_nov-11-2021.csv,Wormbase.ID
Feb-03-2024-19:50:03,whole_genome_v2_nov-11-2021.csv,Wormbase.ID
Feb-29-2024-10:46:58,whole_genome_v2_nov-11-2021.csv,Sequence.ID
Jun-23-2024-01:54:14,ahringer_v2_nov-11-2021.csv,Wormbase.ID
Mar-04-2024-13:33:32,whole_genome_v2_nov-11-2021.csv,Wormbase.ID
Jul-01-2024-12:50:23,whole_genome_v2_nov-11-2021.csv,Wormbase.ID
Aug-23-2024-07:50:09,whole_genome_v1_jul-03-2019.csv,Sequence.ID
Jun-25-2024-13:03:57,whole_genome_v2_nov-11-2021.csv,Sequence.ID
Feb-21-2024-16:01:29,whole_genome_v2_nov-11-2021.csv,Wormbase.ID
Aug-06-2024-22:18:57,whole_genome_v2_nov-11-2021.csv,Wormbase.ID
Feb-16-2024-20:02:41,whole_genome_v2_nov-11-2021.csv,Wormbase.ID
Jul-16-2024-16:13:19,whole_genome_v2_nov-11-2021.csv,Wormbase.ID
Jan-09-2024-23:41:41,whole_genome_v2_nov-11-2021.csv,Wormbase.ID
Feb-15-2024-09:27:55,whole_genome_v2_nov-11-2021.csv,Wormbase.ID
Aug-20-2023-07:37:36,whole_genome_v2_nov-11-2021.csv,Sequence.ID
Oct-12-2023-17:52:47,whole_genome_v2_nov-11-2021.csv,Wormbase.ID
Apr-23-2024-08:46:11,whole_genome_v2_nov-11-2021.csv,Wormbase.ID
Sep-12-2023-22:07:23,whole_genome_v2_nov-11-2021.csv,Wormbase.ID
May-05-2024-17:26:30,whole_genome_v2_nov-11-2021.csv,Wormbase.ID
Oct-15-2023-18:57:14,whole_genome_v2_nov-11-2021.csv,Sequence.ID
Jul-03-2024-18:15:26,whole_genome_v2_nov-11-2021.csv,Wormbase.ID
Dec-23-2023-15:23:00,whole_genome_v2_nov-11-2021.csv,Wormbase.ID
Jan-11-2024-19:57:11,whole_genome_v2_nov-11-2021.csv,Sequence.ID
Nov-23-2023-15:12:42,whole_genome_v2_nov-11-2021.csv,Wormbase.ID
Apr-15-2024-10:51:12,whole_genome_v2_nov-11-2021.csv,Wormbase.ID
Mar-27-2024-15:26:48,whole_genome_v2_nov-11-2021.csv,Wormbase.ID
Feb-05-2024-14:53:45,whole_genome_v2_nov-11-2021.csv,Wormbase.ID
Oct-06-2023-00:42:01,whole_genome_v2_nov-11-2021.csv,Wormbase.ID
Jan-12-2024-21:05:58,whole_genome_v2_nov-11-2021.csv,Wormbase.ID
Jun-16-2024-17:24:54,whole_genome_v2_nov-11-2021.csv,Wormbase.ID
Feb-27-2024-10:13:44,whole_genome_v2_nov-11-2021.csv,Wormbase.ID
May-29-2024-19:39:35,whole_genome_v2_nov-11-2021.csv,Wormbase.ID
Nov-09-2023-19:29:55,whole_genome_v2_nov-11-2021.csv,Wormbase.ID
Aug-21-2024-21:11:01,whole_genome_v2_nov-11-2021.csv,Wormbase.ID
Sep-25-2023-20:49:05,whole_genome_v2_nov-11-2021.csv,Wormbase.ID
Jan-18-2024-21:18:21,whole_genome_v2_nov-11-2021.csv,Wormbase.ID
Mar-25-2024-12:42:10,whole_genome_v2_nov-11-2021.csv,Wormbase.ID
Oct-10-2023-06:51:22,whole_genome_v2_nov-11-2021.csv,Sequence.ID
Feb-09-2024-10:19:49,whole_genome_v2_nov-11-2021.csv,Wormbase.ID
Nov-14-2023-16:25:15,whole_genome_v2_nov-11-2021.csv,Wormbase.ID
Oct-16-2024-12:41:06,whole_genome_v2_nov-11-2021.csv,Sequence.ID
May-02-2024-12:52:58,whole_genome_v2_nov-11-2021.csv,Wormbase.ID
May-14-2024-17:06:48,whole_genome_v2_nov-11-2021.csv,Sequence.ID
Aug-05-2024-03:53:47,whole_genome_v2_nov-11-2021.csv,Wormbase.ID
Jul-24-2024-13:24:28,whole_genome_v2_nov-11-2021.csv,Sequence.ID
Nov-06-2023-20:26:53,whole_genome_v2_nov-11-2021.csv,Wormbase.ID
Sep-06-2024-12:48:25,ahringer_v2_nov-11-2021.csv,Sequence.ID
Aug-26-2024-18:54:25,whole_genome_v2_nov-11-2021.csv,Wormbase.ID
Aug-25-2023-02:29:32,whole_genome_v2_nov-11-2021.csv,Wormbase.ID
Dec-28-2023-01:16:01,whole_genome_v2_nov-11-2021.csv,Wormbase.ID
Oct-11-2023-19:43:52,whole_genome_v2_nov-11-2021.csv,Sequence.ID
Jul-01-2024-16:54:44,whole_genome_v2_nov-11-2021.csv,Wormbase.ID
Aug-13-2024-15:08:03,whole_genome_v2_nov-11-2021.csv,Wormbase.ID
Apr-20-2024-01:29:42,whole_genome_v2_nov-11-2021.csv,Wormbase.ID
Mar-05-2024-21:30:19,whole_genome_v2_nov-11-2021.csv,Wormbase.ID
Mar-05-2024-21:31:00,whole_genome_v2_nov-11-2021.csv,Wormbase.ID
Mar-05-2024-21:30:44,whole_genome_v2_nov-11-2021.csv,Wormbase.ID
Mar-05-2024-21:30:52,whole_genome_v2_nov-11-2021.csv,Wormbase.ID
Mar-05-2024-21:31:17,whole_genome_v2_nov-11-2021.csv,Wormbase.ID
Mar-05-2024-21:30:35,whole_genome_v2_nov-11-2021.csv,Wormbase.ID
Mar-05-2024-21:31:08,whole_genome_v2_nov-11-2021.csv,Wormbase.ID
Mar-05-2024-21:30:27,whole_genome_v2_nov-11-2021.csv,Wormbase.ID
Nov-09-2023-18:47:54,whole_genome_v2_nov-11-2021.csv,Wormbase.ID
Dec-08-2023-18:30:12,whole_genome_v2_nov-11-2021.csv,Sequence.ID
Dec-13-2023-13:51:22,whole_genome_v2_nov-11-2021.csv,Wormbase.ID
Dec-12-2023-16:34:45,whole_genome_v2_nov-11-2021.csv,Wormbase.ID
Oct-12-2023-17:59:03,whole_genome_v2_nov-11-2021.csv,Wormbase.ID
Sep-20-2023-00:29:22,whole_genome_v2_nov-11-2021.csv,Wormbase.ID
Sep-27-2023-23:47:37,whole_genome_v2_nov-11-2021.csv,Wormbase.ID
Jul-22-2024-21:36:57,whole_genome_v2_nov-11-2021.csv,Wormbase.ID
Sep-29-2023-16:14:10,whole_genome_v2_nov-11-2021.csv,Wormbase.ID
Feb-14-2024-14:05:28,whole_genome_v2_nov-11-2021.csv,Wormbase.ID
Aug-16-2023-20:50:22,whole_genome_v2_nov-11-2021.csv,Wormbase.ID
Sep-14-2024-16:46:40,whole_genome_v2_nov-11-2021.csv,Wormbase.ID
Oct-03-2024-15:10:29,whole_genome_v2_nov-11-2021.csv,Sequence.ID
Jun-22-2024-18:00:39,whole_genome_v2_nov-11-2021.csv,Wormbase.ID
Jun-22-2024-18:00:07,whole_genome_v2_nov-11-2021.csv,Wormbase.ID
Jun-22-2024-17:59:57,whole_genome_v2_nov-11-2021.csv,Wormbase.ID
Jun-22-2024-18:00:17,whole_genome_v2_nov-11-2021.csv,Wormbase.ID
Jun-22-2024-18:00:27,whole_genome_v2_nov-11-2021.csv,Wormbase.ID
Jun-22-2024-18:00:48,whole_genome_v2_nov-11-2021.csv,Wormbase.ID
Mar-14-2024-15:07:55,whole_genome_v2_nov-11-2021.csv,Wormbase.ID
Jun-20-2024-21:24:49,whole_genome_v2_nov-11-2021.csv,Wormbase.ID
May-08-2024-13:01:15,whole_genome_v2_nov-11-2021.csv,Sequence.ID
Aug-09-2023-04:26:51,whole_genome_v2_nov-11-2021.csv,Wormbase.ID
Apr-16-2024-12:45:41,whole_genome_v2_nov-11-2021.csv,Wormbase.ID
Mar-28-2024-13:51:19,whole_genome_v2_nov-11-2021.csv,Wormbase.ID
Nov-29-2023-15:06:11,whole_genome_v2_nov-11-2021.csv,Wormbase.ID
Aug-28-2024-17:28:26,whole_genome_v2_nov-11-2021.csv,Wormbase.ID
Jul-19-2024-11:02:16,whole_genome_v2_nov-11-2021.csv,Wormbase.ID
Oct-06-2023-00:55:39,whole_genome_v2_nov-11-2021.csv,Wormbase.ID
Sep-19-2023-18:24:50,whole_genome_v2_nov-11-2021.csv,Wormbase.ID
May-03-2024-16:46:44,whole_genome_v2_nov-11-2021.csv,Wormbase.ID
Sep-13-2023-17:24:41,whole_genome_v2_nov-11-2021.csv,Wormbase.ID
Jul-29-2024-21:18:18,whole_genome_v2_nov-11-2021.csv,Wormbase.ID
Oct-02-2023-15:59:53,whole_genome_v2_nov-11-2021.csv,Wormbase.ID
Nov-21-2023-15:20:24,whole_genome_v2_nov-11-2021.csv,Wormbase.ID
Apr-01-2024-17:38:14,whole_genome_v2_nov-11-2021.csv,Wormbase.ID
Feb-02-2024-12:17:51,whole_genome_v2_nov-11-2021.csv,Wormbase.ID
Oct-15-2024-17:10:03,whole_genome_v2_nov-11-2021.csv,Sequence.ID
Aug-13-2024-01:45:21,whole_genome_v2_nov-11-2021.csv,Wormbase.ID
Feb-15-2024-16:11:54,whole_genome_v2_nov-11-2021.csv,Wormbase.ID
Sep-13-2023-16:01:21,whole_genome_v2_nov-11-2021.csv,Wormbase.ID
Sep-27-2024-09:42:47,whole_genome_v2_nov-11-2021.csv,Wormbase.ID
May-14-2024-15:55:37,whole_genome_v2_nov-11-2021.csv,Wormbase.ID
Sep-06-2023-05:15:32,whole_genome_v2_nov-11-2021.csv,Wormbase.ID
Aug-30-2024-08:13:21,whole_genome_v2_nov-11-2021.csv,Wormbase.ID
Jul-10-2024-07:19:20,whole_genome_v2_nov-11-2021.csv,Sequence.ID
Sep-19-2023-15:08:53,whole_genome_v2_nov-11-2021.csv,Wormbase.ID
Aug-13-2024-19:56:56,whole_genome_v2_nov-11-2021.csv,Wormbase.ID
Feb-09-2024-18:00:13,whole_genome_v2_nov-11-2021.csv,Wormbase.ID
Oct-31-2023-01:39:16,whole_genome_v2_nov-11-2021.csv,Wormbase.ID
Oct-08-2023-16:49:46,whole_genome_v2_nov-11-2021.csv,Sequence.ID
Feb-14-2024-21:33:10,whole_genome_v2_nov-11-2021.csv,Wormbase.ID
Apr-22-2024-22:24:37,whole_genome_v2_nov-11-2021.csv,Sequence.ID
Feb-17-2024-11:41:28,whole_genome_v2_nov-11-2021.csv,Wormbase.ID
Oct-02-2023-06:13:41,whole_genome_v2_nov-11-2021.csv,Wormbase.ID
Mar-25-2024-01:29:08,whole_genome_v2_nov-11-2021.csv,Wormbase.ID
Aug-06-2023-22:42:00,whole_genome_v2_nov-11-2021.csv,Wormbase.ID
Oct-03-2023-19:31:48,whole_genome_v2_nov-11-2021.csv,Wormbase.ID
Aug-09-2023-16:58:06,whole_genome_v2_nov-11-2021.csv,Wormbase.ID
Jul-29-2024-02:00:09,whole_genome_v2_nov-11-2021.csv,Wormbase.ID
May-23-2024-12:43:22,whole_genome_v2_nov-11-2021.csv,Wormbase.ID
Jul-03-2024-08:16:45,whole_genome_v2_nov-11-2021.csv,Wormbase.ID
Aug-19-2024-12:35:54,whole_genome_v2_nov-11-2021.csv,Sequence.ID
Sep-17-2024-09:35:34,whole_genome_v1_jul-03-2019.csv,Sequence.ID
Aug-12-2023-06:32:54,whole_genome_v2_nov-11-2021.csv,Sequence.ID
Jul-19-2024-12:24:54,whole_genome_v2_nov-11-2021.csv,Wormbase.ID
Aug-23-2023-06:31:20,whole_genome_v2_nov-11-2021.csv,Wormbase.ID
Apr-01-2024-11:42:33,whole_genome_v2_nov-11-2021.csv,Wormbase.ID
Apr-05-2024-07:45:10,whole_genome_v2_nov-11-2021.csv,Wormbase.ID
Jul-08-2024-18:19:25,whole_genome_v2_nov-11-2021.csv,Wormbase.ID
Oct-03-2024-11:01:39,whole_genome_v2_nov-11-2021.csv,Sequence.ID
Nov-09-2023-21:12:13,whole_genome_v2_nov-11-2021.csv,Wormbase.ID
Feb-21-2024-15:31:30,whole_genome_v2_nov-11-2021.csv,Wormbase.ID
Aug-11-2023-15:16:31,whole_genome_v2_nov-11-2021.csv,Sequence.ID
Jan-25-2024-18:56:19,whole_genome_v2_nov-11-2021.csv,Wormbase.ID
Feb-15-2024-21:23:10,whole_genome_v2_nov-11-2021.csv,Wormbase.ID
Dec-27-2023-16:46:21,whole_genome_v2_nov-11-2021.csv,Sequence.ID
Feb-08-2024-02:01:07,whole_genome_v2_nov-11-2021.csv,Wormbase.ID
Apr-26-2024-23:03:44,whole_genome_v2_nov-11-2021.csv,Wormbase.ID
Sep-03-2023-15:57:13,whole_genome_v1_jul-03-2019.csv,Wormbase.ID
Oct-03-2023-15:45:10,whole_genome_v2_nov-11-2021.csv,Sequence.ID
Aug-13-2024-03:30:56,whole_genome_v2_nov-11-2021.csv,Wormbase.ID
Feb-15-2024-12:17:24,whole_genome_v2_nov-11-2021.csv,Wormbase.ID
Feb-22-2024-17:04:09,whole_genome_v2_nov-11-2021.csv,Wormbase.ID
Oct-10-2024-16:56:52,whole_genome_v2_nov-11-2021.csv,Wormbase.ID
Mar-18-2024-15:52:23,whole_genome_v2_nov-11-2021.csv,Wormbase.ID
Mar-17-2024-06:55:06,whole_genome_v2_nov-11-2021.csv,Wormbase.ID
Feb-07-2024-21:03:28,whole_genome_v2_nov-11-2021.csv,Sequence.ID
Oct-07-2024-04:43:03,whole_genome_v2_nov-11-2021.csv,Wormbase.ID
Jan-08-2024-06:30:50,whole_genome_v2_nov-11-2021.csv,Wormbase.ID
Sep-15-2024-01:09:15,whole_genome_v2_nov-11-2021.csv,Wormbase.ID
Oct-01-2024-01:58:28,whole_genome_v2_nov-11-2021.csv,Sequence.ID
Jul-12-2024-16:06:12,whole_genome_v2_nov-11-2021.csv,Wormbase.ID
Aug-08-2023-09:36:34,whole_genome_v2_nov-11-2021.csv,Wormbase.ID
Sep-17-2024-08:23:03,whole_genome_v2_nov-11-2021.csv,Sequence.ID
Oct-18-2023-16:54:34,whole_genome_v2_nov-11-2021.csv,Wormbase.ID
Feb-08-2024-19:10:56,whole_genome_v2_nov-11-2021.csv,Wormbase.ID
Jan-09-2024-09:03:38,whole_genome_v2_nov-11-2021.csv,Wormbase.ID
Sep-19-2024-05:55:34,whole_genome_v2_nov-11-2021.csv,Wormbase.ID
May-09-2024-16:01:33,whole_genome_v2_nov-11-2021.csv,Wormbase.ID
Sep-06-2024-04:54:11,whole_genome_v2_nov-11-2021.csv,Wormbase.ID
Sep-13-2023-17:21:52,whole_genome_v2_nov-11-2021.csv,Wormbase.ID
May-06-2024-09:49:52,whole_genome_v2_nov-11-2021.csv,Wormbase.ID
Aug-13-2024-20:08:14,whole_genome_v2_nov-11-2021.csv,Wormbase.ID
Feb-23-2024-18:40:21,whole_genome_v2_nov-11-2021.csv,Wormbase.ID
Oct-12-2024-19:11:54,whole_genome_v2_nov-11-2021.csv,Wormbase.ID
Oct-03-2023-20:48:41,whole_genome_v2_nov-11-2021.csv,Wormbase.ID
Feb-15-2024-12:26:08,whole_genome_v2_nov-11-2021.csv,Wormbase.ID
Apr-12-2024-05:24:18,whole_genome_v2_nov-11-2021.csv,Sequence.ID
Oct-06-2023-17:34:59,whole_genome_v2_nov-11-2021.csv,Wormbase.ID
Sep-27-2023-16:07:20,whole_genome_v2_nov-11-2021.csv,Wormbase.ID
Sep-11-2024-16:53:22,whole_genome_v2_nov-11-2021.csv,Sequence.ID
Aug-22-2024-17:24:28,whole_genome_v1_jul-03-2019.csv,Sequence.ID
Sep-05-2023-07:14:34,whole_genome_v2_nov-11-2021.csv,Sequence.ID
Sep-19-2023-17:49:01,whole_genome_v2_nov-11-2021.csv,Wormbase.ID
Sep-18-2023-17:07:20,whole_genome_v2_nov-11-2021.csv,Sequence.ID
Oct-05-2023-20:15:09,whole_genome_v2_nov-11-2021.csv,Wormbase.ID
Feb-16-2024-20:36:58,whole_genome_v2_nov-11-2021.csv,Wormbase.ID
Oct-12-2023-17:49:07,whole_genome_v2_nov-11-2021.csv,Wormbase.ID
Aug-15-2023-14:11:13,whole_genome_v2_nov-11-2021.csv,Wormbase.ID
Aug-07-2023-14:20:46,whole_genome_v2_nov-11-2021.csv,Wormbase.ID
Feb-12-2024-11:38:01,whole_genome_v2_nov-11-2021.csv,Wormbase.ID
Feb-14-2024-16:12:35,whole_genome_v2_nov-11-2021.csv,Wormbase.ID
Apr-11-2024-03:29:44,whole_genome_v2_nov-11-2021.csv,Wormbase.ID
Sep-23-2024-19:08:21,whole_genome_v2_nov-11-2021.csv,Wormbase.ID
Oct-11-2023-18:31:14,whole_genome_v2_nov-11-2021.csv,Sequence.ID
Mar-01-2024-18:23:33,whole_genome_v2_nov-11-2021.csv,Wormbase.ID
Sep-13-2023-20:46:43,whole_genome_v2_nov-11-2021.csv,Wormbase.ID
Aug-14-2023-00:09:06,whole_genome_v2_nov-11-2021.csv,Wormbase.ID
Jan-18-2024-13:06:27,whole_genome_v2_nov-11-2021.csv,Sequence.ID
Sep-18-2023-16:43:27,whole_genome_v2_nov-11-2021.csv,Wormbase.ID
Aug-19-2024-16:57:35,whole_genome_v2_nov-11-2021.csv,Wormbase.ID
Nov-30-2023-10:59:16,whole_genome_v2_nov-11-2021.csv,Wormbase.ID
Apr-08-2024-03:40:31,whole_genome_v2_nov-11-2021.csv,Wormbase.ID
Aug-23-2024-03:26:20,whole_genome_v2_nov-11-2021.csv,Wormbase.ID
Jan-27-2024-18:49:08,whole_genome_v2_nov-11-2021.csv,Sequence.ID
Aug-07-2023-22:20:34,whole_genome_v2_nov-11-2021.csv,Wormbase.ID
Oct-09-2024-06:38:37,whole_genome_v2_nov-11-2021.csv,Wormbase.ID
Apr-15-2024-03:10:40,whole_genome_v2_nov-11-2021.csv,Wormbase.ID
Aug-17-2023-20:38:27,whole_genome_v2_nov-11-2021.csv,Wormbase.ID
Jan-19-2024-16:04:51,whole_genome_v2_nov-11-2021.csv,Wormbase.ID
Nov-13-2023-00:33:49,whole_genome_v2_nov-11-2021.csv,Wormbase.ID
Jul-30-2024-20:25:22,whole_genome_v2_nov-11-2021.csv,Wormbase.ID
Sep-29-2023-16:36:39,whole_genome_v2_nov-11-2021.csv,Wormbase.ID
May-23-2024-19:27:55,whole_genome_v2_nov-11-2021.csv,Wormbase.ID
Apr-21-2024-14:56:44,whole_genome_v2_nov-11-2021.csv,Wormbase.ID
Sep-14-2024-22:43:44,whole_genome_v2_nov-11-2021.csv,Wormbase.ID
Oct-02-2023-12:31:26,whole_genome_v2_nov-11-2021.csv,Wormbase.ID
Oct-14-2024-18:34:12,whole_genome_v2_nov-11-2021.csv,Wormbase.ID
Sep-20-2023-17:32:02,whole_genome_v2_nov-11-2021.csv,Wormbase.ID
Jun-24-2024-09:59:06,whole_genome_v2_nov-11-2021.csv,Wormbase.ID
Aug-02-2024-14:05:44,whole_genome_v2_nov-11-2021.csv,Wormbase.ID
Oct-03-2023-14:27:33,whole_genome_v2_nov-11-2021.csv,Wormbase.ID
Aug-27-2023-21:15:20,ORF_only_v2_nov-11-2021.csv,Wormbase.ID
Sep-23-2024-17:02:08,whole_genome_v2_nov-11-2021.csv,Wormbase.ID
Jul-18-2024-18:53:16,whole_genome_v2_nov-11-2021.csv,Wormbase.ID
Jan-24-2024-02:51:59,whole_genome_v2_nov-11-2021.csv,Wormbase.ID
Feb-23-2024-16:17:07,whole_genome_v2_nov-11-2021.csv,Wormbase.ID
Jun-03-2024-20:50:43,whole_genome_v2_nov-11-2021.csv,Wormbase.ID
May-08-2024-21:29:28,whole_genome_v2_nov-11-2021.csv,Wormbase.ID
Dec-23-2023-19:10:23,whole_genome_v2_nov-11-2021.csv,Wormbase.ID
Feb-05-2024-11:51:25,whole_genome_v2_nov-11-2021.csv,Sequence.ID
Aug-23-2024-19:30:29,whole_genome_v2_nov-11-2021.csv,Wormbase.ID
Oct-10-2024-17:26:00,whole_genome_v2_nov-11-2021.csv,Wormbase.ID
Dec-05-2023-20:35:54,whole_genome_v2_nov-11-2021.csv,Wormbase.ID
Nov-02-2023-16:33:02,whole_genome_v2_nov-11-2021.csv,Wormbase.ID
Oct-02-2023-13:55:34,whole_genome_v2_nov-11-2021.csv,Wormbase.ID
Oct-18-2023-17:27:52,whole_genome_v2_nov-11-2021.csv,Wormbase.ID
Oct-20-2023-03:29:01,whole_genome_v2_nov-11-2021.csv,Wormbase.ID
Mar-20-2024-13:07:20,whole_genome_v2_nov-11-2021.csv,Sequence.ID
Oct-02-2023-13:51:44,whole_genome_v2_nov-11-2021.csv,Wormbase.ID
Nov-20-2023-19:02:57,whole_genome_v2_nov-11-2021.csv,Wormbase.ID
Dec-12-2023-16:31:14,whole_genome_v2_nov-11-2021.csv,Wormbase.ID
Sep-13-2023-20:56:43,whole_genome_v2_nov-11-2021.csv,Wormbase.ID
Feb-28-2024-09:06:25,whole_genome_v2_nov-11-2021.csv,Wormbase.ID
Sep-16-2024-18:54:40,whole_genome_v2_nov-11-2021.csv,Sequence.ID
Jan-12-2024-18:07:36,whole_genome_v2_nov-11-2021.csv,Wormbase.ID
Sep-19-2023-17:55:23,whole_genome_v2_nov-11-2021.csv,Wormbase.ID
Sep-27-2023-16:28:13,whole_genome_v2_nov-11-2021.csv,Wormbase.ID
Sep-17-2024-15:07:47,whole_genome_v2_nov-11-2021.csv,Wormbase.ID
Sep-14-2023-22:51:42,whole_genome_v2_nov-11-2021.csv,Sequence.ID
Jun-29-2024-23:47:00,whole_genome_v2_nov-11-2021.csv,Wormbase.ID
Aug-13-2024-12:49:42,whole_genome_v2_nov-11-2021.csv,Wormbase.ID
Nov-26-2023-20:23:22,whole_genome_v2_nov-11-2021.csv,Wormbase.ID
Mar-04-2024-18:09:09,whole_genome_v2_nov-11-2021.csv,Wormbase.ID
Aug-28-2024-17:40:07,whole_genome_v2_nov-11-2021.csv,Wormbase.ID
Mar-28-2024-12:42:09,whole_genome_v2_nov-11-2021.csv,Sequence.ID
Sep-09-2023-17:35:22,whole_genome_v2_nov-11-2021.csv,Wormbase.ID
Aug-28-2024-17:21:54,whole_genome_v2_nov-11-2021.csv,Wormbase.ID
Apr-25-2024-03:21:04,whole_genome_v2_nov-11-2021.csv,Sequence.ID
Nov-21-2023-08:53:30,whole_genome_v2_nov-11-2021.csv,Sequence.ID
Oct-06-2023-01:01:46,whole_genome_v2_nov-11-2021.csv,Wormbase.ID
Sep-29-2023-18:19:10,whole_genome_v2_nov-11-2021.csv,Wormbase.ID
Mar-18-2024-10:31:27,whole_genome_v1_jul-03-2019.csv,Sequence.ID
Jan-30-2024-01:28:30,whole_genome_v2_nov-11-2021.csv,Sequence.ID
Oct-17-2024-10:05:20,whole_genome_v2_nov-11-2021.csv,Wormbase.ID
Jan-24-2024-19:47:52,whole_genome_v2_nov-11-2021.csv,Sequence.ID
Feb-27-2024-09:37:39,whole_genome_v2_nov-11-2021.csv,Wormbase.ID
May-26-2024-12:56:04,whole_genome_v2_nov-11-2021.csv,Wormbase.ID
Mar-07-2024-00:43:22,whole_genome_v2_nov-11-2021.csv,Wormbase.ID
Aug-01-2024-19:27:18,whole_genome_v2_nov-11-2021.csv,Wormbase.ID
Feb-17-2024-16:04:34,whole_genome_v2_nov-11-2021.csv,Wormbase.ID
Jun-03-2024-09:22:04,whole_genome_v2_nov-11-2021.csv,Wormbase.ID
Jun-03-2024-14:08:39,whole_genome_v2_nov-11-2021.csv,Wormbase.ID
Oct-07-2024-21:46:58,whole_genome_v2_nov-11-2021.csv,Wormbase.ID
Aug-19-2023-07:59:27,whole_genome_v2_nov-11-2021.csv,Wormbase.ID
Aug-12-2024-16:42:50,whole_genome_v2_nov-11-2021.csv,Wormbase.ID
Feb-15-2024-12:29:42,whole_genome_v2_nov-11-2021.csv,Sequence.ID
Dec-13-2023-17:39:35,whole_genome_v2_nov-11-2021.csv,Wormbase.ID
Jun-11-2024-22:00:11,whole_genome_v2_nov-11-2021.csv,Wormbase.ID
Jul-19-2024-07:11:21,whole_genome_v2_nov-11-2021.csv,Sequence.ID
Feb-08-2024-17:33:31,whole_genome_v2_nov-11-2021.csv,Wormbase.ID
Aug-16-2023-06:41:51,whole_genome_v2_nov-11-2021.csv,Wormbase.ID
Jan-18-2024-16:57:22,whole_genome_v2_nov-11-2021.csv,Wormbase.ID
Sep-18-2023-18:12:00,whole_genome_v2_nov-11-2021.csv,Sequence.ID
Dec-27-2023-04:20:34,whole_genome_v2_nov-11-2021.csv,Wormbase.ID
Feb-02-2024-01:45:35,whole_genome_v2_nov-11-2021.csv,Wormbase.ID
Nov-14-2023-09:51:02,whole_genome_v2_nov-11-2021.csv,Wormbase.ID
Apr-18-2024-07:15:26,whole_genome_v2_nov-11-2021.csv,Wormbase.ID
Mar-29-2024-23:28:42,whole_genome_v2_nov-11-2021.csv,Wormbase.ID
Aug-27-2024-18:34:46,whole_genome_v2_nov-11-2021.csv,Wormbase.ID
Sep-19-2024-18:28:27,whole_genome_v2_nov-11-2021.csv,Wormbase.ID
Apr-11-2024-03:47:46,whole_genome_v2_nov-11-2021.csv,Wormbase.ID
Aug-03-2024-18:37:52,whole_genome_v2_nov-11-2021.csv,Wormbase.ID
Aug-29-2024-15:08:31,whole_genome_v2_nov-11-2021.csv,Wormbase.ID
Dec-13-2023-10:08:55,whole_genome_v2_nov-11-2021.csv,Sequence.ID
Jul-10-2024-14:18:43,whole_genome_v2_nov-11-2021.csv,Wormbase.ID
Feb-15-2024-22:51:24,whole_genome_v2_nov-11-2021.csv,Wormbase.ID
Feb-28-2024-13:26:05,whole_genome_v2_nov-11-2021.csv,Wormbase.ID
Feb-13-2024-14:08:07,whole_genome_v2_nov-11-2021.csv,Sequence.ID
Apr-18-2024-20:41:11,whole_genome_v2_nov-11-2021.csv,Wormbase.ID
Oct-09-2024-14:38:01,whole_genome_v2_nov-11-2021.csv,Wormbase.ID
Jul-25-2024-19:44:26,whole_genome_v2_nov-11-2021.csv,Wormbase.ID
Mar-28-2024-14:22:45,whole_genome_v2_nov-11-2021.csv,Sequence.ID
Sep-13-2023-19:54:18,whole_genome_v2_nov-11-2021.csv,Wormbase.ID
Aug-14-2023-16:52:46,whole_genome_v2_nov-11-2021.csv,Wormbase.ID
Apr-15-2024-02:46:18,whole_genome_v2_nov-11-2021.csv,Wormbase.ID
Nov-17-2023-15:00:31,whole_genome_v2_nov-11-2021.csv,Wormbase.ID
Feb-29-2024-18:26:56,whole_genome_v2_nov-11-2021.csv,Wormbase.ID
Sep-18-2023-17:14:04,whole_genome_v2_nov-11-2021.csv,Wormbase.ID
Apr-19-2024-17:43:45,whole_genome_v2_nov-11-2021.csv,Wormbase.ID
Jun-13-2024-14:27:33,whole_genome_v2_nov-11-2021.csv,Sequence.ID
Dec-15-2023-19:16:17,whole_genome_v2_nov-11-2021.csv,Wormbase.ID
Sep-20-2024-18:05:24,whole_genome_v2_nov-11-2021.csv,Sequence.ID
Jul-12-2024-15:37:04,whole_genome_v2_nov-11-2021.csv,Wormbase.ID
Aug-22-2023-02:00:09,whole_genome_v2_nov-11-2021.csv,Wormbase.ID
Aug-28-2024-17:29:19,whole_genome_v2_nov-11-2021.csv,Wormbase.ID
Feb-15-2024-12:28:00,whole_genome_v2_nov-11-2021.csv,Sequence.ID
Feb-29-2024-10:04:11,whole_genome_v2_nov-11-2021.csv,Sequence.ID
Sep-27-2023-17:30:06,whole_genome_v2_nov-11-2021.csv,Wormbase.ID
Mar-01-2024-18:27:45,whole_genome_v2_nov-11-2021.csv,Wormbase.ID
Oct-04-2023-15:33:13,whole_genome_v2_nov-11-2021.csv,Sequence.ID
Dec-05-2023-02:43:09,whole_genome_v2_nov-11-2021.csv,Wormbase.ID
Oct-08-2024-22:25:46,whole_genome_v2_nov-11-2021.csv,Wormbase.ID
Dec-05-2023-18:48:53,whole_genome_v2_nov-11-2021.csv,Wormbase.ID
Sep-15-2023-10:03:37,whole_genome_v2_nov-11-2021.csv,Wormbase.ID
Aug-28-2024-17:26:03,whole_genome_v2_nov-11-2021.csv,Wormbase.ID
Apr-16-2024-17:09:55,whole_genome_v2_nov-11-2021.csv,Sequence.ID
May-04-2024-22:00:11,whole_genome_v2_nov-11-2021.csv,Sequence.ID
Jul-28-2024-04:13:44,whole_genome_v2_nov-11-2021.csv,Wormbase.ID
Aug-28-2023-19:25:18,whole_genome_v2_nov-11-2021.csv,Wormbase.ID
Dec-08-2023-10:27:04,whole_genome_v2_nov-11-2021.csv,Wormbase.ID
Jun-04-2024-09:49:00,whole_genome_v2_nov-11-2021.csv,Wormbase.ID
Aug-16-2023-15:19:01,whole_genome_v2_nov-11-2021.csv,Wormbase.ID
Oct-01-2024-18:27:56,whole_genome_v2_nov-11-2021.csv,Wormbase.ID
Dec-14-2023-12:03:31,whole_genome_v2_nov-11-2021.csv,Wormbase.ID
Oct-03-2024-15:57:14,whole_genome_v2_nov-11-2021.csv,Wormbase.ID
Aug-09-2023-04:20:39,whole_genome_v2_nov-11-2021.csv,Wormbase.ID
Aug-08-2023-09:51:27,whole_genome_v2_nov-11-2021.csv,Wormbase.ID
Apr-15-2024-07:10:32,whole_genome_v2_nov-11-2021.csv,Wormbase.ID
Nov-20-2023-16:36:12,whole_genome_v2_nov-11-2021.csv,Wormbase.ID
Aug-16-2024-11:26:32,whole_genome_v2_nov-11-2021.csv,Sequence.ID
Sep-26-2024-15:17:57,whole_genome_v2_nov-11-2021.csv,Wormbase.ID
Jan-08-2024-06:30:46,whole_genome_v2_nov-11-2021.csv,Wormbase.ID
Jul-31-2024-13:17:02,whole_genome_v2_nov-11-2021.csv,Wormbase.ID
Oct-08-2023-16:45:16,whole_genome_v2_nov-11-2021.csv,Sequence.ID
Oct-10-2024-16:59:20,whole_genome_v2_nov-11-2021.csv,Wormbase.ID
Jul-24-2024-18:06:17,whole_genome_v2_nov-11-2021.csv,Wormbase.ID
Aug-17-2024-18:39:57,whole_genome_v2_nov-11-2021.csv,Wormbase.ID
Mar-27-2024-15:29:11,whole_genome_v2_nov-11-2021.csv,Wormbase.ID
Jun-11-2024-22:05:14,whole_genome_v2_nov-11-2021.csv,Wormbase.ID
May-31-2024-17:35:12,whole_genome_v2_nov-11-2021.csv,Wormbase.ID
Jun-20-2024-19:02:44,whole_genome_v2_nov-11-2021.csv,Wormbase.ID
Apr-10-2024-17:02:07,whole_genome_v2_nov-11-2021.csv,Wormbase.ID
Apr-26-2024-06:49:16,whole_genome_v2_nov-11-2021.csv,Wormbase.ID
Jan-11-2024-16:31:57,whole_genome_v2_nov-11-2021.csv,Wormbase.ID
Aug-22-2023-18:45:25,whole_genome_v2_nov-11-2021.csv,Wormbase.ID
Sep-11-2023-06:04:05,whole_genome_v2_nov-11-2021.csv,Wormbase.ID
Nov-20-2023-07:15:45,whole_genome_v2_nov-11-2021.csv,Sequence.ID
Aug-19-2024-18:20:37,whole_genome_v2_nov-11-2021.csv,Sequence.ID
Mar-08-2024-21:44:58,whole_genome_v2_nov-11-2021.csv,Wormbase.ID
Apr-08-2024-18:48:10,whole_genome_v2_nov-11-2021.csv,Wormbase.ID
Nov-24-2023-21:16:02,ORF_only_v2_nov-11-2021.csv,Sequence.ID
Jan-22-2024-13:46:51,whole_genome_v2_nov-11-2021.csv,Sequence.ID
Sep-27-2023-16:40:25,whole_genome_v2_nov-11-2021.csv,Wormbase.ID
Oct-10-2023-22:29:42,whole_genome_v2_nov-11-2021.csv,Wormbase.ID
Apr-01-2024-18:04:02,whole_genome_v2_nov-11-2021.csv,Wormbase.ID
Feb-29-2024-18:00:11,whole_genome_v2_nov-11-2021.csv,Wormbase.ID
Jan-01-2024-22:05:09,whole_genome_v2_nov-11-2021.csv,Wormbase.ID
Dec-30-2023-22:23:32,whole_genome_v2_nov-11-2021.csv,Wormbase.ID
Jul-19-2024-12:38:00,whole_genome_v2_nov-11-2021.csv,Wormbase.ID
Mar-25-2024-12:47:42,whole_genome_v2_nov-11-2021.csv,Wormbase.ID
Sep-28-2024-22:44:52,whole_genome_v2_nov-11-2021.csv,Wormbase.ID
Aug-17-2023-21:49:58,whole_genome_v2_nov-11-2021.csv,Wormbase.ID
Feb-03-2024-18:34:05,whole_genome_v2_nov-11-2021.csv,Wormbase.ID
Nov-08-2023-10:03:20,whole_genome_v2_nov-11-2021.csv,Wormbase.ID
Aug-31-2023-22:39:33,whole_genome_v2_nov-11-2021.csv,Wormbase.ID
Mar-27-2024-15:18:00,whole_genome_v2_nov-11-2021.csv,Wormbase.ID
Dec-18-2023-08:00:20,whole_genome_v2_nov-11-2021.csv,Sequence.ID
Aug-30-2023-19:47:48,whole_genome_v2_nov-11-2021.csv,Wormbase.ID
Aug-28-2024-21:50:45,whole_genome_v2_nov-11-2021.csv,Wormbase.ID
Jul-30-2024-21:14:06,whole_genome_v2_nov-11-2021.csv,Wormbase.ID
Sep-18-2023-17:27:15,whole_genome_v2_nov-11-2021.csv,Sequence.ID
Aug-24-2024-18:21:10,whole_genome_v2_nov-11-2021.csv,Wormbase.ID
Jul-02-2024-07:13:07,whole_genome_v2_nov-11-2021.csv,Wormbase.ID
Sep-10-2024-19:31:10,whole_genome_v2_nov-11-2021.csv,Wormbase.ID
Sep-10-2024-19:31:19,whole_genome_v2_nov-11-2021.csv,Wormbase.ID
Sep-10-2024-19:31:51,whole_genome_v2_nov-11-2021.csv,Wormbase.ID
Sep-10-2024-19:31:35,whole_genome_v2_nov-11-2021.csv,Wormbase.ID
Sep-10-2024-19:31:27,whole_genome_v2_nov-11-2021.csv,Wormbase.ID
Sep-10-2024-19:31:43,whole_genome_v2_nov-11-2021.csv,Wormbase.ID
Sep-14-2024-23:13:58,whole_genome_v2_nov-11-2021.csv,Wormbase.ID
Jun-04-2024-19:57:14,whole_genome_v2_nov-11-2021.csv,Wormbase.ID
Jul-25-2024-11:11:58,whole_genome_v2_nov-11-2021.csv,Wormbase.ID
Nov-30-2023-11:34:08,whole_genome_v2_nov-11-2021.csv,Wormbase.ID
Mar-15-2024-19:49:42,whole_genome_v2_nov-11-2021.csv,Wormbase.ID
Feb-08-2024-16:05:01,whole_genome_v2_nov-11-2021.csv,Sequence.ID
Mar-01-2024-16:55:47,whole_genome_v2_nov-11-2021.csv,Sequence.ID
Jun-20-2024-19:46:41,whole_genome_v2_nov-11-2021.csv,Wormbase.ID
Aug-28-2024-18:20:54,whole_genome_v2_nov-11-2021.csv,Wormbase.ID
Aug-13-2024-20:18:06,whole_genome_v2_nov-11-2021.csv,Wormbase.ID
Sep-18-2023-17:26:32,whole_genome_v2_nov-11-2021.csv,Wormbase.ID
Dec-05-2023-18:04:47,whole_genome_v2_nov-11-2021.csv,Wormbase.ID
May-05-2024-16:47:16,whole_genome_v2_nov-11-2021.csv,Wormbase.ID
Aug-30-2024-08:34:47,whole_genome_v2_nov-11-2021.csv,Wormbase.ID
Aug-16-2023-20:33:26,whole_genome_v2_nov-11-2021.csv,Wormbase.ID
Apr-19-2024-01:04:50,whole_genome_v2_nov-11-2021.csv,Wormbase.ID
Sep-22-2023-20:28:41,whole_genome_v2_nov-11-2021.csv,Wormbase.ID
Dec-05-2023-02:23:44,whole_genome_v2_nov-11-2021.csv,Wormbase.ID
Oct-02-2023-15:36:42,whole_genome_v2_nov-11-2021.csv,Wormbase.ID
Sep-18-2023-17:28:38,whole_genome_v2_nov-11-2021.csv,Wormbase.ID
Aug-17-2023-03:47:40,whole_genome_v2_nov-11-2021.csv,Wormbase.ID
Sep-18-2023-17:37:23,whole_genome_v2_nov-11-2021.csv,Sequence.ID
Dec-30-2023-06:46:49,whole_genome_v2_nov-11-2021.csv,Wormbase.ID
Sep-27-2023-22:57:03,whole_genome_v2_nov-11-2021.csv,Wormbase.ID
Oct-08-2023-11:23:46,whole_genome_v2_nov-11-2021.csv,Wormbase.ID
Jul-26-2024-07:08:32,whole_genome_v2_nov-11-2021.csv,Wormbase.ID
Aug-30-2024-19:02:07,whole_genome_v2_nov-11-2021.csv,Wormbase.ID
Aug-28-2024-17:18:15,whole_genome_v2_nov-11-2021.csv,Wormbase.ID
Sep-19-2023-17:36:07,whole_genome_v2_nov-11-2021.csv,Wormbase.ID
Apr-01-2024-17:49:04,whole_genome_v2_nov-11-2021.csv,Sequence.ID
Sep-13-2024-14:02:28,whole_genome_v2_nov-11-2021.csv,Wormbase.ID
Nov-30-2023-12:57:26,whole_genome_v2_nov-11-2021.csv,Wormbase.ID
Sep-17-2024-18:08:12,whole_genome_v2_nov-11-2021.csv,Wormbase.ID
Feb-14-2024-11:05:35,whole_genome_v2_nov-11-2021.csv,Wormbase.ID
Oct-04-2023-23:34:15,whole_genome_v2_nov-11-2021.csv,Wormbase.ID
Jun-03-2024-16:08:04,whole_genome_v2_nov-11-2021.csv,Wormbase.ID
Feb-16-2024-14:49:42,whole_genome_v2_nov-11-2021.csv,Sequence.ID
Nov-30-2023-18:23:19,whole_genome_v2_nov-11-2021.csv,Wormbase.ID
Mar-01-2024-18:24:25,whole_genome_v2_nov-11-2021.csv,Wormbase.ID
Feb-29-2024-23:41:43,whole_genome_v2_nov-11-2021.csv,Wormbase.ID
Feb-16-2024-15:04:14,whole_genome_v2_nov-11-2021.csv,Sequence.ID
Mar-14-2024-13:57:51,whole_genome_v2_nov-11-2021.csv,Wormbase.ID
Aug-20-2023-18:59:43,whole_genome_v2_nov-11-2021.csv,Wormbase.ID
Aug-22-2024-17:21:37,whole_genome_v1_jul-03-2019.csv,Sequence.ID
Dec-27-2023-17:11:26,whole_genome_v2_nov-11-2021.csv,Wormbase.ID
Nov-14-2023-16:14:58,whole_genome_v2_nov-11-2021.csv,Wormbase.ID
Sep-18-2024-08:55:31,whole_genome_v2_nov-11-2021.csv,Wormbase.ID
Jul-03-2024-15:36:57,whole_genome_v2_nov-11-2021.csv,Sequence.ID
Aug-29-2024-15:06:44,whole_genome_v2_nov-11-2021.csv,Wormbase.ID
Aug-06-2024-14:17:04,whole_genome_v2_nov-11-2021.csv,Wormbase.ID
Nov-09-2023-21:09:53,whole_genome_v2_nov-11-2021.csv,Wormbase.ID
Mar-27-2024-15:19:33,whole_genome_v2_nov-11-2021.csv,Wormbase.ID
Jul-28-2024-16:43:02,whole_genome_v2_nov-11-2021.csv,Wormbase.ID
Jul-15-2024-13:10:56,whole_genome_v1_jul-03-2019.csv,Sequence.ID
Feb-09-2024-10:24:51,whole_genome_v2_nov-11-2021.csv,Wormbase.ID
May-03-2024-16:47:36,whole_genome_v2_nov-11-2021.csv,Sequence.ID
May-31-2024-15:30:10,whole_genome_v2_nov-11-2021.csv,Wormbase.ID
Jun-24-2024-15:35:33,whole_genome_v2_nov-11-2021.csv,Wormbase.ID
Mar-02-2024-00:24:57,whole_genome_v2_nov-11-2021.csv,Wormbase.ID
Jun-05-2024-01:23:18,whole_genome_v2_nov-11-2021.csv,Sequence.ID
Feb-05-2024-14:54:42,whole_genome_v2_nov-11-2021.csv,Wormbase.ID
Sep-06-2024-17:56:51,whole_genome_v2_nov-11-2021.csv,Wormbase.ID
Mar-25-2024-07:41:21,whole_genome_v2_nov-11-2021.csv,Sequence.ID
Oct-01-2024-15:40:24,whole_genome_v2_nov-11-2021.csv,Sequence.ID
Jul-20-2024-01:43:24,whole_genome_v2_nov-11-2021.csv,Sequence.ID
Apr-23-2024-00:25:00,whole_genome_v2_nov-11-2021.csv,Wormbase.ID
Apr-22-2024-20:48:39,whole_genome_v2_nov-11-2021.csv,Wormbase.ID
Aug-28-2024-04:19:53,whole_genome_v2_nov-11-2021.csv,Wormbase.ID
Mar-07-2024-00:42:18,whole_genome_v2_nov-11-2021.csv,Wormbase.ID
Sep-04-2023-13:40:24,whole_genome_v2_nov-11-2021.csv,Wormbase.ID
May-28-2024-14:56:08,whole_genome_v2_nov-11-2021.csv,Wormbase.ID
Aug-28-2024-19:06:57,whole_genome_v2_nov-11-2021.csv,Wormbase.ID
Jul-02-2024-20:46:43,whole_genome_v2_nov-11-2021.csv,Wormbase.ID
Jun-25-2024-12:24:20,whole_genome_v2_nov-11-2021.csv,Sequence.ID
Oct-10-2024-16:44:09,whole_genome_v2_nov-11-2021.csv,Wormbase.ID
Oct-02-2023-06:07:07,whole_genome_v2_nov-11-2021.csv,Wormbase.ID
Dec-04-2023-14:40:00,whole_genome_v2_nov-11-2021.csv,Wormbase.ID
Aug-28-2023-16:04:46,whole_genome_v2_nov-11-2021.csv,Wormbase.ID
Nov-30-2023-11:59:51,whole_genome_v2_nov-11-2021.csv,Wormbase.ID
Sep-18-2023-17:37:15,whole_genome_v2_nov-11-2021.csv,Sequence.ID
Feb-15-2024-09:25:30,whole_genome_v2_nov-11-2021.csv,Wormbase.ID
May-08-2024-14:29:48,whole_genome_v2_nov-11-2021.csv,Wormbase.ID
Apr-09-2024-10:09:38,ORF_only_v2_nov-11-2021.csv,Wormbase.ID
Mar-19-2024-15:31:04,whole_genome_v2_nov-11-2021.csv,Wormbase.ID
Jan-04-2024-07:20:42,whole_genome_v2_nov-11-2021.csv,Wormbase.ID
May-05-2024-23:02:16,whole_genome_v2_nov-11-2021.csv,Wormbase.ID
Jan-28-2024-23:20:34,whole_genome_v2_nov-11-2021.csv,Wormbase.ID
Sep-25-2023-15:05:17,whole_genome_v2_nov-11-2021.csv,Wormbase.ID
Aug-28-2024-17:12:10,whole_genome_v2_nov-11-2021.csv,Wormbase.ID
Aug-05-2024-18:09:33,whole_genome_v2_nov-11-2021.csv,Sequence.ID
Feb-28-2024-14:28:17,whole_genome_v2_nov-11-2021.csv,Sequence.ID
Jul-25-2024-23:39:30,whole_genome_v2_nov-11-2021.csv,Sequence.ID
Jun-29-2024-12:11:49,whole_genome_v2_nov-11-2021.csv,Sequence.ID
Aug-13-2024-13:47:26,whole_genome_v2_nov-11-2021.csv,Wormbase.ID
Sep-30-2024-06:52:55,whole_genome_v2_nov-11-2021.csv,Wormbase.ID
Jan-14-2024-22:32:20,whole_genome_v2_nov-11-2021.csv,Wormbase.ID
Jun-12-2024-15:58:10,whole_genome_v2_nov-11-2021.csv,Sequence.ID
Sep-21-2023-18:09:32,whole_genome_v2_nov-11-2021.csv,Wormbase.ID
Apr-26-2024-12:16:38,whole_genome_v2_nov-11-2021.csv,Wormbase.ID
Nov-21-2023-15:45:35,whole_genome_v2_nov-11-2021.csv,Wormbase.ID
Nov-21-2023-15:45:44,whole_genome_v2_nov-11-2021.csv,Wormbase.ID
Nov-21-2023-15:45:27,whole_genome_v2_nov-11-2021.csv,Wormbase.ID
Nov-21-2023-15:45:52,whole_genome_v2_nov-11-2021.csv,Wormbase.ID
Dec-01-2023-15:30:46,whole_genome_v2_nov-11-2021.csv,Wormbase.ID
Oct-10-2023-22:59:50,whole_genome_v2_nov-11-2021.csv,Sequence.ID
Jun-19-2024-17:06:59,whole_genome_v2_nov-11-2021.csv,Wormbase.ID
Aug-20-2024-16:58:30,whole_genome_v2_nov-11-2021.csv,Wormbase.ID
Jun-14-2024-15:21:29,whole_genome_v2_nov-11-2021.csv,Wormbase.ID
May-14-2024-15:33:08,whole_genome_v2_nov-11-2021.csv,Wormbase.ID
Apr-30-2024-00:41:33,whole_genome_v2_nov-11-2021.csv,Wormbase.ID
Oct-15-2023-12:53:00,whole_genome_v2_nov-11-2021.csv,Sequence.ID
Jul-25-2024-19:34:50,whole_genome_v2_nov-11-2021.csv,Wormbase.ID
Mar-25-2024-08:57:05,whole_genome_v2_nov-11-2021.csv,Sequence.ID
Aug-14-2023-00:06:33,whole_genome_v2_nov-11-2021.csv,Wormbase.ID
Jul-22-2024-01:50:49,whole_genome_v2_nov-11-2021.csv,Wormbase.ID
Aug-28-2024-18:16:39,whole_genome_v2_nov-11-2021.csv,Wormbase.ID
Dec-05-2023-20:36:17,whole_genome_v2_nov-11-2021.csv,Wormbase.ID
May-05-2024-17:19:45,whole_genome_v2_nov-11-2021.csv,Wormbase.ID
Sep-25-2023-20:12:49,whole_genome_v2_nov-11-2021.csv,Wormbase.ID
Aug-01-2024-18:20:58,whole_genome_v2_nov-11-2021.csv,Sequence.ID
Apr-12-2024-16:06:58,whole_genome_v2_nov-11-2021.csv,Wormbase.ID
Aug-17-2023-18:41:30,whole_genome_v2_nov-11-2021.csv,Wormbase.ID
Aug-15-2024-16:20:57,whole_genome_v2_nov-11-2021.csv,Sequence.ID
Nov-28-2023-15:46:58,whole_genome_v2_nov-11-2021.csv,Wormbase.ID
Aug-22-2024-14:06:05,whole_genome_v2_nov-11-2021.csv,Wormbase.ID
Nov-30-2023-21:53:58,whole_genome_v2_nov-11-2021.csv,Wormbase.ID
May-10-2024-06:46:39,whole_genome_v2_nov-11-2021.csv,Wormbase.ID
Dec-05-2023-15:23:32,whole_genome_v2_nov-11-2021.csv,Wormbase.ID
Oct-19-2023-19:59:05,whole_genome_v2_nov-11-2021.csv,Wormbase.ID
Feb-28-2024-08:20:15,whole_genome_v2_nov-11-2021.csv,Wormbase.ID
Mar-14-2024-17:56:04,whole_genome_v2_nov-11-2021.csv,Wormbase.ID
Sep-14-2024-16:09:13,whole_genome_v2_nov-11-2021.csv,Wormbase.ID
Aug-11-2023-02:39:05,whole_genome_v2_nov-11-2021.csv,Wormbase.ID
Sep-13-2023-19:54:34,whole_genome_v2_nov-11-2021.csv,Wormbase.ID
May-29-2024-16:48:56,whole_genome_v2_nov-11-2021.csv,Wormbase.ID
Jun-30-2024-06:32:09,whole_genome_v2_nov-11-2021.csv,Wormbase.ID
Oct-03-2023-14:14:14,whole_genome_v2_nov-11-2021.csv,Sequence.ID
Jul-10-2024-09:14:09,whole_genome_v2_nov-11-2021.csv,Wormbase.ID
Sep-10-2023-09:49:37,whole_genome_v2_nov-11-2021.csv,Wormbase.ID
Sep-19-2023-07:25:30,whole_genome_v2_nov-11-2021.csv,Wormbase.ID
Feb-22-2024-15:55:42,ORF_only_v2_nov-11-2021.csv,Wormbase.ID
Nov-21-2023-16:59:23,whole_genome_v2_nov-11-2021.csv,Wormbase.ID
Oct-05-2023-18:00:12,whole_genome_v2_nov-11-2021.csv,Wormbase.ID
Aug-22-2024-17:43:34,whole_genome_v2_nov-11-2021.csv,Wormbase.ID
Feb-29-2024-17:00:50,whole_genome_v2_nov-11-2021.csv,Wormbase.ID
Sep-20-2023-13:25:12,whole_genome_v2_nov-11-2021.csv,Wormbase.ID
Apr-15-2024-02:24:58,whole_genome_v2_nov-11-2021.csv,Wormbase.ID
Jun-29-2024-15:41:35,whole_genome_v2_nov-11-2021.csv,Sequence.ID
Sep-21-2023-13:32:59,whole_genome_v2_nov-11-2021.csv,Wormbase.ID
Feb-14-2024-11:41:26,whole_genome_v2_nov-11-2021.csv,Wormbase.ID
May-10-2024-18:34:43,whole_genome_v2_nov-11-2021.csv,Wormbase.ID
Jan-30-2024-11:41:37,whole_genome_v2_nov-11-2021.csv,Wormbase.ID
Jan-30-2024-12:10:14,whole_genome_v2_nov-11-2021.csv,Wormbase.ID
Aug-28-2024-17:20:22,whole_genome_v2_nov-11-2021.csv,Wormbase.ID
Sep-27-2023-16:03:59,whole_genome_v2_nov-11-2021.csv,Wormbase.ID
Oct-24-2023-15:38:07,whole_genome_v2_nov-11-2021.csv,Wormbase.ID
Aug-28-2023-19:18:42,whole_genome_v2_nov-11-2021.csv,Wormbase.ID
Feb-26-2024-18:38:50,whole_genome_v2_nov-11-2021.csv,Wormbase.ID
Jul-24-2024-20:28:26,whole_genome_v2_nov-11-2021.csv,Wormbase.ID
Sep-20-2023-03:02:46,whole_genome_v2_nov-11-2021.csv,Wormbase.ID
Sep-20-2023-03:02:37,whole_genome_v2_nov-11-2021.csv,Wormbase.ID
Apr-09-2024-20:51:14,whole_genome_v2_nov-11-2021.csv,Wormbase.ID
Aug-27-2024-18:42:05,whole_genome_v2_nov-11-2021.csv,Wormbase.ID
Nov-16-2023-17:04:04,whole_genome_v2_nov-11-2021.csv,Wormbase.ID
Dec-28-2023-01:19:39,whole_genome_v2_nov-11-2021.csv,Wormbase.ID
Aug-30-2023-17:30:59,whole_genome_v2_nov-11-2021.csv,Wormbase.ID
Sep-11-2023-17:06:07,whole_genome_v2_nov-11-2021.csv,Sequence.ID
Feb-27-2024-12:48:26,whole_genome_v2_nov-11-2021.csv,Wormbase.ID
Jan-08-2024-06:16:09,whole_genome_v2_nov-11-2021.csv,Wormbase.ID
Jan-01-2024-20:08:58,whole_genome_v2_nov-11-2021.csv,Wormbase.ID
Feb-08-2024-01:34:48,whole_genome_v2_nov-11-2021.csv,Wormbase.ID
May-10-2024-19:11:15,whole_genome_v2_nov-11-2021.csv,Wormbase.ID
Dec-04-2023-15:56:40,whole_genome_v2_nov-11-2021.csv,Wormbase.ID
Oct-10-2024-17:25:01,whole_genome_v2_nov-11-2021.csv,Wormbase.ID
Sep-15-2024-01:29:08,whole_genome_v2_nov-11-2021.csv,Wormbase.ID
Jul-29-2024-18:04:36,whole_genome_v2_nov-11-2021.csv,Wormbase.ID
Oct-07-2024-19:02:22,whole_genome_v2_nov-11-2021.csv,Wormbase.ID
Oct-07-2023-05:28:31,whole_genome_v2_nov-11-2021.csv,Sequence.ID
Sep-21-2023-13:42:14,whole_genome_v2_nov-11-2021.csv,Wormbase.ID
May-02-2024-20:05:13,whole_genome_v2_nov-11-2021.csv,Wormbase.ID
Sep-19-2023-14:30:05,whole_genome_v2_nov-11-2021.csv,Wormbase.ID
Aug-24-2023-14:58:12,whole_genome_v2_nov-11-2021.csv,Wormbase.ID
Aug-01-2024-18:30:38,whole_genome_v2_nov-11-2021.csv,Sequence.ID
Jun-12-2024-12:14:02,whole_genome_v2_nov-11-2021.csv,Wormbase.ID
Sep-25-2023-13:33:47,whole_genome_v2_nov-11-2021.csv,Wormbase.ID
Dec-19-2023-17:28:32,whole_genome_v2_nov-11-2021.csv,Wormbase.ID
Oct-05-2023-19:55:01,whole_genome_v2_nov-11-2021.csv,Wormbase.ID
Dec-05-2023-15:19:59,whole_genome_v2_nov-11-2021.csv,Wormbase.ID
Sep-20-2023-00:27:43,whole_genome_v2_nov-11-2021.csv,Wormbase.ID
Jul-15-2024-13:05:00,whole_genome_v2_nov-11-2021.csv,Sequence.ID
Sep-19-2023-18:14:10,whole_genome_v2_nov-11-2021.csv,Wormbase.ID
Sep-19-2023-15:32:02,whole_genome_v2_nov-11-2021.csv,Wormbase.ID
Apr-05-2024-13:08:29,whole_genome_v2_nov-11-2021.csv,Wormbase.ID
Jan-14-2024-21:16:39,whole_genome_v2_nov-11-2021.csv,Wormbase.ID
Oct-02-2023-21:52:25,whole_genome_v2_nov-11-2021.csv,Wormbase.ID
Aug-29-2024-17:14:51,whole_genome_v2_nov-11-2021.csv,Wormbase.ID
Feb-10-2024-19:40:06,whole_genome_v2_nov-11-2021.csv,Sequence.ID
Sep-17-2024-21:34:43,whole_genome_v2_nov-11-2021.csv,Wormbase.ID
Jul-15-2024-22:18:49,whole_genome_v2_nov-11-2021.csv,Wormbase.ID
Nov-14-2023-10:29:36,whole_genome_v2_nov-11-2021.csv,Wormbase.ID
Jan-11-2024-16:27:04,whole_genome_v2_nov-11-2021.csv,Wormbase.ID
Jan-18-2024-02:55:52,whole_genome_v2_nov-11-2021.csv,Sequence.ID
Sep-18-2023-17:10:20,whole_genome_v2_nov-11-2021.csv,Wormbase.ID
May-08-2024-09:21:25,whole_genome_v2_nov-11-2021.csv,Wormbase.ID
Sep-16-2023-22:49:29,whole_genome_v2_nov-11-2021.csv,Wormbase.ID
Apr-02-2024-17:16:57,whole_genome_v2_nov-11-2021.csv,Wormbase.ID
Oct-04-2023-10:36:44,whole_genome_v2_nov-11-2021.csv,Sequence.ID
Jun-23-2024-01:55:38,ORF_only_v2_nov-11-2021.csv,Wormbase.ID
Sep-15-2023-11:21:34,whole_genome_v2_nov-11-2021.csv,Wormbase.ID
Jul-16-2024-04:51:29,whole_genome_v2_nov-11-2021.csv,Wormbase.ID
Dec-22-2023-18:56:49,whole_genome_v2_nov-11-2021.csv,Wormbase.ID
Aug-12-2024-16:41:23,whole_genome_v2_nov-11-2021.csv,Wormbase.ID
Dec-08-2023-18:37:55,whole_genome_v2_nov-11-2021.csv,Sequence.ID
Jul-01-2024-16:23:15,whole_genome_v2_nov-11-2021.csv,Wormbase.ID
Oct-11-2024-15:41:29,whole_genome_v2_nov-11-2021.csv,Wormbase.ID
Jan-22-2024-13:48:34,whole_genome_v2_nov-11-2021.csv,Sequence.ID
Feb-24-2024-14:02:54,whole_genome_v2_nov-11-2021.csv,Wormbase.ID
Dec-11-2023-20:02:42,whole_genome_v2_nov-11-2021.csv,Wormbase.ID
Sep-26-2023-20:56:24,whole_genome_v2_nov-11-2021.csv,Wormbase.ID
Oct-15-2024-17:09:39,whole_genome_v2_nov-11-2021.csv,Sequence.ID
Mar-23-2024-19:00:38,whole_genome_v2_nov-11-2021.csv,Wormbase.ID
Aug-14-2023-15:35:47,whole_genome_v2_nov-11-2021.csv,Wormbase.ID
Sep-28-2023-03:09:07,whole_genome_v2_nov-11-2021.csv,Wormbase.ID
Jan-22-2024-12:34:54,whole_genome_v2_nov-11-2021.csv,Wormbase.ID
Apr-10-2024-17:02:40,whole_genome_v2_nov-11-2021.csv,Wormbase.ID
Apr-23-2024-17:09:22,whole_genome_v2_nov-11-2021.csv,Wormbase.ID
Aug-13-2024-15:11:58,whole_genome_v2_nov-11-2021.csv,Wormbase.ID
Feb-01-2024-16:14:09,whole_genome_v2_nov-11-2021.csv,Wormbase.ID
Feb-01-2024-16:14:01,whole_genome_v2_nov-11-2021.csv,Wormbase.ID
Feb-01-2024-16:13:53,whole_genome_v2_nov-11-2021.csv,Wormbase.ID
May-31-2024-09:40:34,whole_genome_v2_nov-11-2021.csv,Wormbase.ID
Oct-05-2023-18:50:02,whole_genome_v2_nov-11-2021.csv,Wormbase.ID
Apr-08-2024-18:29:00,whole_genome_v2_nov-11-2021.csv,Sequence.ID
Jan-18-2024-01:34:33,whole_genome_v2_nov-11-2021.csv,Wormbase.ID
Sep-04-2024-02:43:18,whole_genome_v2_nov-11-2021.csv,Wormbase.ID
Jul-07-2024-16:15:03,whole_genome_v2_nov-11-2021.csv,Wormbase.ID
Oct-24-2023-17:07:47,whole_genome_v2_nov-11-2021.csv,Wormbase.ID
Oct-27-2023-15:46:51,whole_genome_v2_nov-11-2021.csv,Wormbase.ID
Dec-05-2023-02:40:21,whole_genome_v2_nov-11-2021.csv,Wormbase.ID
May-04-2024-15:43:27,whole_genome_v2_nov-11-2021.csv,Wormbase.ID
Sep-15-2023-17:40:15,whole_genome_v2_nov-11-2021.csv,Wormbase.ID
Sep-20-2024-03:40:27,whole_genome_v2_nov-11-2021.csv,Sequence.ID
Feb-29-2024-18:03:39,whole_genome_v2_nov-11-2021.csv,Wormbase.ID
Nov-07-2023-16:44:38,whole_genome_v2_nov-11-2021.csv,Wormbase.ID
Sep-20-2023-09:20:25,whole_genome_v2_nov-11-2021.csv,Wormbase.ID
Jun-27-2024-21:09:26,whole_genome_v2_nov-11-2021.csv,Wormbase.ID
Jan-19-2024-05:22:06,whole_genome_v2_nov-11-2021.csv,Wormbase.ID
Dec-28-2023-02:17:21,whole_genome_v2_nov-11-2021.csv,Wormbase.ID
Sep-19-2023-22:43:19,ORF_only_v2_nov-11-2021.csv,Wormbase.ID
Oct-04-2023-13:03:25,whole_genome_v2_nov-11-2021.csv,Sequence.ID
Feb-05-2024-17:44:31,whole_genome_v2_nov-11-2021.csv,Wormbase.ID
Apr-01-2024-14:28:02,whole_genome_v2_nov-11-2021.csv,Wormbase.ID
Apr-15-2024-01:50:37,whole_genome_v2_nov-11-2021.csv,Wormbase.ID
Nov-17-2023-16:44:05,whole_genome_v2_nov-11-2021.csv,Wormbase.ID
Jul-01-2024-07:36:10,whole_genome_v2_nov-11-2021.csv,Wormbase.ID
May-03-2024-22:09:15,whole_genome_v2_nov-11-2021.csv,Wormbase.ID
Mar-01-2024-10:31:01,whole_genome_v2_nov-11-2021.csv,Wormbase.ID
Jan-25-2024-19:50:39,whole_genome_v2_nov-11-2021.csv,Wormbase.ID
Sep-27-2023-16:17:10,whole_genome_v2_nov-11-2021.csv,Sequence.ID
Jan-29-2024-00:57:14,whole_genome_v2_nov-11-2021.csv,Wormbase.ID
Feb-15-2024-04:30:06,whole_genome_v2_nov-11-2021.csv,Sequence.ID
Nov-14-2023-15:20:35,whole_genome_v2_nov-11-2021.csv,Wormbase.ID
Aug-28-2024-17:25:00,whole_genome_v2_nov-11-2021.csv,Wormbase.ID
Jul-27-2024-00:03:27,whole_genome_v2_nov-11-2021.csv,Sequence.ID
Jul-06-2024-23:01:22,whole_genome_v2_nov-11-2021.csv,Wormbase.ID
Sep-27-2023-23:07:23,whole_genome_v2_nov-11-2021.csv,Wormbase.ID
Apr-12-2024-07:15:00,whole_genome_v2_nov-11-2021.csv,Sequence.ID
Jan-08-2024-08:05:39,whole_genome_v2_nov-11-2021.csv,Wormbase.ID
Jun-03-2024-20:01:01,whole_genome_v2_nov-11-2021.csv,Wormbase.ID
Aug-28-2023-09:33:21,whole_genome_v2_nov-11-2021.csv,Wormbase.ID
Oct-31-2023-01:15:25,whole_genome_v1_jul-03-2019.csv,Sequence.ID
Aug-11-2023-22:58:32,whole_genome_v2_nov-11-2021.csv,Wormbase.ID
Aug-09-2023-23:49:23,whole_genome_v2_nov-11-2021.csv,Sequence.ID
Jun-02-2024-16:04:24,whole_genome_v2_nov-11-2021.csv,Wormbase.ID
Feb-21-2024-15:37:36,whole_genome_v2_nov-11-2021.csv,Wormbase.ID
Jul-09-2024-00:44:13,whole_genome_v2_nov-11-2021.csv,Sequence.ID
Jul-29-2024-18:08:09,whole_genome_v2_nov-11-2021.csv,Wormbase.ID
Mar-15-2024-14:51:21,whole_genome_v2_nov-11-2021.csv,Sequence.ID
Dec-09-2023-14:32:56,whole_genome_v2_nov-11-2021.csv,Wormbase.ID
Sep-06-2023-18:35:04,whole_genome_v2_nov-11-2021.csv,Wormbase.ID
Sep-19-2023-18:03:09,whole_genome_v2_nov-11-2021.csv,Wormbase.ID
May-29-2024-17:19:14,whole_genome_v2_nov-11-2021.csv,Wormbase.ID
Jan-12-2024-18:05:30,whole_genome_v2_nov-11-2021.csv,Wormbase.ID
Sep-19-2023-14:02:38,whole_genome_v2_nov-11-2021.csv,Wormbase.ID
Feb-28-2024-13:28:30,whole_genome_v2_nov-11-2021.csv,Wormbase.ID
Nov-23-2023-18:45:06,whole_genome_v2_nov-11-2021.csv,Wormbase.ID
Sep-18-2023-17:23:31,whole_genome_v2_nov-11-2021.csv,Sequence.ID
Mar-31-2024-22:30:56,whole_genome_v2_nov-11-2021.csv,Sequence.ID
Feb-05-2024-10:32:32,whole_genome_v2_nov-11-2021.csv,Wormbase.ID
Oct-22-2023-20:04:17,whole_genome_v2_nov-11-2021.csv,Sequence.ID
Nov-08-2023-15:32:24,whole_genome_v2_nov-11-2021.csv,Wormbase.ID
Apr-23-2024-20:56:21,whole_genome_v2_nov-11-2021.csv,Wormbase.ID
Jan-12-2024-21:27:42,whole_genome_v2_nov-11-2021.csv,Wormbase.ID
Nov-20-2023-22:09:16,whole_genome_v2_nov-11-2021.csv,Wormbase.ID
Nov-20-2023-09:15:04,whole_genome_v2_nov-11-2021.csv,Sequence.ID
Sep-15-2023-17:13:42,whole_genome_v2_nov-11-2021.csv,Wormbase.ID
Mar-07-2024-00:40:28,whole_genome_v2_nov-11-2021.csv,Wormbase.ID
Feb-08-2024-19:32:25,whole_genome_v2_nov-11-2021.csv,Wormbase.ID
Nov-30-2023-03:57:10,whole_genome_v2_nov-11-2021.csv,Wormbase.ID
Aug-07-2023-21:39:21,whole_genome_v2_nov-11-2021.csv,Wormbase.ID
Feb-02-2024-12:33:43,whole_genome_v2_nov-11-2021.csv,Wormbase.ID
Jun-15-2024-17:32:05,whole_genome_v2_nov-11-2021.csv,Wormbase.ID
Oct-15-2023-19:04:18,whole_genome_v2_nov-11-2021.csv,Sequence.ID
Aug-28-2023-19:58:06,whole_genome_v2_nov-11-2021.csv,Wormbase.ID
Jul-02-2024-16:20:05,whole_genome_v2_nov-11-2021.csv,Wormbase.ID
Sep-27-2023-13:30:32,whole_genome_v2_nov-11-2021.csv,Sequence.ID
Feb-08-2024-02:03:47,whole_genome_v2_nov-11-2021.csv,Wormbase.ID
Sep-18-2023-17:18:22,whole_genome_v2_nov-11-2021.csv,Wormbase.ID
Mar-28-2024-21:25:09,whole_genome_v2_nov-11-2021.csv,Wormbase.ID
Nov-13-2023-15:06:16,whole_genome_v2_nov-11-2021.csv,Wormbase.ID
Feb-02-2024-12:18:13,whole_genome_v2_nov-11-2021.csv,Wormbase.ID
Jun-11-2024-01:44:45,ORF_only_v2_nov-11-2021.csv,Wormbase.ID
Feb-17-2024-13:40:50,whole_genome_v2_nov-11-2021.csv,Wormbase.ID
Jul-01-2024-07:43:58,whole_genome_v2_nov-11-2021.csv,Wormbase.ID
Jan-14-2024-09:34:09,whole_genome_v2_nov-11-2021.csv,Wormbase.ID
Feb-27-2024-18:02:12,whole_genome_v2_nov-11-2021.csv,Sequence.ID
Oct-24-2023-14:10:34,whole_genome_v2_nov-11-2021.csv,Wormbase.ID
Feb-15-2024-12:08:59,whole_genome_v2_nov-11-2021.csv,Sequence.ID
Sep-20-2023-18:05:45,whole_genome_v2_nov-11-2021.csv,Wormbase.ID
Aug-01-2024-14:41:03,whole_genome_v2_nov-11-2021.csv,Wormbase.ID
Feb-05-2024-20:43:09,whole_genome_v2_nov-11-2021.csv,Wormbase.ID
Aug-29-2024-19:48:08,whole_genome_v2_nov-11-2021.csv,Wormbase.ID
Aug-16-2023-05:59:07,whole_genome_v2_nov-11-2021.csv,Wormbase.ID
Aug-16-2023-05:58:43,whole_genome_v2_nov-11-2021.csv,Wormbase.ID
Aug-16-2023-05:58:34,whole_genome_v2_nov-11-2021.csv,Wormbase.ID
Aug-16-2023-05:58:26,whole_genome_v2_nov-11-2021.csv,Wormbase.ID
Aug-16-2023-05:59:15,whole_genome_v2_nov-11-2021.csv,Wormbase.ID
Aug-16-2023-05:58:59,whole_genome_v2_nov-11-2021.csv,Wormbase.ID
Aug-16-2023-05:58:51,whole_genome_v2_nov-11-2021.csv,Wormbase.ID
Sep-11-2024-17:18:36,whole_genome_v2_nov-11-2021.csv,Wormbase.ID
Feb-20-2024-16:09:32,whole_genome_v2_nov-11-2021.csv,Sequence.ID
Apr-09-2024-21:45:49,whole_genome_v2_nov-11-2021.csv,Sequence.ID
Feb-26-2024-19:05:06,whole_genome_v2_nov-11-2021.csv,Wormbase.ID
Jan-01-2024-15:28:41,whole_genome_v2_nov-11-2021.csv,Wormbase.ID
Oct-05-2023-14:55:39,whole_genome_v2_nov-11-2021.csv,Wormbase.ID
May-29-2024-16:53:18,whole_genome_v2_nov-11-2021.csv,Wormbase.ID
Dec-31-2023-02:34:48,whole_genome_v2_nov-11-2021.csv,Wormbase.ID
Nov-09-2023-18:03:40,whole_genome_v2_nov-11-2021.csv,Wormbase.ID
Sep-18-2023-17:24:33,whole_genome_v2_nov-11-2021.csv,Wormbase.ID
Feb-28-2024-04:54:11,whole_genome_v2_nov-11-2021.csv,Wormbase.ID
Sep-26-2024-01:49:58,whole_genome_v2_nov-11-2021.csv,Wormbase.ID
Sep-18-2023-17:18:19,whole_genome_v2_nov-11-2021.csv,Wormbase.ID
Dec-01-2023-18:20:29,whole_genome_v2_nov-11-2021.csv,Wormbase.ID
Sep-12-2023-02:18:10,whole_genome_v2_nov-11-2021.csv,Sequence.ID
Dec-03-2023-18:22:02,whole_genome_v2_nov-11-2021.csv,Sequence.ID
Apr-11-2024-03:52:59,whole_genome_v2_nov-11-2021.csv,Wormbase.ID
Apr-05-2024-15:40:19,whole_genome_v2_nov-11-2021.csv,Wormbase.ID
Jul-30-2024-01:24:30,whole_genome_v2_nov-11-2021.csv,Sequence.ID
Dec-27-2023-05:27:51,whole_genome_v2_nov-11-2021.csv,Wormbase.ID
Nov-20-2023-07:06:33,whole_genome_v2_nov-11-2021.csv,Sequence.ID
Apr-29-2024-18:29:46,whole_genome_v2_nov-11-2021.csv,Wormbase.ID
Sep-30-2023-01:34:24,whole_genome_v2_nov-11-2021.csv,Wormbase.ID
May-21-2024-18:32:01,whole_genome_v2_nov-11-2021.csv,Sequence.ID
Sep-15-2024-01:00:25,whole_genome_v2_nov-11-2021.csv,Wormbase.ID
Apr-05-2024-07:48:43,whole_genome_v2_nov-11-2021.csv,Wormbase.ID
Nov-16-2023-16:47:03,whole_genome_v2_nov-11-2021.csv,Wormbase.ID
Feb-01-2024-22:20:56,whole_genome_v2_nov-11-2021.csv,Sequence.ID
Oct-06-2023-01:49:02,whole_genome_v2_nov-11-2021.csv,Wormbase.ID
Dec-08-2023-18:40:00,whole_genome_v2_nov-11-2021.csv,Wormbase.ID
Oct-05-2023-21:53:47,whole_genome_v2_nov-11-2021.csv,Wormbase.ID
May-03-2024-16:48:19,whole_genome_v2_nov-11-2021.csv,Wormbase.ID
Jul-03-2024-12:36:40,whole_genome_v2_nov-11-2021.csv,Wormbase.ID
Jan-01-2024-15:27:53,whole_genome_v2_nov-11-2021.csv,Wormbase.ID
Aug-28-2023-19:28:37,whole_genome_v2_nov-11-2021.csv,Wormbase.ID
Apr-02-2024-09:09:59,whole_genome_v2_nov-11-2021.csv,Wormbase.ID
Aug-27-2024-15:23:10,whole_genome_v2_nov-11-2021.csv,Wormbase.ID
Apr-09-2024-20:07:28,whole_genome_v2_nov-11-2021.csv,Wormbase.ID
Aug-19-2023-07:04:17,whole_genome_v2_nov-11-2021.csv,Wormbase.ID
May-09-2024-01:16:46,whole_genome_v2_nov-11-2021.csv,Wormbase.ID
Jul-04-2024-00:41:50,whole_genome_v2_nov-11-2021.csv,Wormbase.ID
Jul-22-2024-18:55:19,whole_genome_v2_nov-11-2021.csv,Wormbase.ID
Aug-17-2024-10:37:48,whole_genome_v2_nov-11-2021.csv,Sequence.ID
Feb-22-2024-15:03:31,whole_genome_v2_nov-11-2021.csv,Sequence.ID
Aug-29-2024-06:49:07,whole_genome_v2_nov-11-2021.csv,Sequence.ID
Aug-30-2023-17:58:32,whole_genome_v2_nov-11-2021.csv,Wormbase.ID
Nov-19-2023-05:55:15,whole_genome_v2_nov-11-2021.csv,Wormbase.ID
Jan-31-2024-17:00:30,whole_genome_v2_nov-11-2021.csv,Wormbase.ID
Oct-04-2023-16:13:45,whole_genome_v2_nov-11-2021.csv,Sequence.ID
Aug-28-2023-21:35:48,whole_genome_v2_nov-11-2021.csv,Wormbase.ID
Nov-29-2023-11:30:41,whole_genome_v2_nov-11-2021.csv,Sequence.ID
Nov-23-2023-08:03:05,whole_genome_v2_nov-11-2021.csv,Wormbase.ID
Aug-14-2024-15:04:05,whole_genome_v2_nov-11-2021.csv,Wormbase.ID
Mar-05-2024-21:17:31,whole_genome_v2_nov-11-2021.csv,Wormbase.ID
Feb-15-2024-11:25:08,whole_genome_v2_nov-11-2021.csv,Sequence.ID
Mar-12-2024-01:31:28,whole_genome_v2_nov-11-2021.csv,Wormbase.ID
Sep-11-2024-17:15:32,whole_genome_v2_nov-11-2021.csv,Wormbase.ID
Jul-22-2024-13:32:47,whole_genome_v1_jul-03-2019.csv,Sequence.ID
Apr-24-2024-12:00:52,whole_genome_v2_nov-11-2021.csv,Wormbase.ID
Jun-04-2024-12:49:04,whole_genome_v2_nov-11-2021.csv,Wormbase.ID
Dec-15-2023-16:10:19,whole_genome_v2_nov-11-2021.csv,Wormbase.ID
Dec-27-2023-03:50:53,whole_genome_v2_nov-11-2021.csv,Wormbase.ID
Sep-27-2023-18:46:48,whole_genome_v2_nov-11-2021.csv,Wormbase.ID
Jul-26-2024-04:12:52,whole_genome_v2_nov-11-2021.csv,Wormbase.ID
Jul-10-2024-21:42:58,whole_genome_v2_nov-11-2021.csv,Wormbase.ID
Feb-13-2024-21:43:56,whole_genome_v2_nov-11-2021.csv,Wormbase.ID
Jul-19-2024-12:05:18,whole_genome_v2_nov-11-2021.csv,Wormbase.ID
Mar-21-2024-15:44:32,whole_genome_v2_nov-11-2021.csv,Wormbase.ID
Jan-25-2024-16:59:43,whole_genome_v2_nov-11-2021.csv,Wormbase.ID
Dec-04-2023-15:44:06,whole_genome_v2_nov-11-2021.csv,Wormbase.ID
Oct-08-2024-02:32:57,whole_genome_v2_nov-11-2021.csv,Sequence.ID
Mar-01-2024-17:10:33,ahringer_v1_jan-02-2019.csv,Wormbase.ID
Sep-19-2023-18:04:32,whole_genome_v2_nov-11-2021.csv,Wormbase.ID
Sep-11-2023-18:49:32,whole_genome_v2_nov-11-2021.csv,Wormbase.ID
Aug-30-2024-15:02:29,whole_genome_v2_nov-11-2021.csv,Wormbase.ID
Oct-03-2023-20:43:24,whole_genome_v2_nov-11-2021.csv,Wormbase.ID
Jul-28-2024-16:50:56,whole_genome_v2_nov-11-2021.csv,Wormbase.ID
Jul-25-2024-14:54:11,whole_genome_v2_nov-11-2021.csv,Wormbase.ID
Feb-01-2024-17:37:07,whole_genome_v2_nov-11-2021.csv,Sequence.ID
Nov-09-2023-22:07:44,whole_genome_v2_nov-11-2021.csv,Wormbase.ID
Jul-24-2024-17:32:33,whole_genome_v2_nov-11-2021.csv,Wormbase.ID
Feb-26-2024-07:46:19,whole_genome_v2_nov-11-2021.csv,Wormbase.ID
Jul-22-2024-06:15:02,whole_genome_v2_nov-11-2021.csv,Wormbase.ID
Jan-12-2024-21:25:25,whole_genome_v2_nov-11-2021.csv,Wormbase.ID
Mar-18-2024-15:53:12,whole_genome_v2_nov-11-2021.csv,Wormbase.ID
Jan-11-2024-16:29:52,whole_genome_v2_nov-11-2021.csv,Wormbase.ID
Nov-09-2023-22:23:12,whole_genome_v2_nov-11-2021.csv,Wormbase.ID
Jun-05-2024-03:53:59,whole_genome_v2_nov-11-2021.csv,Wormbase.ID
Feb-21-2024-21:30:28,whole_genome_v2_nov-11-2021.csv,Wormbase.ID
Mar-07-2024-22:54:36,whole_genome_v2_nov-11-2021.csv,Wormbase.ID
Aug-22-2024-14:30:55,whole_genome_v2_nov-11-2021.csv,Wormbase.ID
Apr-29-2024-18:45:30,whole_genome_v2_nov-11-2021.csv,Wormbase.ID
Feb-08-2024-01:26:17,whole_genome_v2_nov-11-2021.csv,Wormbase.ID
Apr-22-2024-22:20:14,whole_genome_v2_nov-11-2021.csv,Wormbase.ID
Nov-03-2023-18:50:42,whole_genome_v2_nov-11-2021.csv,Wormbase.ID
Sep-27-2023-17:28:53,whole_genome_v2_nov-11-2021.csv,Wormbase.ID
Dec-26-2023-00:58:36,whole_genome_v2_nov-11-2021.csv,Wormbase.ID
Nov-16-2023-19:44:38,whole_genome_v2_nov-11-2021.csv,Wormbase.ID
Apr-02-2024-21:03:23,whole_genome_v2_nov-11-2021.csv,Wormbase.ID
Feb-27-2024-18:56:39,whole_genome_v2_nov-11-2021.csv,Wormbase.ID
Oct-17-2024-09:30:36,whole_genome_v2_nov-11-2021.csv,Wormbase.ID
May-04-2024-16:18:37,whole_genome_v1_jul-03-2019.csv,Wormbase.ID
Jul-17-2024-17:18:28,whole_genome_v2_nov-11-2021.csv,Wormbase.ID
Sep-19-2024-05:58:51,whole_genome_v2_nov-11-2021.csv,Wormbase.ID
Dec-01-2023-17:24:14,whole_genome_v2_nov-11-2021.csv,Wormbase.ID
Sep-27-2023-21:15:46,whole_genome_v2_nov-11-2021.csv,Wormbase.ID
Jun-25-2024-00:35:10,whole_genome_v2_nov-11-2021.csv,Sequence.ID
Mar-28-2024-11:38:59,whole_genome_v2_nov-11-2021.csv,Wormbase.ID
May-17-2024-07:26:19,whole_genome_v2_nov-11-2021.csv,Wormbase.ID
Jan-30-2024-14:42:23,whole_genome_v2_nov-11-2021.csv,Wormbase.ID
Oct-05-2023-14:19:10,whole_genome_v2_nov-11-2021.csv,Wormbase.ID
Oct-05-2023-14:19:18,whole_genome_v2_nov-11-2021.csv,Wormbase.ID
Oct-05-2023-14:19:25,whole_genome_v2_nov-11-2021.csv,Wormbase.ID
Oct-05-2023-14:19:02,whole_genome_v2_nov-11-2021.csv,Wormbase.ID
Dec-27-2023-03:55:33,whole_genome_v2_nov-11-2021.csv,Wormbase.ID
Oct-07-2023-05:26:13,whole_genome_v2_nov-11-2021.csv,Sequence.ID
Aug-23-2023-06:42:27,whole_genome_v2_nov-11-2021.csv,Wormbase.ID
Mar-21-2024-16:44:56,whole_genome_v2_nov-11-2021.csv,Wormbase.ID
Nov-12-2023-05:08:25,whole_genome_v2_nov-11-2021.csv,Wormbase.ID
May-03-2024-16:59:33,whole_genome_v2_nov-11-2021.csv,Wormbase.ID
Aug-15-2023-15:27:38,whole_genome_v2_nov-11-2021.csv,Wormbase.ID
Aug-15-2023-15:27:29,whole_genome_v2_nov-11-2021.csv,Wormbase.ID
Dec-05-2023-02:43:19,whole_genome_v2_nov-11-2021.csv,Wormbase.ID
Aug-10-2024-08:01:14,whole_genome_v2_nov-11-2021.csv,Wormbase.ID
Jul-20-2024-13:17:50,whole_genome_v2_nov-11-2021.csv,Wormbase.ID
Aug-29-2024-17:22:49,whole_genome_v2_nov-11-2021.csv,Wormbase.ID
Sep-11-2024-13:34:39,whole_genome_v2_nov-11-2021.csv,Sequence.ID
Jun-03-2024-12:00:26,whole_genome_v2_nov-11-2021.csv,Wormbase.ID
Sep-19-2023-12:40:00,whole_genome_v2_nov-11-2021.csv,Wormbase.ID
Feb-27-2024-16:24:12,whole_genome_v2_nov-11-2021.csv,Wormbase.ID
Nov-14-2023-03:14:35,whole_genome_v2_nov-11-2021.csv,Wormbase.ID
Jun-06-2024-19:43:14,whole_genome_v2_nov-11-2021.csv,Wormbase.ID
Nov-01-2023-07:21:34,whole_genome_v2_nov-11-2021.csv,Wormbase.ID
Apr-02-2024-08:49:27,whole_genome_v2_nov-11-2021.csv,Wormbase.ID
Oct-17-2024-09:42:17,whole_genome_v2_nov-11-2021.csv,Wormbase.ID
Aug-13-2024-01:49:05,whole_genome_v2_nov-11-2021.csv,Wormbase.ID
Mar-06-2024-15:29:40,whole_genome_v2_nov-11-2021.csv,Wormbase.ID
Feb-19-2024-19:58:05,whole_genome_v2_nov-11-2021.csv,Wormbase.ID
Sep-19-2023-14:32:28,whole_genome_v2_nov-11-2021.csv,Wormbase.ID
Jun-14-2024-15:27:12,whole_genome_v2_nov-11-2021.csv,Wormbase.ID
Feb-27-2024-18:42:35,whole_genome_v2_nov-11-2021.csv,Wormbase.ID
Apr-05-2024-16:02:49,whole_genome_v2_nov-11-2021.csv,Wormbase.ID
Nov-08-2023-06:53:28,whole_genome_v2_nov-11-2021.csv,Sequence.ID
Nov-09-2023-17:50:19,whole_genome_v2_nov-11-2021.csv,Wormbase.ID
Oct-31-2023-01:17:21,whole_genome_v1_jul-03-2019.csv,Wormbase.ID
Aug-25-2023-02:19:59,whole_genome_v2_nov-11-2021.csv,Wormbase.ID
Jan-09-2024-12:54:59,whole_genome_v2_nov-11-2021.csv,Wormbase.ID
Sep-27-2023-18:27:13,whole_genome_v2_nov-11-2021.csv,Wormbase.ID
Jun-04-2024-09:53:46,whole_genome_v2_nov-11-2021.csv,Wormbase.ID
May-16-2024-06:28:37,ahringer_v2_nov-11-2021.csv,Wormbase.ID
Oct-08-2024-21:40:47,whole_genome_v2_nov-11-2021.csv,Wormbase.ID
Sep-11-2024-17:03:05,whole_genome_v2_nov-11-2021.csv,Wormbase.ID
Apr-02-2024-16:13:19,whole_genome_v2_nov-11-2021.csv,Wormbase.ID
Jul-08-2024-02:01:09,whole_genome_v2_nov-11-2021.csv,Wormbase.ID
Apr-03-2024-12:03:03,whole_genome_v2_nov-11-2021.csv,Wormbase.ID
Feb-14-2024-15:34:20,whole_genome_v2_nov-11-2021.csv,Wormbase.ID
Aug-19-2024-06:59:29,whole_genome_v2_nov-11-2021.csv,Wormbase.ID
Dec-30-2023-00:48:37,whole_genome_v2_nov-11-2021.csv,Wormbase.ID
Sep-20-2023-19:33:13,whole_genome_v2_nov-11-2021.csv,Wormbase.ID
Jan-23-2024-04:23:08,whole_genome_v2_nov-11-2021.csv,Wormbase.ID
Jul-06-2024-09:15:50,whole_genome_v2_nov-11-2021.csv,Wormbase.ID
Jul-15-2024-22:15:54,whole_genome_v2_nov-11-2021.csv,Sequence.ID
Feb-08-2024-22:11:35,whole_genome_v2_nov-11-2021.csv,Wormbase.ID
Sep-19-2023-17:46:38,whole_genome_v2_nov-11-2021.csv,Sequence.ID
Apr-16-2024-13:00:42,whole_genome_v2_nov-11-2021.csv,Wormbase.ID
Jan-29-2024-19:18:01,whole_genome_v2_nov-11-2021.csv,Wormbase.ID
Apr-25-2024-03:29:05,whole_genome_v2_nov-11-2021.csv,Sequence.ID
Aug-09-2023-17:43:22,whole_genome_v2_nov-11-2021.csv,Wormbase.ID
Dec-12-2023-14:08:02,whole_genome_v2_nov-11-2021.csv,Wormbase.ID
Dec-12-2023-14:07:54,whole_genome_v2_nov-11-2021.csv,Wormbase.ID
Dec-12-2023-14:07:46,whole_genome_v2_nov-11-2021.csv,Wormbase.ID
Dec-12-2023-14:08:21,whole_genome_v2_nov-11-2021.csv,Wormbase.ID
Dec-12-2023-14:08:12,whole_genome_v2_nov-11-2021.csv,Wormbase.ID
Dec-12-2023-14:07:38,whole_genome_v2_nov-11-2021.csv,Wormbase.ID
Sep-18-2023-17:10:30,whole_genome_v2_nov-11-2021.csv,Wormbase.ID
Feb-05-2024-12:04:33,whole_genome_v2_nov-11-2021.csv,Sequence.ID
Sep-05-2024-08:25:07,whole_genome_v2_nov-11-2021.csv,Sequence.ID
Aug-06-2023-19:42:37,whole_genome_v2_nov-11-2021.csv,Wormbase.ID
Aug-23-2023-07:07:35,whole_genome_v2_nov-11-2021.csv,Wormbase.ID
Mar-28-2024-14:48:06,whole_genome_v2_nov-11-2021.csv,Wormbase.ID
Jul-19-2024-12:18:33,whole_genome_v2_nov-11-2021.csv,Wormbase.ID
Jul-14-2024-07:29:40,whole_genome_v2_nov-11-2021.csv,Sequence.ID
Sep-21-2023-13:57:45,whole_genome_v2_nov-11-2021.csv,Wormbase.ID
Apr-18-2024-19:28:14,whole_genome_v2_nov-11-2021.csv,Wormbase.ID
Apr-10-2024-18:27:13,whole_genome_v2_nov-11-2021.csv,Wormbase.ID
Aug-28-2024-17:44:37,whole_genome_v2_nov-11-2021.csv,Wormbase.ID
Sep-19-2024-13:45:23,whole_genome_v2_nov-11-2021.csv,Wormbase.ID
Jan-12-2024-21:26:36,whole_genome_v2_nov-11-2021.csv,Wormbase.ID
Mar-12-2024-05:31:41,whole_genome_v2_nov-11-2021.csv,Wormbase.ID
Aug-28-2024-16:23:58,whole_genome_v2_nov-11-2021.csv,Wormbase.ID
Aug-01-2024-14:49:07,whole_genome_v2_nov-11-2021.csv,Wormbase.ID
May-31-2024-09:33:00,whole_genome_v2_nov-11-2021.csv,Wormbase.ID
Oct-19-2023-17:04:41,whole_genome_v2_nov-11-2021.csv,Wormbase.ID
Feb-17-2024-13:38:00,whole_genome_v2_nov-11-2021.csv,Wormbase.ID
Aug-22-2023-18:17:39,whole_genome_v2_nov-11-2021.csv,Wormbase.ID
Feb-09-2024-15:51:03,whole_genome_v2_nov-11-2021.csv,Wormbase.ID
Nov-22-2023-07:23:15,whole_genome_v2_nov-11-2021.csv,Wormbase.ID
Apr-16-2024-13:02:19,whole_genome_v2_nov-11-2021.csv,Wormbase.ID
Feb-22-2024-17:07:05,whole_genome_v2_nov-11-2021.csv,Wormbase.ID
Jan-11-2024-19:07:41,whole_genome_v2_nov-11-2021.csv,Wormbase.ID
Feb-05-2024-18:59:44,whole_genome_v2_nov-11-2021.csv,Wormbase.ID
Feb-15-2024-09:19:36,whole_genome_v2_nov-11-2021.csv,Wormbase.ID
Jan-31-2024-15:40:56,whole_genome_v2_nov-11-2021.csv,Wormbase.ID
May-05-2024-17:19:33,whole_genome_v2_nov-11-2021.csv,Wormbase.ID
Jan-01-2024-15:33:59,whole_genome_v2_nov-11-2021.csv,Wormbase.ID
Jul-10-2024-07:34:41,whole_genome_v2_nov-11-2021.csv,Sequence.ID
May-10-2024-16:20:58,whole_genome_v2_nov-11-2021.csv,Wormbase.ID
Apr-20-2024-00:19:36,whole_genome_v2_nov-11-2021.csv,Wormbase.ID
Sep-27-2023-13:56:13,whole_genome_v2_nov-11-2021.csv,Sequence.ID
Feb-26-2024-13:21:25,whole_genome_v2_nov-11-2021.csv,Wormbase.ID
Feb-14-2024-14:31:42,whole_genome_v2_nov-11-2021.csv,Wormbase.ID
Aug-09-2023-04:18:27,whole_genome_v2_nov-11-2021.csv,Wormbase.ID
Oct-17-2023-14:51:22,whole_genome_v2_nov-11-2021.csv,Wormbase.ID
Apr-22-2024-20:35:23,whole_genome_v2_nov-11-2021.csv,Sequence.ID
Mar-09-2024-23:59:23,whole_genome_v2_nov-11-2021.csv,Wormbase.ID
Mar-01-2024-10:35:56,whole_genome_v2_nov-11-2021.csv,Wormbase.ID
Aug-22-2024-08:52:24,whole_genome_v2_nov-11-2021.csv,Wormbase.ID
Jul-24-2024-19:41:10,whole_genome_v2_nov-11-2021.csv,Wormbase.ID
Jun-26-2024-17:46:55,whole_genome_v2_nov-11-2021.csv,Wormbase.ID
Jan-15-2024-16:11:50,whole_genome_v2_nov-11-2021.csv,Sequence.ID
Oct-10-2024-16:28:08,whole_genome_v2_nov-11-2021.csv,Sequence.ID
Sep-11-2023-18:34:50,whole_genome_v2_nov-11-2021.csv,Wormbase.ID
Jan-05-2024-01:36:27,whole_genome_v2_nov-11-2021.csv,Sequence.ID
Jul-25-2024-19:08:08,whole_genome_v2_nov-11-2021.csv,Wormbase.ID
Apr-03-2024-08:24:42,whole_genome_v2_nov-11-2021.csv,Wormbase.ID
Dec-15-2023-08:25:28,whole_genome_v2_nov-11-2021.csv,Wormbase.ID
May-10-2024-19:44:01,whole_genome_v2_nov-11-2021.csv,Wormbase.ID
Aug-28-2023-19:21:45,whole_genome_v2_nov-11-2021.csv,Wormbase.ID
May-28-2024-18:04:27,whole_genome_v2_nov-11-2021.csv,Wormbase.ID
Aug-16-2023-20:03:35,whole_genome_v2_nov-11-2021.csv,Wormbase.ID
Jun-09-2024-03:10:08,whole_genome_v2_nov-11-2021.csv,Wormbase.ID
Nov-26-2023-11:59:31,whole_genome_v2_nov-11-2021.csv,Wormbase.ID
Sep-23-2023-16:22:24,whole_genome_v2_nov-11-2021.csv,Wormbase.ID
Sep-11-2023-18:53:33,whole_genome_v2_nov-11-2021.csv,Wormbase.ID
Aug-16-2023-20:13:54,whole_genome_v2_nov-11-2021.csv,Wormbase.ID
Sep-16-2023-12:36:11,whole_genome_v2_nov-11-2021.csv,Sequence.ID
May-28-2024-13:52:18,whole_genome_v2_nov-11-2021.csv,Wormbase.ID
Sep-18-2023-17:11:18,whole_genome_v2_nov-11-2021.csv,Wormbase.ID
Sep-01-2024-10:43:22,whole_genome_v2_nov-11-2021.csv,Wormbase.ID
Aug-23-2024-19:19:34,whole_genome_v2_nov-11-2021.csv,Wormbase.ID
Feb-21-2024-15:12:52,whole_genome_v2_nov-11-2021.csv,Wormbase.ID
May-28-2024-14:50:37,whole_genome_v2_nov-11-2021.csv,Wormbase.ID
Jul-31-2024-13:30:43,whole_genome_v2_nov-11-2021.csv,Wormbase.ID
Oct-06-2023-00:36:51,whole_genome_v2_nov-11-2021.csv,Wormbase.ID
Sep-22-2023-19:33:22,whole_genome_v2_nov-11-2021.csv,Sequence.ID
Feb-09-2024-18:16:22,whole_genome_v2_nov-11-2021.csv,Wormbase.ID
Oct-22-2023-20:13:23,whole_genome_v2_nov-11-2021.csv,Wormbase.ID
Aug-28-2024-17:33:16,whole_genome_v2_nov-11-2021.csv,Wormbase.ID
Oct-02-2024-19:58:24,whole_genome_v2_nov-11-2021.csv,Wormbase.ID
Aug-24-2023-07:25:58,whole_genome_v2_nov-11-2021.csv,Wormbase.ID
Dec-18-2023-16:39:26,ORF_only_v2_nov-11-2021.csv,Wormbase.ID
Oct-10-2024-16:29:54,whole_genome_v2_nov-11-2021.csv,Sequence.ID
Nov-09-2023-17:43:28,whole_genome_v2_nov-11-2021.csv,Sequence.ID
Aug-16-2023-07:10:31,whole_genome_v2_nov-11-2021.csv,Wormbase.ID
Aug-16-2023-07:10:06,whole_genome_v2_nov-11-2021.csv,Wormbase.ID
Aug-16-2023-07:09:57,whole_genome_v2_nov-11-2021.csv,Wormbase.ID
Aug-16-2023-07:09:48,whole_genome_v2_nov-11-2021.csv,Wormbase.ID
Aug-16-2023-07:10:41,whole_genome_v2_nov-11-2021.csv,Wormbase.ID
Aug-16-2023-07:10:23,whole_genome_v2_nov-11-2021.csv,Wormbase.ID
Aug-16-2023-07:10:15,whole_genome_v2_nov-11-2021.csv,Wormbase.ID
Dec-30-2023-06:29:17,whole_genome_v2_nov-11-2021.csv,Wormbase.ID
May-19-2024-03:09:29,whole_genome_v2_nov-11-2021.csv,Wormbase.ID
Mar-15-2024-14:22:17,whole_genome_v2_nov-11-2021.csv,Sequence.ID
Aug-07-2023-19:52:17,whole_genome_v2_nov-11-2021.csv,Wormbase.ID
Jul-15-2024-00:13:12,whole_genome_v2_nov-11-2021.csv,Wormbase.ID
Dec-06-2023-20:07:31,whole_genome_v2_nov-11-2021.csv,Wormbase.ID
Sep-13-2023-15:59:38,whole_genome_v2_nov-11-2021.csv,Wormbase.ID
Oct-03-2024-11:06:06,whole_genome_v2_nov-11-2021.csv,Sequence.ID
Nov-14-2023-16:33:00,whole_genome_v2_nov-11-2021.csv,Wormbase.ID
Oct-11-2024-14:29:32,whole_genome_v2_nov-11-2021.csv,Wormbase.ID
Feb-08-2024-23:38:21,whole_genome_v2_nov-11-2021.csv,Wormbase.ID
Jan-12-2024-19:31:49,whole_genome_v2_nov-11-2021.csv,Wormbase.ID
May-31-2024-19:17:49,whole_genome_v2_nov-11-2021.csv,Wormbase.ID
Mar-01-2024-18:25:12,whole_genome_v2_nov-11-2021.csv,Wormbase.ID
Aug-13-2024-01:46:30,whole_genome_v2_nov-11-2021.csv,Wormbase.ID
Jun-29-2024-03:25:03,whole_genome_v2_nov-11-2021.csv,Sequence.ID
Nov-27-2023-16:49:06,whole_genome_v2_nov-11-2021.csv,Wormbase.ID
Sep-13-2024-01:39:48,whole_genome_v2_nov-11-2021.csv,Wormbase.ID
Sep-18-2023-17:34:02,whole_genome_v2_nov-11-2021.csv,Wormbase.ID
Jul-01-2024-13:15:59,whole_genome_v2_nov-11-2021.csv,Wormbase.ID
Aug-13-2024-15:09:14,whole_genome_v2_nov-11-2021.csv,Wormbase.ID
Mar-26-2024-13:55:39,whole_genome_v2_nov-11-2021.csv,Wormbase.ID
Feb-15-2024-09:13:14,whole_genome_v2_nov-11-2021.csv,Wormbase.ID
Jan-18-2024-16:51:17,whole_genome_v2_nov-11-2021.csv,Wormbase.ID
Sep-18-2023-17:17:35,whole_genome_v2_nov-11-2021.csv,Wormbase.ID
Oct-02-2023-14:50:22,whole_genome_v2_nov-11-2021.csv,Wormbase.ID
May-24-2024-13:47:14,whole_genome_v2_nov-11-2021.csv,Wormbase.ID
Apr-16-2024-23:40:40,whole_genome_v2_nov-11-2021.csv,Wormbase.ID
Aug-28-2023-19:43:18,whole_genome_v2_nov-11-2021.csv,Wormbase.ID
Jan-26-2024-17:38:48,whole_genome_v2_nov-11-2021.csv,Wormbase.ID
Aug-14-2023-15:49:29,whole_genome_v2_nov-11-2021.csv,Wormbase.ID
Mar-15-2024-18:55:34,whole_genome_v2_nov-11-2021.csv,Wormbase.ID
Dec-18-2023-16:38:38,whole_genome_v2_nov-11-2021.csv,Wormbase.ID
Aug-01-2024-19:30:14,whole_genome_v2_nov-11-2021.csv,Wormbase.ID
Jul-31-2024-16:33:32,whole_genome_v2_nov-11-2021.csv,Wormbase.ID
Apr-08-2024-18:37:39,whole_genome_v2_nov-11-2021.csv,Wormbase.ID
Dec-18-2023-19:06:34,whole_genome_v2_nov-11-2021.csv,Wormbase.ID
Nov-14-2023-09:52:28,whole_genome_v2_nov-11-2021.csv,Wormbase.ID
Apr-17-2024-19:46:04,whole_genome_v2_nov-11-2021.csv,Wormbase.ID
Dec-06-2023-19:48:20,whole_genome_v2_nov-11-2021.csv,Wormbase.ID
Feb-15-2024-14:15:30,whole_genome_v2_nov-11-2021.csv,Sequence.ID
Aug-19-2023-07:19:00,whole_genome_v2_nov-11-2021.csv,Wormbase.ID
Feb-05-2024-18:45:32,whole_genome_v2_nov-11-2021.csv,Wormbase.ID
Aug-15-2024-15:16:41,whole_genome_v2_nov-11-2021.csv,Wormbase.ID
Feb-02-2024-19:42:57,whole_genome_v2_nov-11-2021.csv,Wormbase.ID
Aug-28-2024-17:38:31,whole_genome_v2_nov-11-2021.csv,Wormbase.ID
Oct-17-2023-14:35:09,whole_genome_v2_nov-11-2021.csv,Wormbase.ID
Oct-10-2024-16:40:38,whole_genome_v2_nov-11-2021.csv,Wormbase.ID
Oct-02-2024-14:38:37,whole_genome_v2_nov-11-2021.csv,Wormbase.ID
Feb-02-2024-21:45:17,whole_genome_v2_nov-11-2021.csv,Wormbase.ID
May-06-2024-14:44:47,whole_genome_v2_nov-11-2021.csv,Wormbase.ID
Oct-20-2023-03:30:19,whole_genome_v2_nov-11-2021.csv,Wormbase.ID
Nov-23-2023-08:02:20,ahringer_v2_nov-11-2021.csv,Wormbase.ID
Jun-04-2024-19:54:54,whole_genome_v2_nov-11-2021.csv,Wormbase.ID
Sep-28-2023-03:42:15,whole_genome_v2_nov-11-2021.csv,Wormbase.ID
Oct-02-2023-14:41:08,whole_genome_v2_nov-11-2021.csv,Wormbase.ID
Sep-25-2023-20:12:10,whole_genome_v2_nov-11-2021.csv,Wormbase.ID
Jun-27-2024-21:18:51,whole_genome_v2_nov-11-2021.csv,Wormbase.ID
Jun-12-2024-20:22:47,whole_genome_v2_nov-11-2021.csv,Sequence.ID
Oct-03-2023-14:25:33,whole_genome_v2_nov-11-2021.csv,Wormbase.ID
Oct-15-2023-00:52:15,whole_genome_v2_nov-11-2021.csv,Wormbase.ID
Feb-18-2024-21:52:05,whole_genome_v2_nov-11-2021.csv,Wormbase.ID
Oct-22-2023-21:06:19,whole_genome_v2_nov-11-2021.csv,Wormbase.ID
Mar-28-2024-18:09:43,whole_genome_v2_nov-11-2021.csv,Wormbase.ID
Feb-27-2024-10:01:30,whole_genome_v2_nov-11-2021.csv,Wormbase.ID
Feb-02-2024-01:40:55,whole_genome_v2_nov-11-2021.csv,Wormbase.ID
Sep-05-2024-14:05:55,whole_genome_v2_nov-11-2021.csv,Wormbase.ID
Aug-28-2024-17:40:49,whole_genome_v2_nov-11-2021.csv,Wormbase.ID
Jun-27-2024-20:45:02,whole_genome_v2_nov-11-2021.csv,Wormbase.ID
Oct-12-2023-16:48:33,whole_genome_v2_nov-11-2021.csv,Wormbase.ID
Feb-27-2024-10:12:36,whole_genome_v2_nov-11-2021.csv,Wormbase.ID
Jan-29-2024-19:27:44,whole_genome_v2_nov-11-2021.csv,Wormbase.ID
Apr-23-2024-07:02:43,whole_genome_v2_nov-11-2021.csv,Wormbase.ID
Aug-27-2024-22:49:18,whole_genome_v2_nov-11-2021.csv,Wormbase.ID
Apr-09-2024-15:56:44,whole_genome_v2_nov-11-2021.csv,Wormbase.ID
Oct-07-2023-12:26:43,whole_genome_v2_nov-11-2021.csv,Sequence.ID
Oct-03-2023-05:09:27,whole_genome_v2_nov-11-2021.csv,Sequence.ID
Mar-20-2024-15:14:45,whole_genome_v2_nov-11-2021.csv,Wormbase.ID
Apr-26-2024-07:16:46,whole_genome_v2_nov-11-2021.csv,Wormbase.ID
Aug-07-2023-22:49:00,whole_genome_v2_nov-11-2021.csv,Wormbase.ID
Sep-18-2024-08:50:59,whole_genome_v2_nov-11-2021.csv,Wormbase.ID
Oct-12-2023-03:17:01,whole_genome_v2_nov-11-2021.csv,Sequence.ID
Aug-27-2023-15:54:21,whole_genome_v2_nov-11-2021.csv,Wormbase.ID
Jul-12-2024-06:48:58,whole_genome_v2_nov-11-2021.csv,Wormbase.ID
Feb-17-2024-13:20:13,whole_genome_v2_nov-11-2021.csv,Wormbase.ID
Sep-10-2024-19:28:35,whole_genome_v2_nov-11-2021.csv,Wormbase.ID
Aug-06-2023-22:48:41,whole_genome_v2_nov-11-2021.csv,Wormbase.ID
Sep-27-2023-18:24:29,whole_genome_v2_nov-11-2021.csv,Wormbase.ID
Aug-30-2023-22:46:11,whole_genome_v2_nov-11-2021.csv,Wormbase.ID
Oct-03-2024-10:54:34,whole_genome_v2_nov-11-2021.csv,Sequence.ID
Sep-13-2023-14:25:24,whole_genome_v2_nov-11-2021.csv,Wormbase.ID
Apr-02-2024-20:59:49,whole_genome_v2_nov-11-2021.csv,Wormbase.ID
Aug-28-2024-18:06:19,whole_genome_v2_nov-11-2021.csv,Sequence.ID
Sep-25-2023-15:27:11,whole_genome_v2_nov-11-2021.csv,Wormbase.ID
Jan-08-2024-22:02:56,whole_genome_v2_nov-11-2021.csv,Wormbase.ID
Sep-13-2023-18:52:24,whole_genome_v2_nov-11-2021.csv,Wormbase.ID
Jun-30-2024-10:54:18,whole_genome_v2_nov-11-2021.csv,Sequence.ID
Jul-10-2024-10:45:45,whole_genome_v2_nov-11-2021.csv,Wormbase.ID
Feb-09-2024-18:10:16,whole_genome_v2_nov-11-2021.csv,Sequence.ID
Nov-28-2023-23:49:40,whole_genome_v2_nov-11-2021.csv,Wormbase.ID
Jul-22-2024-06:14:20,whole_genome_v2_nov-11-2021.csv,Wormbase.ID
Mar-04-2024-17:43:25,whole_genome_v2_nov-11-2021.csv,Wormbase.ID
Aug-28-2024-17:15:29,whole_genome_v2_nov-11-2021.csv,Wormbase.ID
Jun-04-2024-09:46:44,whole_genome_v2_nov-11-2021.csv,Wormbase.ID
Sep-16-2024-01:07:55,whole_genome_v2_nov-11-2021.csv,Wormbase.ID
Aug-28-2024-17:15:29,whole_genome_v2_nov-11-2021.csv,Wormbase.ID
Sep-19-2023-17:40:35,whole_genome_v2_nov-11-2021.csv,Wormbase.ID
Jul-16-2024-14:49:57,whole_genome_v2_nov-11-2021.csv,Wormbase.ID
May-23-2024-18:29:19,whole_genome_v2_nov-11-2021.csv,Wormbase.ID
Feb-15-2024-04:22:43,whole_genome_v2_nov-11-2021.csv,Wormbase.ID
Jul-23-2024-19:31:19,whole_genome_v2_nov-11-2021.csv,Wormbase.ID
Aug-09-2023-04:31:46,whole_genome_v2_nov-11-2021.csv,Wormbase.ID
Jul-07-2024-05:13:34,whole_genome_v2_nov-11-2021.csv,Wormbase.ID
Oct-05-2023-17:31:09,whole_genome_v2_nov-11-2021.csv,Wormbase.ID
Feb-29-2024-10:41:44,whole_genome_v2_nov-11-2021.csv,Sequence.ID
Sep-14-2023-19:26:54,whole_genome_v2_nov-11-2021.csv,Wormbase.ID
Aug-12-2024-00:35:36,whole_genome_v2_nov-11-2021.csv,Wormbase.ID
Jun-18-2024-05:41:30,whole_genome_v2_nov-11-2021.csv,Wormbase.ID
Feb-16-2024-17:32:09,whole_genome_v2_nov-11-2021.csv,Wormbase.ID
Jul-29-2024-13:48:21,whole_genome_v2_nov-11-2021.csv,Wormbase.ID
Apr-30-2024-14:44:07,whole_genome_v2_nov-11-2021.csv,Wormbase.ID
Apr-11-2024-02:11:09,whole_genome_v2_nov-11-2021.csv,Wormbase.ID
Feb-28-2024-14:27:25,whole_genome_v2_nov-11-2021.csv,Sequence.ID
Sep-09-2024-20:43:42,whole_genome_v2_nov-11-2021.csv,Wormbase.ID
Feb-29-2024-11:10:12,whole_genome_v2_nov-11-2021.csv,Sequence.ID
Nov-09-2023-21:57:28,whole_genome_v2_nov-11-2021.csv,Wormbase.ID
Oct-26-2023-01:05:36,whole_genome_v2_nov-11-2021.csv,Sequence.ID
Apr-09-2024-19:28:33,whole_genome_v2_nov-11-2021.csv,Wormbase.ID
Nov-20-2023-21:21:36,whole_genome_v2_nov-11-2021.csv,Wormbase.ID
Apr-10-2024-14:21:35,whole_genome_v2_nov-11-2021.csv,Wormbase.ID
Sep-27-2023-16:59:38,whole_genome_v2_nov-11-2021.csv,Wormbase.ID
Sep-13-2023-17:11:42,whole_genome_v2_nov-11-2021.csv,Wormbase.ID
Jan-02-2024-16:21:11,whole_genome_v2_nov-11-2021.csv,Wormbase.ID
Jul-22-2024-18:01:45,whole_genome_v2_nov-11-2021.csv,Wormbase.ID
Feb-17-2024-11:42:16,whole_genome_v2_nov-11-2021.csv,Wormbase.ID
Aug-09-2023-04:21:53,whole_genome_v2_nov-11-2021.csv,Wormbase.ID
Apr-15-2024-03:36:02,whole_genome_v2_nov-11-2021.csv,Wormbase.ID
Apr-17-2024-15:48:06,whole_genome_v2_nov-11-2021.csv,Wormbase.ID
Nov-30-2023-03:23:46,whole_genome_v2_nov-11-2021.csv,Wormbase.ID
Aug-06-2023-23:35:35,whole_genome_v2_nov-11-2021.csv,Wormbase.ID
Dec-23-2023-07:41:40,whole_genome_v2_nov-11-2021.csv,Wormbase.ID
Sep-30-2024-05:45:19,whole_genome_v2_nov-11-2021.csv,Wormbase.ID
Sep-05-2024-22:31:33,whole_genome_v2_nov-11-2021.csv,Wormbase.ID
Oct-03-2023-19:33:14,whole_genome_v2_nov-11-2021.csv,Wormbase.ID
Feb-25-2024-19:03:54,whole_genome_v2_nov-11-2021.csv,Wormbase.ID
Sep-23-2024-17:29:01,whole_genome_v2_nov-11-2021.csv,Wormbase.ID
Feb-15-2024-12:45:16,whole_genome_v2_nov-11-2021.csv,Sequence.ID
Aug-06-2024-14:11:40,whole_genome_v2_nov-11-2021.csv,Wormbase.ID
Oct-06-2024-22:58:08,whole_genome_v2_nov-11-2021.csv,Wormbase.ID
Oct-03-2023-19:24:13,whole_genome_v2_nov-11-2021.csv,Wormbase.ID
Oct-03-2023-19:23:45,whole_genome_v2_nov-11-2021.csv,Wormbase.ID
Oct-03-2023-19:23:55,whole_genome_v2_nov-11-2021.csv,Wormbase.ID
Oct-03-2023-19:24:05,whole_genome_v2_nov-11-2021.csv,Wormbase.ID
Oct-03-2023-19:23:34,whole_genome_v2_nov-11-2021.csv,Wormbase.ID
Aug-28-2024-18:23:14,whole_genome_v2_nov-11-2021.csv,Wormbase.ID
Feb-28-2024-14:15:40,whole_genome_v2_nov-11-2021.csv,Sequence.ID
Aug-25-2023-02:24:53,whole_genome_v2_nov-11-2021.csv,Wormbase.ID
Apr-10-2024-07:49:07,whole_genome_v2_nov-11-2021.csv,Wormbase.ID
Apr-10-2024-07:48:38,whole_genome_v2_nov-11-2021.csv,Wormbase.ID
Apr-10-2024-07:49:14,whole_genome_v2_nov-11-2021.csv,Wormbase.ID
Apr-10-2024-07:49:00,whole_genome_v2_nov-11-2021.csv,Wormbase.ID
Apr-10-2024-07:48:53,whole_genome_v2_nov-11-2021.csv,Wormbase.ID
Apr-10-2024-07:48:45,whole_genome_v2_nov-11-2021.csv,Wormbase.ID
Oct-10-2024-17:19:49,whole_genome_v2_nov-11-2021.csv,Wormbase.ID
Dec-10-2023-15:20:36,whole_genome_v2_nov-11-2021.csv,Wormbase.ID
Aug-06-2024-14:09:25,whole_genome_v2_nov-11-2021.csv,Wormbase.ID
Sep-27-2023-16:53:48,whole_genome_v2_nov-11-2021.csv,Wormbase.ID
Jun-25-2024-20:29:21,whole_genome_v2_nov-11-2021.csv,Wormbase.ID
Oct-08-2023-16:08:35,whole_genome_v2_nov-11-2021.csv,Sequence.ID
Apr-08-2024-18:55:39,whole_genome_v2_nov-11-2021.csv,Wormbase.ID
Feb-17-2024-13:21:51,whole_genome_v2_nov-11-2021.csv,Wormbase.ID
Sep-12-2024-17:33:00,whole_genome_v2_nov-11-2021.csv,Wormbase.ID
May-29-2024-17:18:16,whole_genome_v2_nov-11-2021.csv,Wormbase.ID
Dec-12-2023-16:23:53,whole_genome_v2_nov-11-2021.csv,Wormbase.ID
Nov-15-2023-22:50:00,whole_genome_v2_nov-11-2021.csv,Wormbase.ID
Aug-09-2023-18:42:59,whole_genome_v2_nov-11-2021.csv,Wormbase.ID
Jul-02-2024-20:47:56,whole_genome_v2_nov-11-2021.csv,Wormbase.ID
Oct-04-2023-19:47:11,whole_genome_v2_nov-11-2021.csv,Wormbase.ID
Apr-30-2024-14:30:47,whole_genome_v2_nov-11-2021.csv,Wormbase.ID
Jul-10-2024-13:30:54,whole_genome_v2_nov-11-2021.csv,Wormbase.ID
Sep-16-2024-18:55:38,whole_genome_v2_nov-11-2021.csv,Sequence.ID
Jun-03-2024-13:19:25,whole_genome_v2_nov-11-2021.csv,Wormbase.ID
Nov-23-2023-09:11:23,whole_genome_v2_nov-11-2021.csv,Wormbase.ID
Jul-31-2024-14:41:05,whole_genome_v2_nov-11-2021.csv,Sequence.ID
Sep-19-2023-15:10:15,whole_genome_v2_nov-11-2021.csv,Wormbase.ID
Aug-13-2024-15:16:29,whole_genome_v2_nov-11-2021.csv,Wormbase.ID
Aug-30-2024-14:57:36,whole_genome_v2_nov-11-2021.csv,Wormbase.ID
Feb-09-2024-13:34:55,whole_genome_v2_nov-11-2021.csv,Sequence.ID
Aug-10-2023-18:04:27,whole_genome_v2_nov-11-2021.csv,Wormbase.ID
Jan-30-2024-18:47:51,whole_genome_v2_nov-11-2021.csv,Wormbase.ID
Aug-28-2024-18:13:28,whole_genome_v2_nov-11-2021.csv,Wormbase.ID
Apr-14-2024-19:08:55,whole_genome_v2_nov-11-2021.csv,Sequence.ID
Feb-14-2024-21:10:33,whole_genome_v2_nov-11-2021.csv,Wormbase.ID
Apr-02-2024-07:34:00,whole_genome_v2_nov-11-2021.csv,Wormbase.ID
Aug-17-2023-18:39:08,whole_genome_v2_nov-11-2021.csv,Wormbase.ID
Jun-13-2024-12:42:44,whole_genome_v2_nov-11-2021.csv,Sequence.ID
Jan-28-2024-23:17:16,whole_genome_v2_nov-11-2021.csv,Wormbase.ID
Nov-09-2023-19:25:33,whole_genome_v2_nov-11-2021.csv,Wormbase.ID
Feb-08-2024-23:36:52,whole_genome_v2_nov-11-2021.csv,Wormbase.ID
Aug-24-2024-03:19:57,whole_genome_v2_nov-11-2021.csv,Wormbase.ID
Oct-19-2023-15:57:45,whole_genome_v2_nov-11-2021.csv,Sequence.ID
Aug-28-2024-16:02:14,whole_genome_v2_nov-11-2021.csv,Wormbase.ID
Dec-06-2023-13:38:15,whole_genome_v2_nov-11-2021.csv,Sequence.ID
Dec-17-2023-03:52:43,whole_genome_v2_nov-11-2021.csv,Wormbase.ID
Apr-18-2024-22:32:37,whole_genome_v2_nov-11-2021.csv,Wormbase.ID
Feb-16-2024-20:09:10,whole_genome_v2_nov-11-2021.csv,Wormbase.ID
Mar-02-2024-00:04:38,whole_genome_v2_nov-11-2021.csv,Wormbase.ID
Dec-05-2023-14:42:45,whole_genome_v2_nov-11-2021.csv,Wormbase.ID
Jun-03-2024-16:09:32,whole_genome_v2_nov-11-2021.csv,Wormbase.ID
Jun-24-2024-06:26:58,whole_genome_v2_nov-11-2021.csv,Sequence.ID
Sep-25-2023-15:24:46,whole_genome_v2_nov-11-2021.csv,Wormbase.ID
Sep-16-2024-01:12:22,whole_genome_v2_nov-11-2021.csv,Wormbase.ID
Apr-10-2024-08:39:15,whole_genome_v2_nov-11-2021.csv,Wormbase.ID
Apr-10-2024-08:39:08,whole_genome_v2_nov-11-2021.csv,Wormbase.ID
Apr-10-2024-08:39:30,whole_genome_v2_nov-11-2021.csv,Wormbase.ID
Apr-10-2024-08:39:23,whole_genome_v2_nov-11-2021.csv,Wormbase.ID
Oct-16-2023-09:21:37,whole_genome_v2_nov-11-2021.csv,Sequence.ID
Sep-24-2024-12:29:01,whole_genome_v2_nov-11-2021.csv,Wormbase.ID
Aug-28-2023-17:48:25,whole_genome_v2_nov-11-2021.csv,Wormbase.ID
Sep-18-2023-17:20:43,whole_genome_v2_nov-11-2021.csv,Wormbase.ID
Aug-21-2024-16:00:12,whole_genome_v2_nov-11-2021.csv,Wormbase.ID
Sep-23-2024-08:17:52,whole_genome_v2_nov-11-2021.csv,Wormbase.ID
Sep-18-2024-19:42:35,whole_genome_v2_nov-11-2021.csv,Wormbase.ID
Feb-14-2024-15:31:36,whole_genome_v2_nov-11-2021.csv,Wormbase.ID
Oct-31-2023-13:30:01,whole_genome_v2_nov-11-2021.csv,Wormbase.ID
Nov-14-2023-09:40:50,whole_genome_v2_nov-11-2021.csv,Wormbase.ID
Jul-02-2024-15:12:16,whole_genome_v2_nov-11-2021.csv,Sequence.ID
Sep-28-2023-18:53:06,whole_genome_v2_nov-11-2021.csv,Wormbase.ID
Sep-28-2023-18:52:57,whole_genome_v2_nov-11-2021.csv,Wormbase.ID
Apr-02-2024-08:43:40,whole_genome_v2_nov-11-2021.csv,Wormbase.ID
Apr-21-2024-15:27:58,whole_genome_v2_nov-11-2021.csv,Wormbase.ID
Jul-15-2024-18:38:57,whole_genome_v2_nov-11-2021.csv,Wormbase.ID
Sep-03-2023-19:20:18,whole_genome_v2_nov-11-2021.csv,Wormbase.ID
Aug-28-2024-17:19:42,whole_genome_v2_nov-11-2021.csv,Wormbase.ID
Apr-17-2024-15:48:41,whole_genome_v2_nov-11-2021.csv,Wormbase.ID
Apr-23-2024-20:38:58,whole_genome_v2_nov-11-2021.csv,Sequence.ID
Feb-18-2024-22:17:34,whole_genome_v2_nov-11-2021.csv,Wormbase.ID
Feb-15-2024-14:00:55,whole_genome_v2_nov-11-2021.csv,Sequence.ID
Sep-19-2023-17:50:30,whole_genome_v2_nov-11-2021.csv,Sequence.ID
Dec-16-2023-15:48:06,whole_genome_v2_nov-11-2021.csv,Wormbase.ID
Mar-20-2024-13:10:06,whole_genome_v2_nov-11-2021.csv,Sequence.ID
Feb-29-2024-22:46:15,whole_genome_v2_nov-11-2021.csv,Wormbase.ID
Jan-17-2024-03:54:36,whole_genome_v2_nov-11-2021.csv,Sequence.ID
Dec-18-2023-15:15:33,whole_genome_v2_nov-11-2021.csv,Wormbase.ID
Apr-10-2024-17:01:16,whole_genome_v2_nov-11-2021.csv,Wormbase.ID
Apr-02-2024-08:54:57,whole_genome_v2_nov-11-2021.csv,Wormbase.ID
Jun-04-2024-10:00:14,whole_genome_v2_nov-11-2021.csv,Wormbase.ID
Nov-14-2023-16:31:11,whole_genome_v2_nov-11-2021.csv,Wormbase.ID
Oct-31-2023-01:13:24,whole_genome_v2_nov-11-2021.csv,Sequence.ID
Jan-01-2024-22:20:46,whole_genome_v2_nov-11-2021.csv,Wormbase.ID
Aug-23-2024-08:46:42,ahringer_v2_nov-11-2021.csv,Sequence.ID
Nov-03-2023-14:03:54,whole_genome_v2_nov-11-2021.csv,Wormbase.ID
Apr-08-2024-11:59:42,whole_genome_v2_nov-11-2021.csv,Sequence.ID
Aug-28-2024-17:46:42,whole_genome_v2_nov-11-2021.csv,Wormbase.ID
Apr-15-2024-18:26:48,whole_genome_v2_nov-11-2021.csv,Wormbase.ID
Feb-28-2024-22:15:29,whole_genome_v2_nov-11-2021.csv,Wormbase.ID
Feb-28-2024-13:48:48,whole_genome_v2_nov-11-2021.csv,Sequence.ID
Sep-27-2023-16:17:32,whole_genome_v2_nov-11-2021.csv,Wormbase.ID
Oct-04-2023-14:57:40,whole_genome_v2_nov-11-2021.csv,Wormbase.ID
Oct-02-2023-05:54:12,whole_genome_v2_nov-11-2021.csv,Wormbase.ID
Sep-18-2023-17:36:35,whole_genome_v2_nov-11-2021.csv,Wormbase.ID
Jun-02-2024-21:53:42,whole_genome_v2_nov-11-2021.csv,Wormbase.ID
Mar-06-2024-15:28:15,whole_genome_v2_nov-11-2021.csv,Wormbase.ID
Aug-04-2024-13:41:17,whole_genome_v2_nov-11-2021.csv,Sequence.ID
Dec-13-2023-10:10:26,whole_genome_v2_nov-11-2021.csv,Wormbase.ID
Oct-11-2024-23:17:21,whole_genome_v2_nov-11-2021.csv,Sequence.ID
Mar-27-2024-15:23:34,whole_genome_v2_nov-11-2021.csv,Wormbase.ID
Dec-08-2023-17:55:44,whole_genome_v2_nov-11-2021.csv,Wormbase.ID
Oct-04-2023-13:01:28,whole_genome_v2_nov-11-2021.csv,Sequence.ID
Jul-03-2024-16:48:14,whole_genome_v2_nov-11-2021.csv,Wormbase.ID
Aug-25-2023-02:17:44,whole_genome_v2_nov-11-2021.csv,Wormbase.ID
Apr-19-2024-15:33:51,whole_genome_v2_nov-11-2021.csv,Wormbase.ID
Sep-11-2023-15:24:03,whole_genome_v2_nov-11-2021.csv,Sequence.ID
Aug-27-2024-21:29:23,whole_genome_v2_nov-11-2021.csv,Wormbase.ID
May-05-2024-16:49:45,whole_genome_v2_nov-11-2021.csv,Wormbase.ID
Aug-19-2024-15:32:03,whole_genome_v2_nov-11-2021.csv,Sequence.ID
Nov-17-2023-16:15:11,whole_genome_v2_nov-11-2021.csv,Wormbase.ID
Nov-14-2023-04:04:34,whole_genome_v2_nov-11-2021.csv,Wormbase.ID
Sep-27-2023-16:10:19,whole_genome_v2_nov-11-2021.csv,Wormbase.ID
Oct-01-2024-18:22:38,whole_genome_v2_nov-11-2021.csv,Wormbase.ID
Sep-28-2023-03:30:50,whole_genome_v2_nov-11-2021.csv,Wormbase.ID
Feb-24-2024-20:57:34,whole_genome_v2_nov-11-2021.csv,Sequence.ID
Sep-30-2024-14:00:08,whole_genome_v2_nov-11-2021.csv,Wormbase.ID
Nov-09-2023-17:42:23,whole_genome_v2_nov-11-2021.csv,Sequence.ID
Feb-18-2024-23:34:40,whole_genome_v2_nov-11-2021.csv,Wormbase.ID
Jun-22-2024-19:38:05,whole_genome_v2_nov-11-2021.csv,Wormbase.ID
Oct-16-2023-11:45:31,whole_genome_v2_nov-11-2021.csv,Wormbase.ID
Apr-17-2024-17:59:37,whole_genome_v2_nov-11-2021.csv,Wormbase.ID
Nov-27-2023-16:49:28,whole_genome_v2_nov-11-2021.csv,Wormbase.ID
Apr-23-2024-20:39:18,whole_genome_v2_nov-11-2021.csv,Sequence.ID
Feb-01-2024-15:08:49,whole_genome_v2_nov-11-2021.csv,Wormbase.ID
Sep-14-2023-14:43:01,whole_genome_v2_nov-11-2021.csv,Wormbase.ID
Sep-14-2023-14:42:53,whole_genome_v2_nov-11-2021.csv,Wormbase.ID
Sep-14-2023-14:43:33,whole_genome_v2_nov-11-2021.csv,Wormbase.ID
Sep-14-2023-14:43:09,whole_genome_v2_nov-11-2021.csv,Wormbase.ID
Sep-14-2023-14:43:17,whole_genome_v2_nov-11-2021.csv,Wormbase.ID
Sep-14-2023-14:43:26,whole_genome_v2_nov-11-2021.csv,Wormbase.ID
Oct-08-2024-21:31:51,whole_genome_v2_nov-11-2021.csv,Wormbase.ID
Mar-12-2024-03:19:25,whole_genome_v2_nov-11-2021.csv,Wormbase.ID
Apr-26-2024-03:06:01,whole_genome_v2_nov-11-2021.csv,Wormbase.ID
Nov-30-2023-00:31:13,whole_genome_v2_nov-11-2021.csv,Wormbase.ID
Aug-09-2023-23:47:56,whole_genome_v2_nov-11-2021.csv,Sequence.ID
Aug-16-2023-20:25:39,whole_genome_v2_nov-11-2021.csv,Wormbase.ID
Aug-19-2024-16:40:43,whole_genome_v2_nov-11-2021.csv,Wormbase.ID
Sep-18-2024-09:38:24,whole_genome_v2_nov-11-2021.csv,Wormbase.ID
Dec-30-2023-13:45:26,whole_genome_v2_nov-11-2021.csv,Wormbase.ID
Nov-28-2023-17:13:17,whole_genome_v2_nov-11-2021.csv,Wormbase.ID
Jun-02-2024-22:04:06,whole_genome_v2_nov-11-2021.csv,Wormbase.ID
Oct-02-2023-03:05:05,whole_genome_v2_nov-11-2021.csv,Wormbase.ID
May-28-2024-22:05:59,whole_genome_v2_nov-11-2021.csv,Wormbase.ID
Aug-15-2024-00:40:59,whole_genome_v2_nov-11-2021.csv,Wormbase.ID
Oct-10-2023-03:04:44,whole_genome_v2_nov-11-2021.csv,Sequence.ID
Jul-21-2024-18:38:25,whole_genome_v2_nov-11-2021.csv,Wormbase.ID
Feb-18-2024-21:53:51,whole_genome_v2_nov-11-2021.csv,Wormbase.ID
May-09-2024-16:04:33,whole_genome_v2_nov-11-2021.csv,Wormbase.ID
Aug-27-2024-17:50:18,whole_genome_v2_nov-11-2021.csv,Wormbase.ID
Feb-28-2024-14:26:32,whole_genome_v2_nov-11-2021.csv,Sequence.ID
Apr-24-2024-11:42:01,whole_genome_v2_nov-11-2021.csv,Wormbase.ID
Feb-12-2024-14:51:30,whole_genome_v2_nov-11-2021.csv,Wormbase.ID
May-21-2024-17:05:53,whole_genome_v2_nov-11-2021.csv,Wormbase.ID
Sep-05-2024-20:54:52,whole_genome_v2_nov-11-2021.csv,Wormbase.ID
Mar-15-2024-14:47:54,whole_genome_v2_nov-11-2021.csv,Sequence.ID
Sep-27-2023-14:39:16,whole_genome_v2_nov-11-2021.csv,Wormbase.ID
Mar-19-2024-10:45:50,whole_genome_v2_nov-11-2021.csv,Sequence.ID
Jun-30-2024-03:17:06,whole_genome_v2_nov-11-2021.csv,Sequence.ID
Mar-10-2024-16:21:50,whole_genome_v2_nov-11-2021.csv,Sequence.ID
Jun-25-2024-21:28:51,whole_genome_v2_nov-11-2021.csv,Wormbase.ID
Aug-10-2023-20:43:06,whole_genome_v2_nov-11-2021.csv,Wormbase.ID
Oct-29-2023-01:56:33,whole_genome_v2_nov-11-2021.csv,Sequence.ID
Feb-29-2024-11:07:38,whole_genome_v2_nov-11-2021.csv,Sequence.ID
Dec-12-2023-16:27:55,whole_genome_v2_nov-11-2021.csv,Wormbase.ID
Dec-12-2023-16:38:02,whole_genome_v2_nov-11-2021.csv,Wormbase.ID
Jun-04-2024-12:47:25,whole_genome_v2_nov-11-2021.csv,Wormbase.ID
Feb-16-2024-20:11:37,whole_genome_v2_nov-11-2021.csv,Wormbase.ID
Jun-17-2024-09:24:15,whole_genome_v2_nov-11-2021.csv,Wormbase.ID
Sep-18-2023-17:20:29,whole_genome_v2_nov-11-2021.csv,Wormbase.ID
Oct-03-2023-19:35:18,whole_genome_v2_nov-11-2021.csv,Wormbase.ID
Sep-20-2023-02:47:13,whole_genome_v2_nov-11-2021.csv,Wormbase.ID
Nov-29-2023-14:52:13,whole_genome_v2_nov-11-2021.csv,Wormbase.ID
Sep-18-2023-22:10:10,whole_genome_v2_nov-11-2021.csv,Wormbase.ID
Feb-19-2024-18:30:30,whole_genome_v2_nov-11-2021.csv,Wormbase.ID
Feb-01-2024-11:16:04,whole_genome_v2_nov-11-2021.csv,Wormbase.ID
Apr-01-2024-11:59:30,whole_genome_v2_nov-11-2021.csv,Wormbase.ID
Aug-28-2024-21:49:28,whole_genome_v2_nov-11-2021.csv,Wormbase.ID
Feb-16-2024-16:33:28,whole_genome_v2_nov-11-2021.csv,Sequence.ID
Feb-07-2024-14:00:53,whole_genome_v2_nov-11-2021.csv,Sequence.ID
Oct-03-2023-21:20:59,whole_genome_v2_nov-11-2021.csv,Wormbase.ID
Sep-12-2023-17:01:45,whole_genome_v2_nov-11-2021.csv,Wormbase.ID
Aug-31-2023-18:30:31,whole_genome_v2_nov-11-2021.csv,Wormbase.ID
Feb-27-2024-10:09:38,whole_genome_v2_nov-11-2021.csv,Wormbase.ID
Oct-15-2024-21:19:59,whole_genome_v2_nov-11-2021.csv,Wormbase.ID
Aug-23-2024-22:57:28,whole_genome_v2_nov-11-2021.csv,Wormbase.ID
Jul-11-2024-07:18:33,whole_genome_v2_nov-11-2021.csv,Sequence.ID
Dec-11-2023-18:44:18,whole_genome_v2_nov-11-2021.csv,Sequence.ID
Feb-28-2024-22:58:25,whole_genome_v2_nov-11-2021.csv,Wormbase.ID
May-03-2024-14:27:01,whole_genome_v2_nov-11-2021.csv,Wormbase.ID
May-05-2024-16:49:09,whole_genome_v2_nov-11-2021.csv,Wormbase.ID
Apr-26-2024-03:00:11,whole_genome_v2_nov-11-2021.csv,Wormbase.ID
Sep-19-2023-17:41:11,whole_genome_v2_nov-11-2021.csv,Wormbase.ID
Nov-22-2023-07:14:45,whole_genome_v2_nov-11-2021.csv,Wormbase.ID
Sep-05-2024-22:49:36,whole_genome_v2_nov-11-2021.csv,Wormbase.ID
May-19-2024-20:42:45,whole_genome_v2_nov-11-2021.csv,Sequence.ID
Mar-02-2024-00:25:25,whole_genome_v2_nov-11-2021.csv,Wormbase.ID
Sep-19-2023-22:42:28,orfeome_v2_nov-11-2021.csv,Wormbase.ID
Mar-12-2024-16:50:46,whole_genome_v2_nov-11-2021.csv,Wormbase.ID
Mar-08-2024-23:39:30,whole_genome_v2_nov-11-2021.csv,Wormbase.ID
Aug-28-2023-21:52:47,whole_genome_v2_nov-11-2021.csv,Wormbase.ID
Nov-04-2023-15:38:48,whole_genome_v2_nov-11-2021.csv,Wormbase.ID
Aug-14-2024-14:50:27,whole_genome_v2_nov-11-2021.csv,Wormbase.ID
Mar-08-2024-21:39:55,whole_genome_v2_nov-11-2021.csv,Wormbase.ID
May-14-2024-10:34:22,whole_genome_v2_nov-11-2021.csv,Wormbase.ID
Dec-18-2023-23:09:06,whole_genome_v2_nov-11-2021.csv,Sequence.ID
Sep-18-2023-17:37:35,whole_genome_v2_nov-11-2021.csv,Sequence.ID
Oct-23-2023-18:05:26,whole_genome_v2_nov-11-2021.csv,Sequence.ID
Apr-01-2024-05:00:09,whole_genome_v2_nov-11-2021.csv,Wormbase.ID
Jul-22-2024-23:30:50,whole_genome_v2_nov-11-2021.csv,Wormbase.ID
Oct-27-2023-21:56:44,whole_genome_v2_nov-11-2021.csv,Wormbase.ID
May-17-2024-13:16:21,whole_genome_v2_nov-11-2021.csv,Wormbase.ID
May-28-2024-13:39:13,whole_genome_v2_nov-11-2021.csv,Wormbase.ID
Jul-26-2024-21:29:18,whole_genome_v2_nov-11-2021.csv,Wormbase.ID
Sep-29-2023-01:45:16,whole_genome_v2_nov-11-2021.csv,Wormbase.ID
Feb-14-2024-14:45:08,whole_genome_v2_nov-11-2021.csv,Wormbase.ID
Sep-25-2023-23:41:42,whole_genome_v2_nov-11-2021.csv,Wormbase.ID
Apr-29-2024-19:12:34,whole_genome_v2_nov-11-2021.csv,Wormbase.ID
Feb-15-2024-09:08:58,whole_genome_v2_nov-11-2021.csv,Wormbase.ID
Oct-11-2023-18:18:26,ORF_only_v2_nov-11-2021.csv,Wormbase.ID
Nov-29-2023-22:24:53,whole_genome_v2_nov-11-2021.csv,Wormbase.ID
Feb-22-2024-19:53:54,whole_genome_v2_nov-11-2021.csv,Wormbase.ID
Mar-27-2024-10:39:47,whole_genome_v2_nov-11-2021.csv,Wormbase.ID
Mar-31-2024-22:36:17,whole_genome_v2_nov-11-2021.csv,Sequence.ID
Aug-08-2023-09:32:18,whole_genome_v2_nov-11-2021.csv,Wormbase.ID
Aug-19-2023-07:54:06,whole_genome_v2_nov-11-2021.csv,Wormbase.ID
Dec-07-2023-17:58:57,whole_genome_v2_nov-11-2021.csv,Wormbase.ID
Aug-08-2023-15:16:01,whole_genome_v2_nov-11-2021.csv,Sequence.ID
Aug-08-2023-01:09:06,whole_genome_v2_nov-11-2021.csv,Wormbase.ID
Jul-19-2024-12:44:40,whole_genome_v2_nov-11-2021.csv,Wormbase.ID
Nov-29-2023-16:31:42,whole_genome_v2_nov-11-2021.csv,Wormbase.ID
Jan-29-2024-19:44:36,whole_genome_v1_jul-03-2019.csv,Wormbase.ID
Sep-22-2023-20:29:24,whole_genome_v2_nov-11-2021.csv,Wormbase.ID
Sep-11-2023-19:17:10,whole_genome_v2_nov-11-2021.csv,Wormbase.ID
Feb-08-2024-16:14:27,whole_genome_v2_nov-11-2021.csv,Sequence.ID
May-28-2024-18:24:33,whole_genome_v2_nov-11-2021.csv,Wormbase.ID
Feb-14-2024-14:37:17,whole_genome_v2_nov-11-2021.csv,Wormbase.ID
Jul-02-2024-20:44:57,whole_genome_v2_nov-11-2021.csv,Wormbase.ID
Dec-14-2023-20:11:35,whole_genome_v2_nov-11-2021.csv,Sequence.ID
Aug-27-2024-17:48:18,whole_genome_v2_nov-11-2021.csv,Wormbase.ID
Nov-17-2023-20:18:03,whole_genome_v2_nov-11-2021.csv,Sequence.ID
Sep-10-2024-19:41:13,whole_genome_v2_nov-11-2021.csv,Wormbase.ID
Sep-19-2024-18:39:47,whole_genome_v2_nov-11-2021.csv,Wormbase.ID
Mar-01-2024-23:59:45,whole_genome_v2_nov-11-2021.csv,Wormbase.ID
Jul-10-2024-14:12:10,whole_genome_v2_nov-11-2021.csv,Wormbase.ID
Jul-02-2024-06:02:56,whole_genome_v2_nov-11-2021.csv,Sequence.ID
Mar-01-2024-18:30:18,whole_genome_v2_nov-11-2021.csv,Wormbase.ID
Sep-13-2023-20:11:23,whole_genome_v2_nov-11-2021.csv,Wormbase.ID
Jan-11-2024-19:53:31,whole_genome_v2_nov-11-2021.csv,Sequence.ID
Mar-19-2024-08:36:28,whole_genome_v2_nov-11-2021.csv,Sequence.ID
Oct-29-2023-16:58:36,whole_genome_v2_nov-11-2021.csv,Wormbase.ID
Jun-05-2024-20:26:23,whole_genome_v2_nov-11-2021.csv,Wormbase.ID
Mar-26-2024-17:21:46,whole_genome_v2_nov-11-2021.csv,Wormbase.ID
Jul-25-2024-19:43:55,whole_genome_v2_nov-11-2021.csv,Wormbase.ID
Jul-22-2024-02:01:26,whole_genome_v2_nov-11-2021.csv,Wormbase.ID
Dec-07-2023-13:43:34,whole_genome_v2_nov-11-2021.csv,Sequence.ID
Aug-28-2024-17:25:50,whole_genome_v2_nov-11-2021.csv,Wormbase.ID
Aug-02-2024-14:04:26,whole_genome_v2_nov-11-2021.csv,Wormbase.ID
Aug-14-2023-00:10:36,whole_genome_v2_nov-11-2021.csv,Wormbase.ID
Mar-07-2024-01:06:42,whole_genome_v2_nov-11-2021.csv,Wormbase.ID
Oct-24-2023-14:00:12,whole_genome_v2_nov-11-2021.csv,Wormbase.ID
Feb-06-2024-06:39:29,whole_genome_v2_nov-11-2021.csv,Wormbase.ID
Sep-28-2023-03:44:53,whole_genome_v2_nov-11-2021.csv,Wormbase.ID
Aug-06-2024-03:58:36,whole_genome_v2_nov-11-2021.csv,Wormbase.ID
Oct-29-2023-16:06:19,whole_genome_v2_nov-11-2021.csv,Wormbase.ID
Sep-15-2024-22:59:29,whole_genome_v2_nov-11-2021.csv,Wormbase.ID
Jul-03-2024-18:13:27,whole_genome_v2_nov-11-2021.csv,Wormbase.ID
Apr-17-2024-19:23:49,whole_genome_v2_nov-11-2021.csv,Wormbase.ID
Sep-26-2024-04:14:01,whole_genome_v2_nov-11-2021.csv,Wormbase.ID
Apr-09-2024-02:15:25,whole_genome_v2_nov-11-2021.csv,Wormbase.ID
Jun-27-2024-13:42:16,whole_genome_v2_nov-11-2021.csv,Wormbase.ID
Sep-19-2024-09:09:26,whole_genome_v2_nov-11-2021.csv,Wormbase.ID
Sep-04-2024-14:33:15,whole_genome_v2_nov-11-2021.csv,Sequence.ID
Dec-11-2023-18:49:50,whole_genome_v2_nov-11-2021.csv,Sequence.ID
Mar-08-2024-22:20:34,whole_genome_v2_nov-11-2021.csv,Wormbase.ID
Feb-15-2024-17:05:13,whole_genome_v2_nov-11-2021.csv,Wormbase.ID
Apr-18-2024-06:41:12,whole_genome_v2_nov-11-2021.csv,Sequence.ID
Aug-23-2023-07:23:54,whole_genome_v2_nov-11-2021.csv,Wormbase.ID
May-07-2024-14:25:59,whole_genome_v2_nov-11-2021.csv,Wormbase.ID
Aug-22-2024-19:52:09,whole_genome_v2_nov-11-2021.csv,Wormbase.ID
Sep-18-2023-17:12:27,whole_genome_v2_nov-11-2021.csv,Wormbase.ID
Jul-21-2024-18:43:56,whole_genome_v2_nov-11-2021.csv,Wormbase.ID
Dec-05-2023-22:19:37,whole_genome_v2_nov-11-2021.csv,Wormbase.ID
Feb-29-2024-10:42:57,whole_genome_v2_nov-11-2021.csv,Sequence.ID
Jul-22-2024-06:41:57,whole_genome_v2_nov-11-2021.csv,Wormbase.ID
Apr-15-2024-02:01:44,whole_genome_v2_nov-11-2021.csv,Wormbase.ID
Aug-27-2024-17:52:04,whole_genome_v2_nov-11-2021.csv,Wormbase.ID
Aug-14-2023-17:14:52,whole_genome_v2_nov-11-2021.csv,Wormbase.ID
Oct-06-2023-11:54:04,whole_genome_v2_nov-11-2021.csv,Wormbase.ID
May-13-2024-09:20:10,whole_genome_v2_nov-11-2021.csv,Wormbase.ID
Feb-08-2024-01:44:02,whole_genome_v2_nov-11-2021.csv,Wormbase.ID
Apr-02-2024-21:20:08,whole_genome_v2_nov-11-2021.csv,Wormbase.ID
Oct-07-2024-22:00:17,whole_genome_v2_nov-11-2021.csv,Wormbase.ID
Feb-21-2024-02:15:29,whole_genome_v2_nov-11-2021.csv,Wormbase.ID
Sep-28-2023-01:09:00,whole_genome_v2_nov-11-2021.csv,Wormbase.ID
Aug-08-2023-01:56:25,whole_genome_v2_nov-11-2021.csv,Wormbase.ID
Sep-16-2024-00:57:28,whole_genome_v2_nov-11-2021.csv,Wormbase.ID
Nov-04-2023-12:57:52,whole_genome_v2_nov-11-2021.csv,Wormbase.ID
Oct-07-2023-12:08:25,whole_genome_v2_nov-11-2021.csv,Sequence.ID
Sep-19-2024-06:57:48,whole_genome_v2_nov-11-2021.csv,Wormbase.ID
Sep-18-2023-17:18:19,whole_genome_v2_nov-11-2021.csv,Wormbase.ID
Jan-15-2024-20:55:09,whole_genome_v2_nov-11-2021.csv,Wormbase.ID
Aug-28-2024-18:41:44,whole_genome_v2_nov-11-2021.csv,Wormbase.ID
Oct-08-2024-09:35:30,whole_genome_v2_nov-11-2021.csv,Wormbase.ID
Apr-18-2024-06:41:07,whole_genome_v2_nov-11-2021.csv,Sequence.ID
Nov-10-2023-03:07:40,whole_genome_v2_nov-11-2021.csv,Sequence.ID
Aug-28-2023-00:38:09,whole_genome_v2_nov-11-2021.csv,Wormbase.ID
Feb-16-2024-15:25:43,whole_genome_v2_nov-11-2021.csv,Sequence.ID
Oct-11-2024-13:40:46,whole_genome_v2_nov-11-2021.csv,Wormbase.ID
Sep-18-2023-17:11:04,whole_genome_v2_nov-11-2021.csv,Wormbase.ID
Jul-20-2024-13:13:47,whole_genome_v2_nov-11-2021.csv,Wormbase.ID
Feb-22-2024-17:08:05,whole_genome_v2_nov-11-2021.csv,Wormbase.ID
Jul-28-2024-17:07:23,whole_genome_v2_nov-11-2021.csv,Wormbase.ID
Jul-12-2024-19:37:48,whole_genome_v2_nov-11-2021.csv,Wormbase.ID
Dec-30-2023-22:21:31,whole_genome_v2_nov-11-2021.csv,Wormbase.ID
Oct-05-2023-13:23:21,whole_genome_v2_nov-11-2021.csv,Wormbase.ID
Dec-18-2023-19:07:51,whole_genome_v2_nov-11-2021.csv,Wormbase.ID
Feb-02-2024-21:50:04,whole_genome_v2_nov-11-2021.csv,Wormbase.ID
Nov-16-2023-18:46:18,whole_genome_v2_nov-11-2021.csv,Wormbase.ID
Jun-27-2024-21:18:03,whole_genome_v2_nov-11-2021.csv,Wormbase.ID
Mar-19-2024-14:47:24,whole_genome_v2_nov-11-2021.csv,Wormbase.ID
Feb-29-2024-14:50:33,whole_genome_v2_nov-11-2021.csv,Wormbase.ID
Jun-11-2024-22:03:02,whole_genome_v2_nov-11-2021.csv,Wormbase.ID
Sep-05-2024-05:28:25,whole_genome_v2_nov-11-2021.csv,Wormbase.ID
Sep-05-2024-20:23:50,whole_genome_v2_nov-11-2021.csv,Wormbase.ID
Apr-02-2024-17:00:44,whole_genome_v2_nov-11-2021.csv,Wormbase.ID
Aug-02-2024-19:34:48,whole_genome_v2_nov-11-2021.csv,Wormbase.ID
Feb-27-2024-18:03:25,ahringer_v2_nov-11-2021.csv,Sequence.ID
May-15-2024-03:52:00,whole_genome_v2_nov-11-2021.csv,Wormbase.ID
May-06-2024-05:11:17,whole_genome_v2_nov-11-2021.csv,Wormbase.ID
Apr-30-2024-00:29:04,whole_genome_v2_nov-11-2021.csv,Wormbase.ID
Aug-14-2023-18:33:07,whole_genome_v2_nov-11-2021.csv,Wormbase.ID
Aug-17-2023-18:32:38,whole_genome_v2_nov-11-2021.csv,Wormbase.ID
Dec-13-2023-03:39:40,whole_genome_v2_nov-11-2021.csv,Wormbase.ID
Apr-30-2024-02:53:09,whole_genome_v2_nov-11-2021.csv,Wormbase.ID
May-16-2024-07:07:22,ahringer_v2_nov-11-2021.csv,Wormbase.ID
Apr-24-2024-12:30:49,whole_genome_v2_nov-11-2021.csv,Wormbase.ID
Apr-24-2024-12:30:57,whole_genome_v2_nov-11-2021.csv,Wormbase.ID
Apr-24-2024-12:31:05,whole_genome_v2_nov-11-2021.csv,Wormbase.ID
Sep-11-2023-21:23:20,whole_genome_v2_nov-11-2021.csv,Sequence.ID
Nov-14-2023-13:31:12,whole_genome_v2_nov-11-2021.csv,Wormbase.ID
Nov-14-2023-13:30:48,whole_genome_v2_nov-11-2021.csv,Wormbase.ID
Nov-14-2023-13:30:56,whole_genome_v2_nov-11-2021.csv,Wormbase.ID
Nov-14-2023-13:31:04,whole_genome_v2_nov-11-2021.csv,Wormbase.ID
Nov-14-2023-13:31:21,whole_genome_v2_nov-11-2021.csv,Wormbase.ID
Mar-05-2024-21:02:06,whole_genome_v2_nov-11-2021.csv,Wormbase.ID
Dec-06-2023-16:39:37,whole_genome_v2_nov-11-2021.csv,Wormbase.ID
Aug-27-2024-18:39:46,whole_genome_v2_nov-11-2021.csv,Wormbase.ID
Feb-23-2024-16:54:51,whole_genome_v2_nov-11-2021.csv,Wormbase.ID
Mar-27-2024-10:38:30,whole_genome_v2_nov-11-2021.csv,Wormbase.ID
Jul-24-2024-19:21:04,whole_genome_v2_nov-11-2021.csv,Wormbase.ID
Aug-06-2024-11:01:21,whole_genome_v2_nov-11-2021.csv,Sequence.ID
Aug-09-2023-04:23:15,whole_genome_v2_nov-11-2021.csv,Wormbase.ID
Feb-16-2024-16:11:20,whole_genome_v2_nov-11-2021.csv,Sequence.ID
Mar-23-2024-21:48:45,whole_genome_v2_nov-11-2021.csv,Wormbase.ID
Sep-11-2023-05:58:05,whole_genome_v2_nov-11-2021.csv,Wormbase.ID
Aug-20-2023-12:17:28,whole_genome_v2_nov-11-2021.csv,Wormbase.ID
Jan-01-2024-20:04:22,whole_genome_v2_nov-11-2021.csv,Wormbase.ID
Apr-12-2024-01:08:10,whole_genome_v2_nov-11-2021.csv,Wormbase.ID
Jun-25-2024-15:27:40,whole_genome_v2_nov-11-2021.csv,Wormbase.ID
Jun-25-2024-15:27:28,whole_genome_v2_nov-11-2021.csv,Wormbase.ID
Sep-19-2023-16:58:03,whole_genome_v2_nov-11-2021.csv,Wormbase.ID
Aug-13-2023-18:59:23,whole_genome_v2_nov-11-2021.csv,Wormbase.ID
Apr-16-2024-13:07:59,whole_genome_v2_nov-11-2021.csv,Wormbase.ID
Mar-29-2024-19:06:25,whole_genome_v2_nov-11-2021.csv,Wormbase.ID
Aug-28-2023-16:14:15,whole_genome_v2_nov-11-2021.csv,Wormbase.ID
Oct-01-2024-00:53:42,whole_genome_v2_nov-11-2021.csv,Wormbase.ID
Oct-11-2024-13:53:57,whole_genome_v2_nov-11-2021.csv,Wormbase.ID
Dec-11-2023-16:22:02,whole_genome_v2_nov-11-2021.csv,Wormbase.ID
Jan-08-2024-06:10:07,whole_genome_v2_nov-11-2021.csv,Wormbase.ID
Sep-13-2023-03:03:47,whole_genome_v2_nov-11-2021.csv,Wormbase.ID
Nov-29-2023-22:08:29,whole_genome_v2_nov-11-2021.csv,Wormbase.ID
May-10-2024-14:19:32,whole_genome_v2_nov-11-2021.csv,Wormbase.ID
Aug-29-2024-17:11:06,whole_genome_v2_nov-11-2021.csv,Wormbase.ID
Sep-22-2023-00:04:32,whole_genome_v2_nov-11-2021.csv,Wormbase.ID
Apr-04-2024-08:18:06,whole_genome_v2_nov-11-2021.csv,Wormbase.ID
Feb-18-2024-18:55:40,whole_genome_v2_nov-11-2021.csv,Wormbase.ID
Jun-27-2024-21:12:01,whole_genome_v2_nov-11-2021.csv,Wormbase.ID
May-08-2024-09:20:05,whole_genome_v2_nov-11-2021.csv,Wormbase.ID
Aug-30-2023-22:12:46,whole_genome_v2_nov-11-2021.csv,Wormbase.ID
Aug-13-2024-16:27:49,whole_genome_v2_nov-11-2021.csv,Wormbase.ID
Oct-29-2023-16:02:40,whole_genome_v2_nov-11-2021.csv,Wormbase.ID
Sep-14-2024-23:57:31,whole_genome_v2_nov-11-2021.csv,Wormbase.ID
Sep-18-2023-17:03:05,whole_genome_v2_nov-11-2021.csv,Sequence.ID
Apr-10-2024-16:59:47,ORF_only_v2_nov-11-2021.csv,Wormbase.ID
Oct-20-2023-03:41:29,whole_genome_v2_nov-11-2021.csv,Wormbase.ID
Mar-18-2024-13:44:37,whole_genome_v2_nov-11-2021.csv,Wormbase.ID
Jul-18-2024-18:44:16,whole_genome_v2_nov-11-2021.csv,Wormbase.ID
Jun-28-2024-13:16:17,whole_genome_v2_nov-11-2021.csv,Wormbase.ID
Jun-04-2024-09:47:54,whole_genome_v2_nov-11-2021.csv,Wormbase.ID
Aug-28-2023-15:57:50,whole_genome_v2_nov-11-2021.csv,Wormbase.ID
Oct-31-2023-01:33:29,whole_genome_v2_nov-11-2021.csv,Wormbase.ID
Jun-11-2024-00:52:06,whole_genome_v2_nov-11-2021.csv,Wormbase.ID
Sep-14-2023-14:50:58,whole_genome_v2_nov-11-2021.csv,Wormbase.ID
May-16-2024-10:53:48,ahringer_v2_nov-11-2021.csv,Wormbase.ID
May-21-2024-19:31:55,whole_genome_v2_nov-11-2021.csv,Wormbase.ID
Sep-19-2023-20:20:10,whole_genome_v2_nov-11-2021.csv,Wormbase.ID
Feb-05-2024-19:43:45,whole_genome_v2_nov-11-2021.csv,Wormbase.ID
Oct-10-2024-17:03:48,whole_genome_v2_nov-11-2021.csv,Wormbase.ID
Dec-06-2023-19:54:48,whole_genome_v2_nov-11-2021.csv,Wormbase.ID
Jun-11-2024-08:53:46,whole_genome_v2_nov-11-2021.csv,Wormbase.ID
Oct-05-2023-01:04:25,whole_genome_v2_nov-11-2021.csv,Wormbase.ID
Aug-28-2023-17:27:38,whole_genome_v2_nov-11-2021.csv,Wormbase.ID
Oct-24-2023-15:09:55,whole_genome_v2_nov-11-2021.csv,Wormbase.ID
Feb-16-2024-21:03:45,whole_genome_v2_nov-11-2021.csv,Wormbase.ID
Apr-06-2024-17:02:20,whole_genome_v2_nov-11-2021.csv,Wormbase.ID
Jul-22-2024-17:01:52,whole_genome_v2_nov-11-2021.csv,Wormbase.ID
Nov-02-2023-21:57:18,whole_genome_v2_nov-11-2021.csv,Wormbase.ID
Sep-05-2023-15:13:40,whole_genome_v2_nov-11-2021.csv,Wormbase.ID
Feb-15-2024-05:56:50,whole_genome_v2_nov-11-2021.csv,Sequence.ID
Aug-04-2024-08:00:42,whole_genome_v2_nov-11-2021.csv,Wormbase.ID
Jan-09-2024-16:16:24,whole_genome_v2_nov-11-2021.csv,Sequence.ID
Nov-27-2023-16:30:31,whole_genome_v2_nov-11-2021.csv,Wormbase.ID
Sep-07-2024-03:12:33,whole_genome_v2_nov-11-2021.csv,Wormbase.ID
May-05-2024-17:40:03,whole_genome_v2_nov-11-2021.csv,Wormbase.ID
Jun-04-2024-10:14:52,whole_genome_v2_nov-11-2021.csv,Wormbase.ID
Jul-02-2024-18:29:20,whole_genome_v2_nov-11-2021.csv,Wormbase.ID
Aug-10-2023-21:49:52,whole_genome_v2_nov-11-2021.csv,Wormbase.ID
Aug-17-2023-19:07:32,whole_genome_v2_nov-11-2021.csv,Wormbase.ID
Sep-27-2023-16:44:30,whole_genome_v2_nov-11-2021.csv,Wormbase.ID
Dec-06-2023-19:57:00,whole_genome_v2_nov-11-2021.csv,Wormbase.ID
Jun-27-2024-20:57:56,whole_genome_v2_nov-11-2021.csv,Wormbase.ID
Aug-10-2023-20:54:53,whole_genome_v2_nov-11-2021.csv,Wormbase.ID
Nov-21-2023-15:14:57,whole_genome_v2_nov-11-2021.csv,Wormbase.ID
Aug-08-2023-09:53:01,whole_genome_v2_nov-11-2021.csv,Wormbase.ID
Jun-07-2024-15:49:48,whole_genome_v2_nov-11-2021.csv,Wormbase.ID
Oct-16-2024-22:57:34,whole_genome_v2_nov-11-2021.csv,Sequence.ID
Nov-23-2023-15:00:18,whole_genome_v2_nov-11-2021.csv,Wormbase.ID
Aug-17-2024-22:49:09,whole_genome_v2_nov-11-2021.csv,Wormbase.ID
Jul-23-2024-14:54:47,whole_genome_v2_nov-11-2021.csv,Sequence.ID
Aug-17-2023-17:11:47,whole_genome_v2_nov-11-2021.csv,Wormbase.ID
Sep-13-2024-01:25:53,whole_genome_v2_nov-11-2021.csv,Wormbase.ID
Apr-20-2024-00:36:33,whole_genome_v2_nov-11-2021.csv,Wormbase.ID
Jun-05-2024-01:22:28,whole_genome_v2_nov-11-2021.csv,Sequence.ID
Mar-28-2024-04:53:31,whole_genome_v2_nov-11-2021.csv,Wormbase.ID
Jul-27-2024-00:03:01,whole_genome_v2_nov-11-2021.csv,Wormbase.ID
Aug-19-2023-07:45:55,whole_genome_v2_nov-11-2021.csv,Wormbase.ID
Apr-29-2024-13:36:49,whole_genome_v2_nov-11-2021.csv,Wormbase.ID
Apr-29-2024-13:36:41,whole_genome_v2_nov-11-2021.csv,Wormbase.ID
May-10-2024-18:35:59,whole_genome_v2_nov-11-2021.csv,Wormbase.ID
Nov-03-2023-15:44:40,whole_genome_v2_nov-11-2021.csv,Wormbase.ID
May-06-2024-19:32:34,whole_genome_v2_nov-11-2021.csv,Wormbase.ID
Sep-13-2023-18:51:34,whole_genome_v2_nov-11-2021.csv,Wormbase.ID
Feb-03-2024-18:37:18,whole_genome_v2_nov-11-2021.csv,Wormbase.ID
Nov-09-2023-22:30:41,whole_genome_v2_nov-11-2021.csv,Wormbase.ID
Nov-22-2023-10:16:07,whole_genome_v2_nov-11-2021.csv,Wormbase.ID
Jun-18-2024-20:51:36,whole_genome_v2_nov-11-2021.csv,Wormbase.ID
Jun-28-2024-01:00:59,whole_genome_v2_nov-11-2021.csv,Wormbase.ID
Feb-23-2024-23:09:27,whole_genome_v2_nov-11-2021.csv,Wormbase.ID
Oct-03-2023-05:20:22,whole_genome_v2_nov-11-2021.csv,Sequence.ID
Oct-04-2023-17:47:29,whole_genome_v2_nov-11-2021.csv,Wormbase.ID
Oct-04-2023-17:47:59,whole_genome_v2_nov-11-2021.csv,Wormbase.ID
Oct-04-2023-17:48:15,whole_genome_v2_nov-11-2021.csv,Wormbase.ID
Oct-04-2023-17:47:52,whole_genome_v2_nov-11-2021.csv,Wormbase.ID
Oct-04-2023-17:47:21,whole_genome_v2_nov-11-2021.csv,Wormbase.ID
Oct-04-2023-17:48:07,whole_genome_v2_nov-11-2021.csv,Wormbase.ID
Oct-04-2023-17:47:37,whole_genome_v2_nov-11-2021.csv,Wormbase.ID
Oct-04-2023-17:47:44,whole_genome_v2_nov-11-2021.csv,Wormbase.ID
May-07-2024-15:21:01,whole_genome_v2_nov-11-2021.csv,Wormbase.ID
Apr-09-2024-19:41:54,whole_genome_v2_nov-11-2021.csv,Wormbase.ID
Aug-28-2024-17:38:44,whole_genome_v2_nov-11-2021.csv,Wormbase.ID
Jul-28-2024-17:28:16,whole_genome_v2_nov-11-2021.csv,Wormbase.ID
Sep-18-2023-17:20:33,whole_genome_v2_nov-11-2021.csv,Sequence.ID
Aug-10-2023-12:00:52,whole_genome_v2_nov-11-2021.csv,Wormbase.ID
Apr-07-2024-23:57:32,whole_genome_v2_nov-11-2021.csv,Wormbase.ID
May-29-2024-16:45:30,whole_genome_v2_nov-11-2021.csv,Wormbase.ID
Nov-01-2023-16:52:06,whole_genome_v2_nov-11-2021.csv,Sequence.ID
Aug-28-2024-17:22:25,whole_genome_v2_nov-11-2021.csv,Wormbase.ID
Jun-27-2024-22:20:00,whole_genome_v2_nov-11-2021.csv,Wormbase.ID
May-16-2024-18:52:26,whole_genome_v2_nov-11-2021.csv,Wormbase.ID
Sep-27-2023-21:25:05,whole_genome_v2_nov-11-2021.csv,Wormbase.ID
May-15-2024-22:59:07,whole_genome_v2_nov-11-2021.csv,Wormbase.ID
Oct-05-2023-13:18:53,whole_genome_v2_nov-11-2021.csv,Wormbase.ID
Aug-29-2024-02:32:43,whole_genome_v2_nov-11-2021.csv,Wormbase.ID
Sep-25-2023-13:35:02,whole_genome_v2_nov-11-2021.csv,Wormbase.ID
Feb-07-2024-21:32:23,whole_genome_v2_nov-11-2021.csv,Wormbase.ID
Mar-21-2024-10:31:03,whole_genome_v2_nov-11-2021.csv,Wormbase.ID
Jan-26-2024-15:24:23,whole_genome_v2_nov-11-2021.csv,Wormbase.ID
Jan-24-2024-07:36:21,whole_genome_v2_nov-11-2021.csv,Sequence.ID
Sep-02-2024-09:43:05,whole_genome_v2_nov-11-2021.csv,Sequence.ID
Dec-02-2023-08:29:58,whole_genome_v2_nov-11-2021.csv,Wormbase.ID
Sep-18-2023-17:10:43,whole_genome_v2_nov-11-2021.csv,Sequence.ID
Apr-23-2024-15:27:57,whole_genome_v2_nov-11-2021.csv,Wormbase.ID
Sep-26-2024-01:38:34,whole_genome_v2_nov-11-2021.csv,Wormbase.ID
Dec-06-2023-06:49:25,whole_genome_v2_nov-11-2021.csv,Sequence.ID
Jul-22-2024-13:32:11,whole_genome_v2_nov-11-2021.csv,Sequence.ID
Sep-28-2023-03:43:51,whole_genome_v2_nov-11-2021.csv,Wormbase.ID
May-19-2024-19:50:54,whole_genome_v2_nov-11-2021.csv,Wormbase.ID
May-13-2024-19:22:59,whole_genome_v2_nov-11-2021.csv,Sequence.ID
Apr-17-2024-17:57:33,whole_genome_v2_nov-11-2021.csv,Wormbase.ID
Aug-28-2024-17:18:23,whole_genome_v2_nov-11-2021.csv,Wormbase.ID
Sep-27-2024-18:54:40,whole_genome_v2_nov-11-2021.csv,Wormbase.ID
Jul-28-2024-16:54:33,whole_genome_v2_nov-11-2021.csv,Wormbase.ID
Sep-19-2023-18:04:33,whole_genome_v2_nov-11-2021.csv,Wormbase.ID
Aug-28-2024-17:16:47,whole_genome_v2_nov-11-2021.csv,Wormbase.ID
Oct-23-2023-18:03:27,whole_genome_v2_nov-11-2021.csv,Sequence.ID
Jul-29-2024-14:36:27,whole_genome_v2_nov-11-2021.csv,Wormbase.ID
Sep-15-2024-00:51:54,whole_genome_v2_nov-11-2021.csv,Wormbase.ID
Sep-15-2023-17:19:41,whole_genome_v2_nov-11-2021.csv,Wormbase.ID
Sep-19-2024-12:43:47,whole_genome_v2_nov-11-2021.csv,Wormbase.ID
Sep-18-2023-16:47:48,whole_genome_v2_nov-11-2021.csv,Wormbase.ID
Aug-17-2023-19:01:43,whole_genome_v2_nov-11-2021.csv,Wormbase.ID
Sep-01-2024-10:40:29,whole_genome_v2_nov-11-2021.csv,Wormbase.ID
Nov-26-2023-11:59:19,whole_genome_v2_nov-11-2021.csv,Wormbase.ID
Feb-16-2024-17:44:53,whole_genome_v2_nov-11-2021.csv,Wormbase.ID
Jun-03-2024-11:55:43,whole_genome_v2_nov-11-2021.csv,Wormbase.ID
Aug-28-2024-15:41:19,whole_genome_v2_nov-11-2021.csv,Wormbase.ID
Jun-24-2024-16:45:02,whole_genome_v2_nov-11-2021.csv,Wormbase.ID
Aug-28-2023-22:57:14,whole_genome_v2_nov-11-2021.csv,Wormbase.ID
Apr-01-2024-14:58:21,whole_genome_v2_nov-11-2021.csv,Sequence.ID
Feb-29-2024-16:31:22,whole_genome_v2_nov-11-2021.csv,Wormbase.ID
Feb-18-2024-15:26:04,whole_genome_v2_nov-11-2021.csv,Wormbase.ID
Jun-30-2024-05:45:04,whole_genome_v2_nov-11-2021.csv,Sequence.ID
Sep-26-2024-01:46:18,whole_genome_v2_nov-11-2021.csv,Wormbase.ID
Sep-27-2024-16:34:59,whole_genome_v2_nov-11-2021.csv,Wormbase.ID
Jul-02-2024-16:02:22,whole_genome_v2_nov-11-2021.csv,Wormbase.ID
Apr-11-2024-03:32:25,whole_genome_v2_nov-11-2021.csv,Wormbase.ID
Jul-31-2024-12:53:31,whole_genome_v2_nov-11-2021.csv,Wormbase.ID
Oct-04-2024-19:58:35,whole_genome_v2_nov-11-2021.csv,Wormbase.ID
Oct-11-2024-14:28:36,whole_genome_v2_nov-11-2021.csv,Wormbase.ID
Nov-13-2023-02:29:46,whole_genome_v2_nov-11-2021.csv,Sequence.ID
Nov-09-2023-20:54:30,whole_genome_v2_nov-11-2021.csv,Wormbase.ID
Aug-28-2024-17:14:44,whole_genome_v2_nov-11-2021.csv,Wormbase.ID
Oct-02-2024-20:15:12,whole_genome_v2_nov-11-2021.csv,Wormbase.ID
Sep-19-2023-16:52:39,whole_genome_v2_nov-11-2021.csv,Wormbase.ID
Sep-11-2024-23:51:38,whole_genome_v2_nov-11-2021.csv,Wormbase.ID
Jan-06-2024-00:02:45,whole_genome_v2_nov-11-2021.csv,Wormbase.ID
Mar-06-2024-01:53:36,whole_genome_v2_nov-11-2021.csv,Sequence.ID
Sep-18-2023-17:32:37,whole_genome_v2_nov-11-2021.csv,Wormbase.ID
Jan-30-2024-19:56:37,whole_genome_v2_nov-11-2021.csv,Wormbase.ID
Jul-01-2024-02:00:12,whole_genome_v2_nov-11-2021.csv,Wormbase.ID
Feb-09-2024-14:38:38,whole_genome_v2_nov-11-2021.csv,Sequence.ID
Jul-18-2024-18:10:16,whole_genome_v2_nov-11-2021.csv,Wormbase.ID
Nov-27-2023-16:09:09,whole_genome_v2_nov-11-2021.csv,Wormbase.ID
May-05-2024-16:18:28,whole_genome_v2_nov-11-2021.csv,Sequence.ID
Apr-12-2024-12:26:57,whole_genome_v2_nov-11-2021.csv,Wormbase.ID
Sep-16-2023-12:37:00,whole_genome_v2_nov-11-2021.csv,Sequence.ID
Nov-14-2023-16:17:15,whole_genome_v2_nov-11-2021.csv,Wormbase.ID
Sep-29-2023-17:58:04,whole_genome_v2_nov-11-2021.csv,Wormbase.ID
Jun-26-2024-19:50:08,whole_genome_v2_nov-11-2021.csv,Wormbase.ID
Feb-27-2024-09:05:03,whole_genome_v2_nov-11-2021.csv,Wormbase.ID
Aug-28-2024-17:21:31,whole_genome_v2_nov-11-2021.csv,Wormbase.ID
Oct-02-2023-13:54:35,whole_genome_v2_nov-11-2021.csv,Wormbase.ID
Sep-19-2023-18:44:44,whole_genome_v2_nov-11-2021.csv,Sequence.ID
Oct-03-2023-19:33:21,whole_genome_v2_nov-11-2021.csv,Wormbase.ID
Sep-19-2023-16:49:42,whole_genome_v2_nov-11-2021.csv,Wormbase.ID
Dec-19-2023-16:50:50,whole_genome_v2_nov-11-2021.csv,Wormbase.ID
Sep-13-2023-03:00:56,whole_genome_v2_nov-11-2021.csv,Wormbase.ID
Oct-23-2023-17:37:39,whole_genome_v2_nov-11-2021.csv,Sequence.ID
Oct-03-2023-14:08:20,whole_genome_v2_nov-11-2021.csv,Sequence.ID
Aug-06-2024-14:14:49,whole_genome_v2_nov-11-2021.csv,Wormbase.ID
May-22-2024-18:19:28,whole_genome_v2_nov-11-2021.csv,Wormbase.ID
May-24-2024-13:45:04,whole_genome_v2_nov-11-2021.csv,Wormbase.ID
Aug-10-2023-21:52:37,whole_genome_v2_nov-11-2021.csv,Wormbase.ID
Aug-28-2024-17:21:24,whole_genome_v2_nov-11-2021.csv,Wormbase.ID
Aug-04-2024-10:46:29,whole_genome_v2_nov-11-2021.csv,Wormbase.ID
Nov-30-2023-19:02:41,whole_genome_v2_nov-11-2021.csv,Wormbase.ID
Nov-02-2023-18:43:12,whole_genome_v2_nov-11-2021.csv,Wormbase.ID
Jul-08-2024-01:59:04,whole_genome_v2_nov-11-2021.csv,Wormbase.ID
Aug-10-2023-21:16:38,whole_genome_v2_nov-11-2021.csv,Wormbase.ID
Oct-20-2023-19:57:54,whole_genome_v2_nov-11-2021.csv,Wormbase.ID
Aug-12-2024-00:19:56,whole_genome_v2_nov-11-2021.csv,Wormbase.ID
Aug-02-2024-10:51:00,whole_genome_v2_nov-11-2021.csv,Wormbase.ID
Aug-30-2024-12:56:16,whole_genome_v2_nov-11-2021.csv,Wormbase.ID
Oct-03-2023-21:20:12,whole_genome_v2_nov-11-2021.csv,Wormbase.ID
Feb-15-2024-07:59:56,whole_genome_v2_nov-11-2021.csv,Wormbase.ID
Sep-20-2024-08:53:55,whole_genome_v2_nov-11-2021.csv,Wormbase.ID
Dec-05-2023-18:46:07,whole_genome_v2_nov-11-2021.csv,Wormbase.ID
Jul-16-2024-04:32:24,whole_genome_v2_nov-11-2021.csv,Wormbase.ID
Aug-28-2023-16:40:08,whole_genome_v2_nov-11-2021.csv,Wormbase.ID
Aug-31-2024-22:36:07,whole_genome_v2_nov-11-2021.csv,Wormbase.ID
Sep-08-2023-13:27:43,whole_genome_v2_nov-11-2021.csv,Wormbase.ID
Sep-14-2024-23:56:44,whole_genome_v1_jul-03-2019.csv,Wormbase.ID
Sep-07-2023-17:43:45,whole_genome_v2_nov-11-2021.csv,Wormbase.ID
Apr-19-2024-15:38:32,whole_genome_v2_nov-11-2021.csv,Wormbase.ID
Nov-15-2023-22:45:06,whole_genome_v2_nov-11-2021.csv,Wormbase.ID
Sep-29-2023-00:31:33,whole_genome_v2_nov-11-2021.csv,Wormbase.ID
Feb-20-2024-15:48:08,whole_genome_v2_nov-11-2021.csv,Sequence.ID
Aug-11-2023-02:35:47,whole_genome_v2_nov-11-2021.csv,Wormbase.ID
Feb-07-2024-12:58:12,whole_genome_v2_nov-11-2021.csv,Sequence.ID
Mar-29-2024-18:33:14,whole_genome_v2_nov-11-2021.csv,Wormbase.ID
Oct-13-2024-07:15:58,whole_genome_v2_nov-11-2021.csv,Wormbase.ID
Jan-27-2024-17:49:08,whole_genome_v2_nov-11-2021.csv,Wormbase.ID
Aug-24-2023-15:10:00,whole_genome_v2_nov-11-2021.csv,Wormbase.ID
Jul-22-2024-01:36:55,whole_genome_v2_nov-11-2021.csv,Wormbase.ID
Aug-21-2023-02:29:03,whole_genome_v2_nov-11-2021.csv,Wormbase.ID
Oct-06-2023-17:31:12,whole_genome_v2_nov-11-2021.csv,Wormbase.ID
Nov-05-2023-03:58:32,whole_genome_v2_nov-11-2021.csv,Wormbase.ID
Sep-27-2023-14:20:04,whole_genome_v2_nov-11-2021.csv,Sequence.ID
Aug-19-2024-16:41:09,whole_genome_v2_nov-11-2021.csv,Wormbase.ID
Feb-05-2024-17:49:06,whole_genome_v2_nov-11-2021.csv,Wormbase.ID
Mar-28-2024-14:53:18,whole_genome_v2_nov-11-2021.csv,Wormbase.ID
Sep-15-2024-00:56:19,whole_genome_v2_nov-11-2021.csv,Wormbase.ID
Apr-17-2024-13:29:14,whole_genome_v2_nov-11-2021.csv,Wormbase.ID
Apr-10-2024-18:35:48,whole_genome_v2_nov-11-2021.csv,Wormbase.ID
Aug-22-2023-18:56:33,whole_genome_v2_nov-11-2021.csv,Wormbase.ID
Jan-09-2024-23:43:52,whole_genome_v2_nov-11-2021.csv,Wormbase.ID
Aug-08-2023-17:38:33,whole_genome_v2_nov-11-2021.csv,Wormbase.ID
Nov-07-2023-20:15:41,whole_genome_v2_nov-11-2021.csv,Wormbase.ID
Sep-06-2023-18:34:44,whole_genome_v2_nov-11-2021.csv,Wormbase.ID
May-06-2024-09:28:56,whole_genome_v2_nov-11-2021.csv,Wormbase.ID
Oct-22-2023-20:12:30,whole_genome_v2_nov-11-2021.csv,Wormbase.ID
Sep-28-2023-03:39:41,whole_genome_v2_nov-11-2021.csv,Wormbase.ID
May-20-2024-15:08:00,whole_genome_v2_nov-11-2021.csv,Wormbase.ID
Aug-03-2024-20:01:16,whole_genome_v2_nov-11-2021.csv,Wormbase.ID
Mar-31-2024-22:28:05,whole_genome_v2_nov-11-2021.csv,Sequence.ID
Apr-12-2024-03:01:22,whole_genome_v2_nov-11-2021.csv,Wormbase.ID
May-10-2024-18:55:12,whole_genome_v2_nov-11-2021.csv,Wormbase.ID
Feb-13-2024-20:02:27,whole_genome_v2_nov-11-2021.csv,Wormbase.ID
Oct-04-2023-23:33:18,whole_genome_v2_nov-11-2021.csv,Wormbase.ID
Aug-10-2023-16:16:11,whole_genome_v2_nov-11-2021.csv,Wormbase.ID
Jun-05-2024-03:56:24,whole_genome_v2_nov-11-2021.csv,Wormbase.ID
Dec-27-2023-05:15:06,whole_genome_v2_nov-11-2021.csv,Wormbase.ID
Apr-17-2024-13:29:55,whole_genome_v2_nov-11-2021.csv,Wormbase.ID
Aug-28-2024-17:18:05,whole_genome_v2_nov-11-2021.csv,Wormbase.ID
Sep-24-2023-20:59:28,whole_genome_v2_nov-11-2021.csv,Wormbase.ID
Jul-02-2024-13:10:19,whole_genome_v2_nov-11-2021.csv,Wormbase.ID
Jul-02-2024-13:09:59,whole_genome_v2_nov-11-2021.csv,Wormbase.ID
Jul-02-2024-13:10:09,whole_genome_v2_nov-11-2021.csv,Wormbase.ID
Jan-01-2024-22:07:40,whole_genome_v2_nov-11-2021.csv,Wormbase.ID
Jul-24-2024-20:29:20,whole_genome_v2_nov-11-2021.csv,Wormbase.ID
Nov-03-2023-04:43:56,whole_genome_v2_nov-11-2021.csv,Wormbase.ID
Mar-20-2024-16:24:56,whole_genome_v2_nov-11-2021.csv,Sequence.ID
Apr-10-2024-16:05:30,whole_genome_v2_nov-11-2021.csv,Wormbase.ID
Aug-29-2023-14:36:43,whole_genome_v2_nov-11-2021.csv,Wormbase.ID
Aug-29-2023-14:36:08,whole_genome_v2_nov-11-2021.csv,Wormbase.ID
Aug-29-2023-14:36:34,whole_genome_v2_nov-11-2021.csv,Wormbase.ID
Aug-29-2023-14:35:59,whole_genome_v2_nov-11-2021.csv,Wormbase.ID
Aug-29-2023-14:36:23,whole_genome_v2_nov-11-2021.csv,Wormbase.ID
Aug-29-2023-14:35:49,whole_genome_v2_nov-11-2021.csv,Wormbase.ID
Aug-29-2023-14:35:41,whole_genome_v2_nov-11-2021.csv,Wormbase.ID
Aug-29-2023-14:36:16,whole_genome_v2_nov-11-2021.csv,Wormbase.ID
Aug-29-2023-14:36:50,whole_genome_v2_nov-11-2021.csv,Wormbase.ID
Apr-01-2024-08:28:50,whole_genome_v2_nov-11-2021.csv,Sequence.ID
Feb-15-2024-18:33:15,whole_genome_v2_nov-11-2021.csv,Sequence.ID
Jul-15-2024-22:38:45,whole_genome_v2_nov-11-2021.csv,Wormbase.ID
Sep-08-2024-10:09:58,whole_genome_v2_nov-11-2021.csv,Sequence.ID
Oct-04-2023-17:55:39,whole_genome_v2_nov-11-2021.csv,Sequence.ID
Apr-12-2024-00:31:03,whole_genome_v2_nov-11-2021.csv,Wormbase.ID
Mar-19-2024-08:40:45,whole_genome_v2_nov-11-2021.csv,Sequence.ID
Apr-24-2024-03:10:49,whole_genome_v2_nov-11-2021.csv,Wormbase.ID
Sep-09-2024-06:17:05,whole_genome_v2_nov-11-2021.csv,Wormbase.ID
Dec-15-2023-15:46:41,whole_genome_v2_nov-11-2021.csv,Sequence.ID
Sep-25-2023-15:26:13,whole_genome_v2_nov-11-2021.csv,Wormbase.ID
Feb-27-2024-09:15:41,whole_genome_v2_nov-11-2021.csv,Wormbase.ID
Mar-27-2024-15:29:58,whole_genome_v2_nov-11-2021.csv,Wormbase.ID
Feb-09-2024-17:42:10,whole_genome_v2_nov-11-2021.csv,Wormbase.ID
Oct-05-2023-01:02:05,whole_genome_v2_nov-11-2021.csv,Wormbase.ID
Jul-09-2024-00:16:25,whole_genome_v2_nov-11-2021.csv,Wormbase.ID
Sep-19-2023-18:38:52,whole_genome_v2_nov-11-2021.csv,Wormbase.ID
Feb-15-2024-13:59:11,whole_genome_v2_nov-11-2021.csv,Sequence.ID
Nov-29-2023-11:33:21,whole_genome_v2_nov-11-2021.csv,Wormbase.ID
Nov-19-2023-23:43:36,whole_genome_v2_nov-11-2021.csv,Wormbase.ID
Oct-03-2023-15:15:57,whole_genome_v2_nov-11-2021.csv,Sequence.ID
Aug-30-2023-16:06:55,whole_genome_v2_nov-11-2021.csv,Wormbase.ID
Apr-06-2024-15:16:28,whole_genome_v2_nov-11-2021.csv,Wormbase.ID
Jun-11-2024-20:42:17,whole_genome_v2_nov-11-2021.csv,Sequence.ID
Jun-26-2024-17:41:39,whole_genome_v2_nov-11-2021.csv,Wormbase.ID
Jun-14-2024-15:15:52,whole_genome_v2_nov-11-2021.csv,Wormbase.ID
Sep-12-2023-17:41:57,whole_genome_v2_nov-11-2021.csv,Wormbase.ID
Apr-26-2024-02:44:56,whole_genome_v2_nov-11-2021.csv,Wormbase.ID
Aug-14-2024-14:57:23,whole_genome_v2_nov-11-2021.csv,Wormbase.ID
Aug-21-2023-11:56:52,whole_genome_v2_nov-11-2021.csv,Wormbase.ID
Nov-20-2023-09:16:02,whole_genome_v2_nov-11-2021.csv,Wormbase.ID
Oct-31-2023-09:23:38,whole_genome_v2_nov-11-2021.csv,Wormbase.ID
Mar-28-2024-19:32:42,whole_genome_v2_nov-11-2021.csv,Wormbase.ID
Oct-27-2023-15:30:48,whole_genome_v2_nov-11-2021.csv,Wormbase.ID
Dec-11-2023-20:41:14,whole_genome_v2_nov-11-2021.csv,Wormbase.ID
Apr-18-2024-08:31:12,whole_genome_v2_nov-11-2021.csv,Sequence.ID
Aug-14-2023-15:39:08,whole_genome_v2_nov-11-2021.csv,Wormbase.ID
Sep-18-2023-17:21:45,whole_genome_v2_nov-11-2021.csv,Wormbase.ID
Nov-14-2023-03:07:20,whole_genome_v2_nov-11-2021.csv,Wormbase.ID
Oct-03-2024-15:58:05,whole_genome_v2_nov-11-2021.csv,Wormbase.ID
Sep-11-2023-15:55:34,whole_genome_v2_nov-11-2021.csv,Wormbase.ID
Feb-19-2024-04:05:38,whole_genome_v2_nov-11-2021.csv,Sequence.ID
Oct-30-2023-09:48:15,whole_genome_v2_nov-11-2021.csv,Wormbase.ID
Sep-16-2024-01:07:27,whole_genome_v2_nov-11-2021.csv,Wormbase.ID
Jun-04-2024-19:50:22,whole_genome_v2_nov-11-2021.csv,Wormbase.ID
Mar-05-2024-14:07:02,whole_genome_v2_nov-11-2021.csv,Wormbase.ID
Apr-19-2024-15:30:44,whole_genome_v2_nov-11-2021.csv,Wormbase.ID
Oct-18-2023-16:46:55,whole_genome_v2_nov-11-2021.csv,Wormbase.ID
Sep-21-2023-17:57:24,whole_genome_v2_nov-11-2021.csv,Wormbase.ID
Sep-05-2024-19:14:58,whole_genome_v2_nov-11-2021.csv,Wormbase.ID
Apr-30-2024-02:19:43,whole_genome_v2_nov-11-2021.csv,Wormbase.ID
Nov-29-2023-20:30:00,whole_genome_v2_nov-11-2021.csv,Sequence.ID
Jul-21-2024-19:22:29,whole_genome_v2_nov-11-2021.csv,Wormbase.ID
Oct-06-2024-22:53:18,whole_genome_v2_nov-11-2021.csv,Wormbase.ID
Feb-08-2024-01:47:49,whole_genome_v2_nov-11-2021.csv,Wormbase.ID
Oct-04-2023-21:15:15,whole_genome_v2_nov-11-2021.csv,Wormbase.ID
Sep-25-2023-00:57:27,whole_genome_v2_nov-11-2021.csv,Sequence.ID
Sep-27-2023-16:10:00,whole_genome_v2_nov-11-2021.csv,Wormbase.ID
Apr-05-2024-15:40:40,whole_genome_v2_nov-11-2021.csv,Wormbase.ID
Jul-31-2024-16:25:51,whole_genome_v2_nov-11-2021.csv,Wormbase.ID
Oct-29-2023-16:03:26,whole_genome_v2_nov-11-2021.csv,Wormbase.ID
Jul-22-2024-13:31:19,whole_genome_v2_nov-11-2021.csv,Sequence.ID
Oct-10-2024-17:22:00,whole_genome_v2_nov-11-2021.csv,Wormbase.ID
Feb-07-2024-14:56:28,whole_genome_v2_nov-11-2021.csv,Wormbase.ID
Feb-07-2024-14:55:54,whole_genome_v2_nov-11-2021.csv,Wormbase.ID
Feb-07-2024-14:56:03,whole_genome_v2_nov-11-2021.csv,Wormbase.ID
Feb-07-2024-14:56:20,whole_genome_v2_nov-11-2021.csv,Wormbase.ID
Feb-07-2024-14:55:46,whole_genome_v2_nov-11-2021.csv,Wormbase.ID
Feb-07-2024-14:56:12,whole_genome_v2_nov-11-2021.csv,Wormbase.ID
Mar-10-2024-00:06:04,ahringer_v1_jan-02-2019.csv,Wormbase.ID
Sep-19-2023-18:23:08,whole_genome_v2_nov-11-2021.csv,Wormbase.ID
Aug-28-2023-00:31:05,whole_genome_v2_nov-11-2021.csv,Wormbase.ID
May-08-2024-02:09:16,whole_genome_v2_nov-11-2021.csv,Wormbase.ID
Sep-18-2023-17:20:03,whole_genome_v2_nov-11-2021.csv,Sequence.ID
May-05-2024-17:08:19,whole_genome_v2_nov-11-2021.csv,Wormbase.ID
Mar-31-2024-22:29:41,whole_genome_v2_nov-11-2021.csv,Sequence.ID
Aug-15-2023-21:14:01,whole_genome_v2_nov-11-2021.csv,Wormbase.ID
Sep-13-2024-14:50:27,whole_genome_v2_nov-11-2021.csv,Wormbase.ID
Dec-27-2023-17:08:23,whole_genome_v2_nov-11-2021.csv,Wormbase.ID
Sep-28-2023-03:41:34,whole_genome_v2_nov-11-2021.csv,Wormbase.ID
Feb-06-2024-21:43:32,whole_genome_v2_nov-11-2021.csv,Wormbase.ID
Jun-15-2024-06:19:41,whole_genome_v2_nov-11-2021.csv,Sequence.ID
Oct-10-2024-16:32:05,whole_genome_v2_nov-11-2021.csv,Sequence.ID
Jan-27-2024-18:44:24,whole_genome_v2_nov-11-2021.csv,Wormbase.ID
Sep-30-2024-14:27:13,whole_genome_v2_nov-11-2021.csv,Wormbase.ID
Jul-19-2024-12:07:14,whole_genome_v2_nov-11-2021.csv,Wormbase.ID
Feb-03-2024-18:51:10,whole_genome_v2_nov-11-2021.csv,Wormbase.ID
Jul-19-2024-18:10:12,whole_genome_v2_nov-11-2021.csv,Wormbase.ID
Sep-18-2023-17:09:29,whole_genome_v2_nov-11-2021.csv,Wormbase.ID
Mar-02-2024-00:24:24,whole_genome_v2_nov-11-2021.csv,Wormbase.ID
May-05-2024-23:08:28,whole_genome_v2_nov-11-2021.csv,Wormbase.ID
Aug-05-2024-02:54:56,whole_genome_v2_nov-11-2021.csv,Wormbase.ID
Aug-05-2024-02:55:07,whole_genome_v2_nov-11-2021.csv,Wormbase.ID
Aug-05-2024-02:54:36,whole_genome_v2_nov-11-2021.csv,Wormbase.ID
Aug-05-2024-02:54:46,whole_genome_v2_nov-11-2021.csv,Wormbase.ID
Dec-12-2023-16:32:59,whole_genome_v2_nov-11-2021.csv,Wormbase.ID
Jun-21-2024-17:20:55,whole_genome_v2_nov-11-2021.csv,Wormbase.ID
Dec-05-2023-02:19:24,whole_genome_v2_nov-11-2021.csv,Wormbase.ID
Jan-24-2024-22:16:38,whole_genome_v2_nov-11-2021.csv,Wormbase.ID
Mar-02-2024-16:31:32,whole_genome_v2_nov-11-2021.csv,Wormbase.ID
Oct-06-2023-17:21:28,whole_genome_v2_nov-11-2021.csv,Wormbase.ID
Feb-23-2024-23:08:08,whole_genome_v2_nov-11-2021.csv,Wormbase.ID
Jun-03-2024-11:58:28,whole_genome_v2_nov-11-2021.csv,Wormbase.ID
Dec-30-2023-06:48:15,whole_genome_v2_nov-11-2021.csv,Wormbase.ID
Aug-25-2023-02:06:35,whole_genome_v2_nov-11-2021.csv,Wormbase.ID
Aug-28-2023-07:22:02,whole_genome_v2_nov-11-2021.csv,Wormbase.ID
Mar-28-2024-18:59:43,whole_genome_v2_nov-11-2021.csv,Sequence.ID
May-10-2024-07:00:02,ahringer_v2_nov-11-2021.csv,Sequence.ID
Apr-01-2024-11:53:20,whole_genome_v2_nov-11-2021.csv,Wormbase.ID
Jun-03-2024-14:36:37,whole_genome_v2_nov-11-2021.csv,Wormbase.ID
Aug-28-2024-17:26:36,whole_genome_v2_nov-11-2021.csv,Wormbase.ID
Aug-13-2024-12:56:30,whole_genome_v2_nov-11-2021.csv,Wormbase.ID
Jul-28-2024-04:08:39,whole_genome_v2_nov-11-2021.csv,Wormbase.ID
Feb-09-2024-10:40:05,whole_genome_v2_nov-11-2021.csv,Wormbase.ID
Aug-28-2023-17:17:28,whole_genome_v2_nov-11-2021.csv,Wormbase.ID
Nov-23-2023-07:29:24,whole_genome_v2_nov-11-2021.csv,Wormbase.ID
Sep-28-2023-23:26:13,whole_genome_v2_nov-11-2021.csv,Wormbase.ID
Oct-08-2024-16:48:42,whole_genome_v2_nov-11-2021.csv,Wormbase.ID
Aug-27-2023-21:37:04,ORF_only_v2_nov-11-2021.csv,Wormbase.ID
Sep-18-2023-17:13:24,whole_genome_v2_nov-11-2021.csv,Sequence.ID
Dec-12-2023-16:37:28,whole_genome_v2_nov-11-2021.csv,Wormbase.ID
Apr-05-2024-16:16:39,whole_genome_v2_nov-11-2021.csv,Wormbase.ID
Aug-13-2024-15:06:08,whole_genome_v2_nov-11-2021.csv,Wormbase.ID
Nov-13-2023-00:16:17,whole_genome_v2_nov-11-2021.csv,Wormbase.ID
Sep-07-2023-11:07:29,whole_genome_v2_nov-11-2021.csv,Wormbase.ID
Feb-21-2024-02:15:46,whole_genome_v2_nov-11-2021.csv,Wormbase.ID
Apr-12-2024-11:40:11,whole_genome_v2_nov-11-2021.csv,Wormbase.ID
Apr-26-2024-02:51:05,whole_genome_v2_nov-11-2021.csv,Wormbase.ID
May-29-2024-17:15:26,whole_genome_v2_nov-11-2021.csv,Wormbase.ID
Aug-13-2024-20:40:03,whole_genome_v2_nov-11-2021.csv,Sequence.ID
Aug-28-2023-21:16:55,whole_genome_v2_nov-11-2021.csv,Wormbase.ID
Aug-16-2023-20:45:23,whole_genome_v2_nov-11-2021.csv,Wormbase.ID
Sep-18-2023-17:20:25,whole_genome_v2_nov-11-2021.csv,Wormbase.ID
Sep-29-2023-16:41:05,whole_genome_v2_nov-11-2021.csv,Wormbase.ID
Oct-10-2023-21:20:46,whole_genome_v2_nov-11-2021.csv,Wormbase.ID
Feb-03-2024-18:50:09,whole_genome_v2_nov-11-2021.csv,Wormbase.ID
Nov-14-2023-16:22:33,whole_genome_v2_nov-11-2021.csv,Wormbase.ID
Oct-10-2023-03:07:20,whole_genome_v2_nov-11-2021.csv,Sequence.ID
Aug-28-2023-07:25:13,whole_genome_v2_nov-11-2021.csv,Wormbase.ID
Sep-18-2024-09:31:26,whole_genome_v2_nov-11-2021.csv,Wormbase.ID
Sep-29-2023-15:15:20,whole_genome_v2_nov-11-2021.csv,Sequence.ID
Aug-27-2024-17:53:29,whole_genome_v2_nov-11-2021.csv,Wormbase.ID
Jun-25-2024-09:47:24,whole_genome_v2_nov-11-2021.csv,Wormbase.ID
Aug-27-2024-11:20:02,whole_genome_v2_nov-11-2021.csv,Wormbase.ID
Jul-31-2024-15:20:39,whole_genome_v2_nov-11-2021.csv,Wormbase.ID
Aug-23-2024-03:23:17,whole_genome_v2_nov-11-2021.csv,Wormbase.ID
Apr-17-2024-15:17:54,whole_genome_v2_nov-11-2021.csv,Wormbase.ID
Apr-21-2024-13:32:45,whole_genome_v2_nov-11-2021.csv,Wormbase.ID
Jul-31-2024-16:50:20,whole_genome_v1_jul-03-2019.csv,Wormbase.ID
Jul-25-2024-19:34:29,whole_genome_v2_nov-11-2021.csv,Wormbase.ID
Sep-24-2023-17:01:46,whole_genome_v2_nov-11-2021.csv,Wormbase.ID
Sep-18-2023-19:20:10,whole_genome_v2_nov-11-2021.csv,Wormbase.ID
Oct-10-2023-03:26:37,whole_genome_v2_nov-11-2021.csv,Wormbase.ID
Aug-23-2023-15:56:12,orfeome_v2_nov-11-2021.csv,Wormbase.ID
Aug-28-2024-17:18:00,whole_genome_v2_nov-11-2021.csv,Wormbase.ID
Mar-08-2024-22:08:22,whole_genome_v2_nov-11-2021.csv,Wormbase.ID
Sep-13-2023-19:59:25,whole_genome_v2_nov-11-2021.csv,Wormbase.ID
May-13-2024-19:17:58,whole_genome_v2_nov-11-2021.csv,Sequence.ID
Feb-08-2024-01:43:40,whole_genome_v2_nov-11-2021.csv,Wormbase.ID
Sep-16-2024-01:02:10,whole_genome_v2_nov-11-2021.csv,Wormbase.ID
Feb-23-2024-01:30:18,whole_genome_v2_nov-11-2021.csv,Wormbase.ID
Aug-17-2023-18:47:13,whole_genome_v2_nov-11-2021.csv,Wormbase.ID
Jun-12-2024-12:32:24,whole_genome_v2_nov-11-2021.csv,Wormbase.ID
May-09-2024-02:15:59,whole_genome_v2_nov-11-2021.csv,Wormbase.ID
Feb-19-2024-14:59:27,whole_genome_v2_nov-11-2021.csv,Wormbase.ID
Jun-19-2024-06:02:55,whole_genome_v2_nov-11-2021.csv,Wormbase.ID
May-28-2024-20:25:29,whole_genome_v2_nov-11-2021.csv,Wormbase.ID
Oct-03-2023-20:45:33,whole_genome_v2_nov-11-2021.csv,Wormbase.ID
Apr-11-2024-05:55:37,whole_genome_v2_nov-11-2021.csv,Sequence.ID
Aug-08-2023-20:21:34,whole_genome_v2_nov-11-2021.csv,Wormbase.ID
Nov-13-2023-17:55:01,whole_genome_v2_nov-11-2021.csv,Wormbase.ID
Nov-13-2023-17:55:34,whole_genome_v2_nov-11-2021.csv,Wormbase.ID
Nov-13-2023-17:55:43,whole_genome_v2_nov-11-2021.csv,Wormbase.ID
Nov-13-2023-17:55:25,whole_genome_v2_nov-11-2021.csv,Wormbase.ID
Nov-13-2023-17:54:53,whole_genome_v2_nov-11-2021.csv,Wormbase.ID
Nov-13-2023-17:55:52,whole_genome_v2_nov-11-2021.csv,Wormbase.ID
Nov-13-2023-17:55:10,whole_genome_v2_nov-11-2021.csv,Wormbase.ID
Nov-13-2023-17:55:17,whole_genome_v2_nov-11-2021.csv,Wormbase.ID
Aug-19-2024-13:18:13,whole_genome_v2_nov-11-2021.csv,Wormbase.ID
Jun-03-2024-11:46:02,whole_genome_v2_nov-11-2021.csv,Sequence.ID
Mar-06-2024-01:47:26,whole_genome_v2_nov-11-2021.csv,Sequence.ID
Dec-12-2023-14:01:52,whole_genome_v2_nov-11-2021.csv,Wormbase.ID
Aug-09-2024-19:56:10,whole_genome_v2_nov-11-2021.csv,Wormbase.ID
Nov-20-2023-15:52:01,whole_genome_v2_nov-11-2021.csv,Wormbase.ID
Apr-02-2024-03:13:24,whole_genome_v2_nov-11-2021.csv,Wormbase.ID
Sep-21-2023-03:54:12,whole_genome_v2_nov-11-2021.csv,Sequence.ID
Feb-21-2024-15:15:33,whole_genome_v2_nov-11-2021.csv,Wormbase.ID
Jul-15-2024-20:52:05,whole_genome_v2_nov-11-2021.csv,Wormbase.ID
Jun-14-2024-12:41:36,whole_genome_v2_nov-11-2021.csv,Sequence.ID
Aug-27-2023-21:45:24,whole_genome_v2_nov-11-2021.csv,Wormbase.ID
Jun-03-2024-12:01:09,whole_genome_v2_nov-11-2021.csv,Wormbase.ID
Dec-07-2023-17:34:16,whole_genome_v2_nov-11-2021.csv,Sequence.ID
Feb-18-2024-10:10:16,whole_genome_v2_nov-11-2021.csv,Wormbase.ID
Nov-07-2023-19:53:28,whole_genome_v2_nov-11-2021.csv,Sequence.ID
Feb-08-2024-01:38:44,whole_genome_v2_nov-11-2021.csv,Wormbase.ID
Aug-08-2023-17:14:35,whole_genome_v2_nov-11-2021.csv,Wormbase.ID
Apr-19-2024-14:55:40,whole_genome_v2_nov-11-2021.csv,Wormbase.ID
Aug-28-2024-17:28:16,whole_genome_v2_nov-11-2021.csv,Wormbase.ID
Feb-27-2024-10:13:28,whole_genome_v2_nov-11-2021.csv,Wormbase.ID
Feb-21-2024-21:36:16,whole_genome_v2_nov-11-2021.csv,Wormbase.ID
Apr-26-2024-12:36:24,whole_genome_v2_nov-11-2021.csv,Wormbase.ID
Feb-28-2024-13:46:47,whole_genome_v2_nov-11-2021.csv,Sequence.ID
Apr-17-2024-17:48:42,whole_genome_v2_nov-11-2021.csv,Wormbase.ID
Feb-28-2024-14:24:14,whole_genome_v2_nov-11-2021.csv,Sequence.ID
Aug-27-2023-21:43:55,ORF_only_v2_nov-11-2021.csv,Wormbase.ID
Sep-20-2023-14:14:20,whole_genome_v2_nov-11-2021.csv,Wormbase.ID
Aug-29-2024-14:55:56,whole_genome_v2_nov-11-2021.csv,Wormbase.ID
Jan-17-2024-02:45:18,whole_genome_v2_nov-11-2021.csv,Sequence.ID
Jul-19-2024-12:23:14,whole_genome_v2_nov-11-2021.csv,Wormbase.ID
Aug-06-2023-23:16:07,whole_genome_v2_nov-11-2021.csv,Wormbase.ID
Apr-26-2024-07:18:36,whole_genome_v2_nov-11-2021.csv,Wormbase.ID
Jul-29-2024-20:19:49,whole_genome_v2_nov-11-2021.csv,Wormbase.ID
Sep-30-2024-02:31:54,whole_genome_v2_nov-11-2021.csv,Wormbase.ID
Oct-10-2024-13:26:36,whole_genome_v2_nov-11-2021.csv,Wormbase.ID
Oct-15-2023-13:23:24,whole_genome_v2_nov-11-2021.csv,Sequence.ID
Jul-22-2024-13:33:50,whole_genome_v2_nov-11-2021.csv,Wormbase.ID
Aug-14-2023-15:47:03,whole_genome_v2_nov-11-2021.csv,Wormbase.ID
Aug-11-2023-15:20:46,whole_genome_v2_nov-11-2021.csv,Sequence.ID
Jan-19-2024-03:26:46,whole_genome_v2_nov-11-2021.csv,Wormbase.ID
Feb-29-2024-18:02:48,whole_genome_v2_nov-11-2021.csv,Wormbase.ID
Jan-31-2024-09:18:32,whole_genome_v2_nov-11-2021.csv,Wormbase.ID
Mar-08-2024-23:45:36,whole_genome_v2_nov-11-2021.csv,Wormbase.ID
Feb-28-2024-14:22:04,whole_genome_v2_nov-11-2021.csv,Sequence.ID
Aug-19-2023-18:28:22,whole_genome_v2_nov-11-2021.csv,Wormbase.ID
Apr-20-2024-00:01:37,whole_genome_v2_nov-11-2021.csv,Wormbase.ID
Sep-18-2023-17:25:36,whole_genome_v2_nov-11-2021.csv,Wormbase.ID
Nov-14-2023-00:34:24,whole_genome_v2_nov-11-2021.csv,Wormbase.ID
Sep-14-2023-22:50:44,whole_genome_v2_nov-11-2021.csv,Sequence.ID
Oct-10-2024-16:02:43,whole_genome_v2_nov-11-2021.csv,Sequence.ID
Nov-29-2023-15:05:23,whole_genome_v2_nov-11-2021.csv,Wormbase.ID
Sep-07-2023-04:11:48,whole_genome_v2_nov-11-2021.csv,Wormbase.ID
Mar-08-2024-23:41:38,whole_genome_v2_nov-11-2021.csv,Wormbase.ID
Aug-28-2024-17:50:29,whole_genome_v2_nov-11-2021.csv,Wormbase.ID
Jun-07-2024-01:40:01,whole_genome_v2_nov-11-2021.csv,Wormbase.ID
Feb-01-2024-11:46:16,whole_genome_v2_nov-11-2021.csv,Wormbase.ID
Aug-17-2023-19:10:55,whole_genome_v2_nov-11-2021.csv,Wormbase.ID
Jun-06-2024-22:31:50,whole_genome_v2_nov-11-2021.csv,Wormbase.ID
Jul-31-2024-15:21:37,whole_genome_v2_nov-11-2021.csv,Wormbase.ID
Dec-15-2023-03:32:48,whole_genome_v2_nov-11-2021.csv,Wormbase.ID
Feb-16-2024-15:54:58,whole_genome_v2_nov-11-2021.csv,Sequence.ID
Oct-17-2024-09:51:33,whole_genome_v2_nov-11-2021.csv,Wormbase.ID
Sep-06-2023-18:40:13,whole_genome_v2_nov-11-2021.csv,Wormbase.ID
Jan-09-2024-17:04:46,whole_genome_v2_nov-11-2021.csv,Wormbase.ID
Oct-02-2023-13:52:34,whole_genome_v2_nov-11-2021.csv,Wormbase.ID
Jan-30-2024-14:43:25,whole_genome_v2_nov-11-2021.csv,Wormbase.ID
Sep-19-2023-20:21:35,whole_genome_v2_nov-11-2021.csv,Wormbase.ID
May-16-2024-06:50:45,ahringer_v2_nov-11-2021.csv,Wormbase.ID
Aug-09-2023-04:40:40,whole_genome_v2_nov-11-2021.csv,Wormbase.ID
Sep-22-2023-18:49:36,whole_genome_v2_nov-11-2021.csv,Wormbase.ID
Feb-24-2024-20:59:18,whole_genome_v2_nov-11-2021.csv,Sequence.ID
Dec-18-2023-18:58:19,whole_genome_v2_nov-11-2021.csv,Wormbase.ID
Feb-03-2024-18:52:51,whole_genome_v2_nov-11-2021.csv,Wormbase.ID
Apr-03-2024-07:34:53,whole_genome_v2_nov-11-2021.csv,Wormbase.ID
Feb-16-2024-10:08:54,whole_genome_v2_nov-11-2021.csv,Wormbase.ID
Sep-24-2023-18:30:39,whole_genome_v2_nov-11-2021.csv,Sequence.ID
Mar-05-2024-20:04:10,whole_genome_v2_nov-11-2021.csv,Wormbase.ID
Oct-03-2024-15:33:18,whole_genome_v2_nov-11-2021.csv,Wormbase.ID
Mar-01-2024-18:26:23,whole_genome_v2_nov-11-2021.csv,Wormbase.ID
Jul-25-2024-20:46:06,whole_genome_v2_nov-11-2021.csv,Wormbase.ID
Mar-25-2024-07:33:19,whole_genome_v2_nov-11-2021.csv,Sequence.ID
Nov-03-2023-13:31:48,whole_genome_v2_nov-11-2021.csv,Wormbase.ID
Mar-31-2024-22:37:29,whole_genome_v2_nov-11-2021.csv,Sequence.ID
Sep-25-2023-15:24:15,whole_genome_v2_nov-11-2021.csv,Wormbase.ID
Sep-10-2024-17:56:08,whole_genome_v2_nov-11-2021.csv,Sequence.ID
Aug-16-2023-15:20:53,whole_genome_v2_nov-11-2021.csv,Wormbase.ID
Apr-26-2024-12:09:39,whole_genome_v2_nov-11-2021.csv,Wormbase.ID
Dec-12-2023-16:27:05,whole_genome_v2_nov-11-2021.csv,Wormbase.ID
Apr-15-2024-19:25:06,whole_genome_v2_nov-11-2021.csv,Wormbase.ID
May-28-2024-17:47:18,whole_genome_v2_nov-11-2021.csv,Wormbase.ID
Apr-28-2024-15:49:18,whole_genome_v2_nov-11-2021.csv,Wormbase.ID
Oct-20-2023-15:36:57,whole_genome_v2_nov-11-2021.csv,Sequence.ID
Jan-31-2024-17:05:15,whole_genome_v2_nov-11-2021.csv,Wormbase.ID
Sep-10-2023-01:22:08,whole_genome_v2_nov-11-2021.csv,Wormbase.ID
Sep-18-2023-16:58:36,whole_genome_v2_nov-11-2021.csv,Sequence.ID
Apr-17-2024-01:32:28,whole_genome_v2_nov-11-2021.csv,Wormbase.ID
Sep-13-2023-16:02:12,whole_genome_v2_nov-11-2021.csv,Wormbase.ID
May-17-2024-10:08:22,whole_genome_v2_nov-11-2021.csv,Wormbase.ID
Oct-29-2023-16:04:05,whole_genome_v2_nov-11-2021.csv,Wormbase.ID
Sep-20-2023-09:17:45,whole_genome_v2_nov-11-2021.csv,Wormbase.ID
Apr-16-2024-12:47:07,whole_genome_v2_nov-11-2021.csv,Wormbase.ID
Feb-28-2024-13:40:02,whole_genome_v2_nov-11-2021.csv,Sequence.ID
Oct-10-2024-14:44:29,whole_genome_v2_nov-11-2021.csv,Sequence.ID
Apr-15-2024-02:34:45,whole_genome_v2_nov-11-2021.csv,Wormbase.ID
Nov-23-2023-09:43:43,whole_genome_v2_nov-11-2021.csv,Wormbase.ID
Aug-23-2023-06:56:51,whole_genome_v2_nov-11-2021.csv,Wormbase.ID
Dec-31-2023-07:10:00,whole_genome_v2_nov-11-2021.csv,Wormbase.ID
Oct-26-2023-17:59:48,whole_genome_v2_nov-11-2021.csv,Wormbase.ID
Aug-30-2024-19:20:42,whole_genome_v2_nov-11-2021.csv,Sequence.ID
Aug-29-2024-17:19:51,whole_genome_v2_nov-11-2021.csv,Wormbase.ID
May-09-2024-01:48:48,whole_genome_v2_nov-11-2021.csv,Wormbase.ID
Aug-21-2023-15:02:08,whole_genome_v2_nov-11-2021.csv,Wormbase.ID
Dec-18-2023-21:21:54,whole_genome_v2_nov-11-2021.csv,Wormbase.ID
Aug-16-2023-19:56:14,whole_genome_v2_nov-11-2021.csv,Wormbase.ID
Aug-10-2024-08:05:41,whole_genome_v2_nov-11-2021.csv,Wormbase.ID
Dec-04-2023-03:07:48,whole_genome_v2_nov-11-2021.csv,Wormbase.ID
Oct-04-2023-23:27:25,whole_genome_v2_nov-11-2021.csv,Wormbase.ID
Sep-19-2023-17:59:39,whole_genome_v2_nov-11-2021.csv,Wormbase.ID
Aug-15-2024-04:10:52,ORF_only_v2_nov-11-2021.csv,Wormbase.ID
Apr-12-2024-14:42:49,whole_genome_v2_nov-11-2021.csv,Wormbase.ID
Dec-19-2023-17:27:31,whole_genome_v2_nov-11-2021.csv,Wormbase.ID
Apr-10-2024-23:19:47,whole_genome_v2_nov-11-2021.csv,Wormbase.ID
Mar-22-2024-09:47:05,whole_genome_v2_nov-11-2021.csv,Sequence.ID
Nov-23-2023-09:27:11,whole_genome_v2_nov-11-2021.csv,Wormbase.ID
Jul-18-2024-18:53:39,whole_genome_v2_nov-11-2021.csv,Wormbase.ID
Jun-15-2024-21:21:07,whole_genome_v2_nov-11-2021.csv,Wormbase.ID
Jul-02-2024-11:24:17,whole_genome_v2_nov-11-2021.csv,Wormbase.ID
Sep-19-2023-17:43:52,whole_genome_v2_nov-11-2021.csv,Wormbase.ID
Apr-02-2024-08:56:46,whole_genome_v2_nov-11-2021.csv,Wormbase.ID
Jan-07-2024-00:16:34,whole_genome_v2_nov-11-2021.csv,Wormbase.ID
Jan-07-2024-00:16:50,whole_genome_v2_nov-11-2021.csv,Wormbase.ID
Jan-07-2024-00:16:43,whole_genome_v2_nov-11-2021.csv,Wormbase.ID
Jan-07-2024-00:16:26,whole_genome_v2_nov-11-2021.csv,Wormbase.ID
Jan-07-2024-00:16:19,whole_genome_v2_nov-11-2021.csv,Wormbase.ID
Jan-07-2024-00:16:11,whole_genome_v2_nov-11-2021.csv,Wormbase.ID
Aug-25-2023-02:32:05,whole_genome_v2_nov-11-2021.csv,Wormbase.ID
Sep-16-2024-11:28:33,whole_genome_v2_nov-11-2021.csv,Wormbase.ID
Jun-13-2024-09:37:02,whole_genome_v2_nov-11-2021.csv,Wormbase.ID
Aug-06-2024-21:40:40,whole_genome_v2_nov-11-2021.csv,Wormbase.ID
Jan-08-2024-21:47:00,whole_genome_v2_nov-11-2021.csv,Wormbase.ID
Feb-07-2024-13:40:11,whole_genome_v2_nov-11-2021.csv,Wormbase.ID
Jan-30-2024-01:29:17,whole_genome_v2_nov-11-2021.csv,Sequence.ID
Sep-09-2024-19:17:28,whole_genome_v2_nov-11-2021.csv,Wormbase.ID
Sep-08-2023-12:17:31,whole_genome_v2_nov-11-2021.csv,Wormbase.ID
Feb-27-2024-22:03:28,whole_genome_v2_nov-11-2021.csv,Wormbase.ID
Feb-13-2024-07:56:11,whole_genome_v2_nov-11-2021.csv,Wormbase.ID
Jul-18-2024-18:46:56,whole_genome_v2_nov-11-2021.csv,Sequence.ID
Feb-14-2024-21:31:20,whole_genome_v2_nov-11-2021.csv,Wormbase.ID
Jun-05-2024-01:22:28,whole_genome_v2_nov-11-2021.csv,Sequence.ID
Dec-19-2023-21:49:20,whole_genome_v2_nov-11-2021.csv,Wormbase.ID
Sep-27-2023-12:23:13,whole_genome_v2_nov-11-2021.csv,Wormbase.ID
Nov-29-2023-22:53:20,whole_genome_v2_nov-11-2021.csv,Sequence.ID
Aug-31-2023-07:54:20,whole_genome_v2_nov-11-2021.csv,Wormbase.ID
Mar-29-2024-19:11:20,whole_genome_v2_nov-11-2021.csv,Wormbase.ID
Aug-29-2024-17:08:12,whole_genome_v2_nov-11-2021.csv,Wormbase.ID
Aug-27-2024-17:43:58,whole_genome_v2_nov-11-2021.csv,Sequence.ID
Nov-14-2023-16:39:07,whole_genome_v2_nov-11-2021.csv,Wormbase.ID
Apr-08-2024-18:53:03,whole_genome_v2_nov-11-2021.csv,Wormbase.ID
Jun-30-2024-07:39:55,whole_genome_v2_nov-11-2021.csv,Wormbase.ID
Aug-27-2024-15:16:54,whole_genome_v2_nov-11-2021.csv,Wormbase.ID
Oct-17-2023-00:54:46,whole_genome_v2_nov-11-2021.csv,Wormbase.ID
Aug-22-2024-09:20:51,ahringer_v2_nov-11-2021.csv,Wormbase.ID
Jul-02-2024-20:37:55,whole_genome_v2_nov-11-2021.csv,Wormbase.ID
Jun-04-2024-09:55:46,whole_genome_v2_nov-11-2021.csv,Wormbase.ID
Oct-03-2024-07:35:26,whole_genome_v2_nov-11-2021.csv,Wormbase.ID
Jan-25-2024-15:08:57,whole_genome_v2_nov-11-2021.csv,Wormbase.ID
Dec-11-2023-08:41:02,whole_genome_v2_nov-11-2021.csv,Wormbase.ID
Aug-21-2024-18:49:51,whole_genome_v2_nov-11-2021.csv,Wormbase.ID
Nov-27-2023-17:24:15,whole_genome_v2_nov-11-2021.csv,Wormbase.ID
Aug-30-2024-19:10:21,whole_genome_v2_nov-11-2021.csv,Wormbase.ID
Dec-01-2023-15:35:27,orfeome_v2_nov-11-2021.csv,Wormbase.ID
Jan-26-2024-18:11:49,whole_genome_v2_nov-11-2021.csv,Wormbase.ID
Mar-01-2024-10:34:06,whole_genome_v2_nov-11-2021.csv,Wormbase.ID
Aug-20-2023-19:06:12,whole_genome_v2_nov-11-2021.csv,Wormbase.ID
Nov-26-2023-21:40:05,whole_genome_v2_nov-11-2021.csv,Wormbase.ID
Jun-26-2024-15:23:50,whole_genome_v2_nov-11-2021.csv,Wormbase.ID
Nov-07-2023-16:49:53,whole_genome_v2_nov-11-2021.csv,Wormbase.ID
Sep-09-2024-02:08:05,whole_genome_v2_nov-11-2021.csv,Wormbase.ID
Oct-17-2023-16:39:54,whole_genome_v2_nov-11-2021.csv,Wormbase.ID
Jul-19-2024-12:19:22,whole_genome_v2_nov-11-2021.csv,Wormbase.ID
Jul-18-2024-20:07:43,whole_genome_v2_nov-11-2021.csv,Wormbase.ID
Jun-25-2024-12:08:12,whole_genome_v2_nov-11-2021.csv,Sequence.ID
Dec-31-2023-12:16:38,whole_genome_v2_nov-11-2021.csv,Wormbase.ID
Jun-25-2024-21:17:31,whole_genome_v2_nov-11-2021.csv,Wormbase.ID
Nov-19-2023-23:40:19,whole_genome_v2_nov-11-2021.csv,Wormbase.ID
Nov-30-2023-04:44:50,whole_genome_v2_nov-11-2021.csv,Wormbase.ID
Mar-25-2024-16:13:52,whole_genome_v2_nov-11-2021.csv,Wormbase.ID
Oct-01-2024-18:32:42,whole_genome_v2_nov-11-2021.csv,Wormbase.ID
Aug-22-2024-14:32:51,whole_genome_v2_nov-11-2021.csv,Wormbase.ID
Nov-13-2023-02:38:55,whole_genome_v2_nov-11-2021.csv,Sequence.ID
Dec-12-2023-13:40:29,whole_genome_v2_nov-11-2021.csv,Wormbase.ID
Mar-27-2024-15:29:43,whole_genome_v2_nov-11-2021.csv,Wormbase.ID
Oct-05-2023-17:55:29,whole_genome_v2_nov-11-2021.csv,Wormbase.ID
Feb-09-2024-14:42:24,whole_genome_v2_nov-11-2021.csv,Wormbase.ID
Mar-25-2024-15:01:40,whole_genome_v2_nov-11-2021.csv,Wormbase.ID
Dec-18-2023-15:19:17,whole_genome_v2_nov-11-2021.csv,Wormbase.ID
Sep-13-2024-15:46:18,whole_genome_v2_nov-11-2021.csv,Wormbase.ID
Oct-06-2023-11:56:39,whole_genome_v2_nov-11-2021.csv,Wormbase.ID
Aug-28-2024-17:29:53,whole_genome_v2_nov-11-2021.csv,Wormbase.ID
Sep-22-2023-15:30:55,whole_genome_v2_nov-11-2021.csv,Wormbase.ID
Nov-03-2023-18:33:39,whole_genome_v2_nov-11-2021.csv,Wormbase.ID
Sep-14-2023-18:59:40,whole_genome_v2_nov-11-2021.csv,Wormbase.ID
Oct-03-2023-15:43:10,whole_genome_v2_nov-11-2021.csv,Wormbase.ID
Mar-28-2024-02:03:42,whole_genome_v2_nov-11-2021.csv,Wormbase.ID
Feb-28-2024-13:55:10,whole_genome_v2_nov-11-2021.csv,Sequence.ID
Jun-25-2024-20:21:11,whole_genome_v2_nov-11-2021.csv,Wormbase.ID
Aug-14-2023-15:37:58,whole_genome_v2_nov-11-2021.csv,Wormbase.ID
Mar-27-2024-10:56:24,whole_genome_v2_nov-11-2021.csv,Wormbase.ID
Oct-15-2024-07:52:47,whole_genome_v2_nov-11-2021.csv,Sequence.ID
Aug-07-2023-21:54:35,ORF_only_v2_nov-11-2021.csv,Sequence.ID
Feb-08-2024-18:46:49,whole_genome_v2_nov-11-2021.csv,Wormbase.ID
Feb-08-2024-18:46:24,whole_genome_v2_nov-11-2021.csv,Wormbase.ID
Feb-08-2024-18:43:53,whole_genome_v2_nov-11-2021.csv,Wormbase.ID
Feb-08-2024-18:46:40,whole_genome_v2_nov-11-2021.csv,Wormbase.ID
Feb-08-2024-18:45:00,whole_genome_v2_nov-11-2021.csv,Wormbase.ID
Feb-08-2024-18:44:43,whole_genome_v2_nov-11-2021.csv,Wormbase.ID
Feb-08-2024-18:45:26,whole_genome_v2_nov-11-2021.csv,Wormbase.ID
Feb-08-2024-18:44:10,whole_genome_v2_nov-11-2021.csv,Wormbase.ID
Feb-08-2024-18:45:17,whole_genome_v2_nov-11-2021.csv,Wormbase.ID
Feb-08-2024-18:44:18,whole_genome_v2_nov-11-2021.csv,Wormbase.ID
Feb-08-2024-18:44:35,whole_genome_v2_nov-11-2021.csv,Wormbase.ID
Feb-08-2024-18:45:51,whole_genome_v2_nov-11-2021.csv,Wormbase.ID
Feb-08-2024-18:46:07,whole_genome_v2_nov-11-2021.csv,Wormbase.ID
Feb-08-2024-18:45:08,whole_genome_v2_nov-11-2021.csv,Wormbase.ID
Feb-08-2024-18:44:01,whole_genome_v2_nov-11-2021.csv,Wormbase.ID
Feb-08-2024-18:45:34,whole_genome_v2_nov-11-2021.csv,Wormbase.ID
Feb-08-2024-18:44:52,whole_genome_v2_nov-11-2021.csv,Wormbase.ID
Feb-08-2024-18:45:42,whole_genome_v2_nov-11-2021.csv,Wormbase.ID
Feb-08-2024-18:46:57,whole_genome_v2_nov-11-2021.csv,Wormbase.ID
Feb-08-2024-18:46:32,whole_genome_v2_nov-11-2021.csv,Wormbase.ID
Feb-08-2024-18:46:16,whole_genome_v2_nov-11-2021.csv,Wormbase.ID
Feb-08-2024-18:44:27,whole_genome_v2_nov-11-2021.csv,Wormbase.ID
Feb-08-2024-18:45:58,whole_genome_v2_nov-11-2021.csv,Wormbase.ID
Sep-07-2024-03:39:43,whole_genome_v2_nov-11-2021.csv,Wormbase.ID
Jun-12-2024-16:24:19,whole_genome_v2_nov-11-2021.csv,Sequence.ID
Sep-14-2024-23:54:49,whole_genome_v2_nov-11-2021.csv,Wormbase.ID
Oct-02-2023-06:11:05,whole_genome_v2_nov-11-2021.csv,Wormbase.ID
Mar-13-2024-10:49:24,whole_genome_v2_nov-11-2021.csv,Wormbase.ID
Sep-13-2023-16:04:30,whole_genome_v2_nov-11-2021.csv,Wormbase.ID
Feb-29-2024-15:35:46,whole_genome_v2_nov-11-2021.csv,Wormbase.ID
Jan-12-2024-21:03:25,whole_genome_v2_nov-11-2021.csv,Wormbase.ID
Sep-09-2024-18:44:03,whole_genome_v2_nov-11-2021.csv,Wormbase.ID
Nov-30-2023-11:33:05,whole_genome_v2_nov-11-2021.csv,Wormbase.ID
Sep-27-2023-13:24:55,whole_genome_v2_nov-11-2021.csv,Wormbase.ID
Nov-23-2023-08:03:25,ORF_only_v2_nov-11-2021.csv,Wormbase.ID
Sep-14-2024-16:19:34,whole_genome_v2_nov-11-2021.csv,Wormbase.ID
Jul-28-2024-01:16:41,whole_genome_v2_nov-11-2021.csv,Wormbase.ID
Apr-16-2024-17:10:57,whole_genome_v2_nov-11-2021.csv,Sequence.ID
Dec-01-2023-18:49:34,whole_genome_v2_nov-11-2021.csv,Wormbase.ID
Aug-02-2024-11:12:38,whole_genome_v2_nov-11-2021.csv,Wormbase.ID
Jun-12-2024-16:19:38,whole_genome_v2_nov-11-2021.csv,Sequence.ID
Oct-20-2023-15:35:03,whole_genome_v2_nov-11-2021.csv,Sequence.ID
Sep-18-2023-17:11:41,whole_genome_v2_nov-11-2021.csv,Wormbase.ID
Jun-04-2024-20:17:20,whole_genome_v2_nov-11-2021.csv,Wormbase.ID
Dec-19-2023-21:53:14,whole_genome_v2_nov-11-2021.csv,Wormbase.ID
Aug-01-2024-19:31:35,whole_genome_v2_nov-11-2021.csv,Wormbase.ID
Dec-18-2023-14:10:00,whole_genome_v2_nov-11-2021.csv,Wormbase.ID
Aug-28-2023-15:33:34,whole_genome_v2_nov-11-2021.csv,Wormbase.ID
Jan-15-2024-20:05:24,whole_genome_v2_nov-11-2021.csv,Sequence.ID
Feb-15-2024-09:18:32,whole_genome_v2_nov-11-2021.csv,Wormbase.ID
Jul-02-2024-20:47:20,whole_genome_v2_nov-11-2021.csv,Wormbase.ID
Mar-25-2024-07:37:30,whole_genome_v2_nov-11-2021.csv,Sequence.ID
Nov-14-2023-10:04:22,whole_genome_v2_nov-11-2021.csv,Wormbase.ID
Nov-29-2023-11:37:28,whole_genome_v2_nov-11-2021.csv,Wormbase.ID
Aug-07-2023-13:29:29,whole_genome_v2_nov-11-2021.csv,Wormbase.ID
Aug-07-2023-13:29:38,whole_genome_v2_nov-11-2021.csv,Wormbase.ID
Jul-03-2024-19:03:59,whole_genome_v2_nov-11-2021.csv,Wormbase.ID
Jul-03-2024-19:04:10,whole_genome_v2_nov-11-2021.csv,Wormbase.ID
Jul-03-2024-19:03:49,whole_genome_v2_nov-11-2021.csv,Wormbase.ID
Jun-02-2024-22:07:33,whole_genome_v2_nov-11-2021.csv,Wormbase.ID
Mar-28-2024-21:40:26,whole_genome_v2_nov-11-2021.csv,Wormbase.ID
Aug-10-2023-21:57:42,whole_genome_v2_nov-11-2021.csv,Wormbase.ID
Mar-01-2024-17:10:08,whole_genome_v1_jul-03-2019.csv,Wormbase.ID
Oct-10-2024-10:18:03,whole_genome_v2_nov-11-2021.csv,Wormbase.ID
Sep-13-2023-02:00:57,whole_genome_v2_nov-11-2021.csv,Wormbase.ID
Jul-16-2024-04:37:49,whole_genome_v2_nov-11-2021.csv,Wormbase.ID
Sep-11-2023-20:12:12,whole_genome_v2_nov-11-2021.csv,Wormbase.ID
Mar-27-2024-10:21:48,whole_genome_v2_nov-11-2021.csv,Wormbase.ID
Aug-28-2024-15:01:41,whole_genome_v2_nov-11-2021.csv,Wormbase.ID
Feb-14-2024-21:41:31,whole_genome_v2_nov-11-2021.csv,Wormbase.ID
Mar-31-2024-18:58:57,whole_genome_v2_nov-11-2021.csv,Sequence.ID
Aug-28-2024-17:47:47,whole_genome_v2_nov-11-2021.csv,Wormbase.ID
Aug-28-2023-00:36:47,whole_genome_v2_nov-11-2021.csv,Wormbase.ID
Feb-28-2024-14:23:05,whole_genome_v2_nov-11-2021.csv,Sequence.ID
Apr-02-2024-17:00:04,whole_genome_v2_nov-11-2021.csv,Wormbase.ID
Oct-18-2023-15:54:09,whole_genome_v2_nov-11-2021.csv,Wormbase.ID
Oct-02-2024-19:45:07,whole_genome_v2_nov-11-2021.csv,Wormbase.ID
Mar-05-2024-23:22:46,whole_genome_v2_nov-11-2021.csv,Wormbase.ID
Mar-05-2024-23:22:38,whole_genome_v2_nov-11-2021.csv,Wormbase.ID
Oct-12-2023-03:12:14,whole_genome_v2_nov-11-2021.csv,Sequence.ID
Nov-30-2023-02:16:10,whole_genome_v2_nov-11-2021.csv,Wormbase.ID
Feb-29-2024-18:31:52,whole_genome_v2_nov-11-2021.csv,Wormbase.ID
Feb-03-2024-18:46:52,whole_genome_v2_nov-11-2021.csv,Wormbase.ID
Nov-27-2023-16:38:39,whole_genome_v2_nov-11-2021.csv,Wormbase.ID
Sep-13-2023-16:00:11,whole_genome_v2_nov-11-2021.csv,Wormbase.ID
Oct-24-2023-15:22:10,whole_genome_v2_nov-11-2021.csv,Wormbase.ID
Feb-27-2024-18:05:32,whole_genome_v2_nov-11-2021.csv,Wormbase.ID
Oct-16-2023-15:24:28,whole_genome_v2_nov-11-2021.csv,Wormbase.ID
Feb-28-2024-14:30:25,whole_genome_v2_nov-11-2021.csv,Sequence.ID
Aug-28-2024-17:16:06,whole_genome_v2_nov-11-2021.csv,Wormbase.ID
May-13-2024-10:08:54,whole_genome_v2_nov-11-2021.csv,Wormbase.ID
Aug-10-2023-03:24:38,whole_genome_v2_nov-11-2021.csv,Wormbase.ID
Sep-15-2024-01:34:13,whole_genome_v2_nov-11-2021.csv,Wormbase.ID
Aug-28-2023-00:31:48,whole_genome_v2_nov-11-2021.csv,Sequence.ID
Aug-28-2023-21:26:27,whole_genome_v2_nov-11-2021.csv,Wormbase.ID
Feb-14-2024-15:17:04,whole_genome_v2_nov-11-2021.csv,Wormbase.ID
Oct-08-2023-15:48:32,whole_genome_v2_nov-11-2021.csv,Sequence.ID
Nov-10-2023-04:08:02,whole_genome_v2_nov-11-2021.csv,Wormbase.ID
Jun-27-2024-16:51:26,whole_genome_v2_nov-11-2021.csv,Wormbase.ID
Sep-28-2023-00:34:22,whole_genome_v2_nov-11-2021.csv,Wormbase.ID
Aug-31-2023-18:28:57,whole_genome_v2_nov-11-2021.csv,Wormbase.ID
Jun-16-2024-14:23:31,whole_genome_v2_nov-11-2021.csv,Wormbase.ID
Jan-30-2024-02:50:51,whole_genome_v2_nov-11-2021.csv,Wormbase.ID
Jul-25-2024-20:29:42,whole_genome_v2_nov-11-2021.csv,Sequence.ID
Oct-31-2023-08:42:37,whole_genome_v2_nov-11-2021.csv,Wormbase.ID
Apr-01-2024-08:29:33,whole_genome_v2_nov-11-2021.csv,Wormbase.ID
Sep-18-2023-17:08:45,whole_genome_v2_nov-11-2021.csv,Sequence.ID
Aug-05-2024-03:11:39,whole_genome_v2_nov-11-2021.csv,Sequence.ID
Mar-20-2024-13:13:39,whole_genome_v2_nov-11-2021.csv,Sequence.ID
Aug-28-2024-15:07:25,whole_genome_v2_nov-11-2021.csv,Wormbase.ID
Jul-01-2024-13:00:53,whole_genome_v2_nov-11-2021.csv,Wormbase.ID
Mar-27-2024-10:10:59,whole_genome_v2_nov-11-2021.csv,Wormbase.ID
Aug-07-2023-14:17:31,whole_genome_v2_nov-11-2021.csv,Wormbase.ID
Mar-01-2024-11:05:05,whole_genome_v2_nov-11-2021.csv,Wormbase.ID
Sep-03-2024-08:09:33,whole_genome_v2_nov-11-2021.csv,Wormbase.ID
Aug-28-2023-14:37:26,whole_genome_v2_nov-11-2021.csv,Wormbase.ID
Aug-07-2023-14:22:45,whole_genome_v2_nov-11-2021.csv,Wormbase.ID
Apr-19-2024-01:37:02,whole_genome_v2_nov-11-2021.csv,Wormbase.ID
Apr-19-2024-01:37:11,whole_genome_v2_nov-11-2021.csv,Wormbase.ID
Sep-19-2023-17:50:28,whole_genome_v2_nov-11-2021.csv,Wormbase.ID
Aug-21-2023-13:52:31,whole_genome_v2_nov-11-2021.csv,Wormbase.ID
Jun-21-2024-11:34:16,whole_genome_v2_nov-11-2021.csv,Wormbase.ID
Oct-12-2023-00:15:11,whole_genome_v2_nov-11-2021.csv,Sequence.ID
Jun-30-2024-02:48:23,whole_genome_v2_nov-11-2021.csv,Wormbase.ID
Apr-19-2024-15:56:32,whole_genome_v2_nov-11-2021.csv,Wormbase.ID
May-29-2024-22:51:42,whole_genome_v2_nov-11-2021.csv,Wormbase.ID
Feb-08-2024-01:39:53,whole_genome_v2_nov-11-2021.csv,Wormbase.ID
Sep-13-2023-16:48:35,whole_genome_v2_nov-11-2021.csv,Wormbase.ID
Feb-03-2024-17:43:39,whole_genome_v2_nov-11-2021.csv,Sequence.ID
Sep-27-2023-14:05:46,whole_genome_v1_jul-03-2019.csv,Sequence.ID
Oct-30-2023-17:00:07,ORF_only_v2_nov-11-2021.csv,Sequence.ID
Aug-08-2023-05:41:38,whole_genome_v2_nov-11-2021.csv,Wormbase.ID
Sep-14-2024-16:18:39,whole_genome_v2_nov-11-2021.csv,Wormbase.ID
Feb-27-2024-18:08:03,ORF_only_v2_nov-11-2021.csv,Wormbase.ID
Sep-27-2023-16:21:38,whole_genome_v2_nov-11-2021.csv,Wormbase.ID
Sep-15-2024-01:05:33,whole_genome_v2_nov-11-2021.csv,Wormbase.ID
Nov-06-2023-20:26:17,whole_genome_v2_nov-11-2021.csv,Wormbase.ID
Apr-17-2024-15:46:33,whole_genome_v2_nov-11-2021.csv,Wormbase.ID
Jul-24-2024-16:30:56,whole_genome_v2_nov-11-2021.csv,Wormbase.ID
Nov-12-2023-13:38:58,whole_genome_v2_nov-11-2021.csv,Wormbase.ID
Sep-07-2024-04:16:41,whole_genome_v2_nov-11-2021.csv,Wormbase.ID
Oct-05-2023-15:25:17,whole_genome_v2_nov-11-2021.csv,Wormbase.ID
Dec-03-2023-19:31:46,whole_genome_v2_nov-11-2021.csv,Wormbase.ID
Oct-03-2023-19:31:08,whole_genome_v2_nov-11-2021.csv,Wormbase.ID
Nov-16-2023-16:45:33,whole_genome_v2_nov-11-2021.csv,Wormbase.ID
Apr-19-2024-18:46:07,whole_genome_v2_nov-11-2021.csv,Wormbase.ID
Jul-29-2024-17:20:57,whole_genome_v2_nov-11-2021.csv,Wormbase.ID
Aug-06-2023-19:39:48,whole_genome_v2_nov-11-2021.csv,Wormbase.ID
Sep-20-2023-17:42:55,whole_genome_v2_nov-11-2021.csv,Wormbase.ID
Apr-10-2024-17:00:32,ahringer_v2_nov-11-2021.csv,Wormbase.ID
Oct-09-2023-21:49:46,whole_genome_v2_nov-11-2021.csv,Wormbase.ID
Jan-24-2024-15:43:03,whole_genome_v2_nov-11-2021.csv,Wormbase.ID
Apr-08-2024-03:18:36,whole_genome_v2_nov-11-2021.csv,Wormbase.ID
Aug-15-2023-02:33:42,whole_genome_v2_nov-11-2021.csv,Wormbase.ID
Nov-28-2023-13:16:33,whole_genome_v2_nov-11-2021.csv,Wormbase.ID
Mar-23-2024-15:30:40,whole_genome_v2_nov-11-2021.csv,Wormbase.ID
Jul-29-2024-05:35:54,whole_genome_v2_nov-11-2021.csv,Sequence.ID
Sep-19-2024-15:25:32,whole_genome_v2_nov-11-2021.csv,Wormbase.ID
Dec-12-2023-16:32:00,whole_genome_v2_nov-11-2021.csv,Wormbase.ID
May-15-2024-20:41:51,whole_genome_v2_nov-11-2021.csv,Wormbase.ID
Feb-15-2024-12:27:50,whole_genome_v2_nov-11-2021.csv,Wormbase.ID
Sep-06-2023-19:03:58,whole_genome_v2_nov-11-2021.csv,Wormbase.ID
Nov-09-2023-19:24:36,whole_genome_v2_nov-11-2021.csv,Sequence.ID
Mar-23-2024-17:03:22,whole_genome_v2_nov-11-2021.csv,Wormbase.ID
Feb-09-2024-14:38:44,whole_genome_v2_nov-11-2021.csv,Wormbase.ID
Dec-19-2023-20:50:47,whole_genome_v2_nov-11-2021.csv,Wormbase.ID
Mar-05-2024-02:02:45,whole_genome_v2_nov-11-2021.csv,Wormbase.ID
Oct-02-2023-22:12:45,whole_genome_v2_nov-11-2021.csv,Wormbase.ID
Sep-22-2023-08:35:47,whole_genome_v2_nov-11-2021.csv,Sequence.ID
Jun-19-2024-00:33:47,whole_genome_v2_nov-11-2021.csv,Wormbase.ID
Jan-18-2024-13:09:52,whole_genome_v2_nov-11-2021.csv,Sequence.ID
Oct-20-2023-02:54:15,whole_genome_v2_nov-11-2021.csv,Wormbase.ID
Aug-19-2023-18:11:39,whole_genome_v2_nov-11-2021.csv,Wormbase.ID
Jul-09-2024-18:45:37,whole_genome_v2_nov-11-2021.csv,Wormbase.ID
Sep-10-2023-02:29:33,whole_genome_v2_nov-11-2021.csv,Wormbase.ID
Aug-22-2024-18:31:07,whole_genome_v2_nov-11-2021.csv,Wormbase.ID
Aug-28-2024-17:47:53,whole_genome_v2_nov-11-2021.csv,Wormbase.ID
Aug-21-2023-15:28:55,whole_genome_v2_nov-11-2021.csv,Wormbase.ID
Aug-28-2023-17:16:30,whole_genome_v2_nov-11-2021.csv,Wormbase.ID
Oct-03-2023-19:31:52,whole_genome_v2_nov-11-2021.csv,Wormbase.ID
May-10-2024-18:41:10,whole_genome_v2_nov-11-2021.csv,Wormbase.ID
Aug-29-2024-17:12:54,whole_genome_v2_nov-11-2021.csv,Wormbase.ID
Sep-18-2023-17:26:46,whole_genome_v2_nov-11-2021.csv,Wormbase.ID
Oct-13-2023-02:10:43,whole_genome_v2_nov-11-2021.csv,Sequence.ID
Mar-05-2024-14:49:23,whole_genome_v2_nov-11-2021.csv,Wormbase.ID
Dec-07-2023-17:46:41,whole_genome_v2_nov-11-2021.csv,Wormbase.ID
Feb-15-2024-10:34:43,whole_genome_v2_nov-11-2021.csv,Wormbase.ID
Aug-28-2024-09:41:03,whole_genome_v2_nov-11-2021.csv,Wormbase.ID
May-23-2024-12:53:46,whole_genome_v2_nov-11-2021.csv,Wormbase.ID
Jul-28-2024-17:23:18,whole_genome_v2_nov-11-2021.csv,Wormbase.ID
Oct-31-2023-01:14:57,whole_genome_v2_nov-11-2021.csv,Sequence.ID
Feb-06-2024-17:43:51,whole_genome_v2_nov-11-2021.csv,Wormbase.ID
Sep-27-2023-14:01:41,whole_genome_v2_nov-11-2021.csv,Sequence.ID
Apr-18-2024-22:53:47,whole_genome_v2_nov-11-2021.csv,Wormbase.ID
Aug-22-2024-22:06:12,whole_genome_v2_nov-11-2021.csv,Sequence.ID
Sep-28-2023-03:36:41,whole_genome_v2_nov-11-2021.csv,Wormbase.ID
Feb-09-2024-14:21:41,whole_genome_v2_nov-11-2021.csv,Sequence.ID
Apr-17-2024-19:09:43,whole_genome_v2_nov-11-2021.csv,Wormbase.ID
Oct-10-2024-17:01:30,whole_genome_v2_nov-11-2021.csv,Wormbase.ID
Sep-28-2023-18:54:55,whole_genome_v2_nov-11-2021.csv,Wormbase.ID
Jan-29-2024-01:07:46,whole_genome_v2_nov-11-2021.csv,Wormbase.ID
May-28-2024-16:52:14,whole_genome_v2_nov-11-2021.csv,Wormbase.ID
Nov-30-2023-03:55:07,whole_genome_v2_nov-11-2021.csv,Wormbase.ID
Jun-25-2024-09:08:30,whole_genome_v2_nov-11-2021.csv,Wormbase.ID
Sep-27-2023-16:35:32,whole_genome_v2_nov-11-2021.csv,Wormbase.ID
Dec-30-2023-15:44:40,whole_genome_v2_nov-11-2021.csv,Wormbase.ID
Feb-27-2024-07:55:23,whole_genome_v2_nov-11-2021.csv,Wormbase.ID
Mar-19-2024-09:06:29,whole_genome_v2_nov-11-2021.csv,Sequence.ID
Aug-29-2024-07:55:13,whole_genome_v2_nov-11-2021.csv,Wormbase.ID
Jun-26-2024-17:20:57,whole_genome_v2_nov-11-2021.csv,Wormbase.ID
Feb-18-2024-17:40:01,whole_genome_v2_nov-11-2021.csv,Wormbase.ID
May-22-2024-15:14:11,whole_genome_v2_nov-11-2021.csv,Wormbase.ID
Aug-09-2024-12:05:29,whole_genome_v2_nov-11-2021.csv,Wormbase.ID
Oct-25-2023-17:24:04,whole_genome_v2_nov-11-2021.csv,Sequence.ID
Oct-03-2023-14:05:50,whole_genome_v2_nov-11-2021.csv,Sequence.ID
Mar-15-2024-14:57:12,whole_genome_v1_jul-03-2019.csv,Sequence.ID
May-10-2024-19:30:52,whole_genome_v2_nov-11-2021.csv,Wormbase.ID
Sep-09-2024-18:06:24,whole_genome_v2_nov-11-2021.csv,Wormbase.ID
May-16-2024-00:43:12,whole_genome_v2_nov-11-2021.csv,Wormbase.ID
Aug-04-2024-07:52:28,whole_genome_v2_nov-11-2021.csv,Wormbase.ID
Feb-15-2024-12:11:30,whole_genome_v2_nov-11-2021.csv,Sequence.ID
Oct-08-2024-02:31:32,whole_genome_v2_nov-11-2021.csv,Sequence.ID
Nov-28-2023-13:22:53,whole_genome_v2_nov-11-2021.csv,Wormbase.ID
Feb-09-2024-12:59:15,whole_genome_v2_nov-11-2021.csv,Sequence.ID
Oct-07-2024-14:07:50,whole_genome_v2_nov-11-2021.csv,Wormbase.ID
Feb-15-2024-14:45:43,whole_genome_v2_nov-11-2021.csv,Wormbase.ID
Dec-14-2023-01:53:15,whole_genome_v2_nov-11-2021.csv,Sequence.ID
Feb-15-2024-09:28:00,whole_genome_v2_nov-11-2021.csv,Wormbase.ID
Jul-25-2024-15:45:27,whole_genome_v2_nov-11-2021.csv,Sequence.ID
Jul-21-2024-21:19:29,whole_genome_v2_nov-11-2021.csv,Wormbase.ID
Feb-13-2024-16:11:57,whole_genome_v2_nov-11-2021.csv,Wormbase.ID
Apr-18-2024-08:59:27,whole_genome_v2_nov-11-2021.csv,Wormbase.ID
Apr-24-2024-04:29:18,whole_genome_v2_nov-11-2021.csv,Sequence.ID
Apr-30-2024-14:36:33,whole_genome_v2_nov-11-2021.csv,Wormbase.ID
Jan-25-2024-14:55:57,whole_genome_v2_nov-11-2021.csv,Wormbase.ID
Jun-04-2024-18:48:50,whole_genome_v2_nov-11-2021.csv,Wormbase.ID
Aug-13-2024-04:48:13,ORF_only_v2_nov-11-2021.csv,Wormbase.ID
Nov-21-2023-19:35:42,whole_genome_v2_nov-11-2021.csv,Wormbase.ID
Feb-06-2024-06:29:48,whole_genome_v2_nov-11-2021.csv,Wormbase.ID
Oct-02-2024-08:18:10,whole_genome_v2_nov-11-2021.csv,Wormbase.ID
Nov-30-2023-18:58:41,ahringer_v2_nov-11-2021.csv,Wormbase.ID
Aug-28-2023-16:18:38,whole_genome_v2_nov-11-2021.csv,Wormbase.ID
Dec-14-2023-11:40:52,whole_genome_v2_nov-11-2021.csv,Wormbase.ID
Dec-08-2023-09:51:59,whole_genome_v2_nov-11-2021.csv,Wormbase.ID
Nov-21-2023-16:35:34,whole_genome_v2_nov-11-2021.csv,Wormbase.ID
Sep-27-2023-16:24:34,whole_genome_v2_nov-11-2021.csv,Wormbase.ID
Jun-27-2024-18:36:56,whole_genome_v2_nov-11-2021.csv,Wormbase.ID
Feb-14-2024-13:43:38,whole_genome_v2_nov-11-2021.csv,Wormbase.ID
Sep-10-2024-19:25:58,whole_genome_v2_nov-11-2021.csv,Wormbase.ID
Oct-12-2023-17:56:27,whole_genome_v2_nov-11-2021.csv,Wormbase.ID
Mar-28-2024-13:13:10,whole_genome_v2_nov-11-2021.csv,Wormbase.ID
Jul-02-2024-12:51:12,whole_genome_v2_nov-11-2021.csv,Wormbase.ID
Sep-20-2023-13:51:53,whole_genome_v2_nov-11-2021.csv,Wormbase.ID
Oct-04-2023-15:39:16,whole_genome_v2_nov-11-2021.csv,Sequence.ID
Oct-07-2023-12:11:02,whole_genome_v2_nov-11-2021.csv,Sequence.ID
Aug-28-2023-23:00:12,whole_genome_v2_nov-11-2021.csv,Wormbase.ID
Sep-18-2023-17:15:20,whole_genome_v2_nov-11-2021.csv,Wormbase.ID
May-28-2024-18:01:19,whole_genome_v2_nov-11-2021.csv,Wormbase.ID
Feb-29-2024-11:05:07,whole_genome_v2_nov-11-2021.csv,Sequence.ID
Jul-22-2024-17:23:27,whole_genome_v2_nov-11-2021.csv,Wormbase.ID
Jun-02-2024-16:06:49,whole_genome_v2_nov-11-2021.csv,Wormbase.ID
Dec-05-2023-19:40:05,whole_genome_v2_nov-11-2021.csv,Wormbase.ID
Apr-11-2024-09:12:19,whole_genome_v2_nov-11-2021.csv,Wormbase.ID
Feb-17-2024-15:27:55,whole_genome_v2_nov-11-2021.csv,Wormbase.ID
Jun-27-2024-21:19:32,whole_genome_v2_nov-11-2021.csv,Wormbase.ID
Jul-19-2024-12:20:25,whole_genome_v2_nov-11-2021.csv,Wormbase.ID
Sep-05-2024-10:01:32,whole_genome_v2_nov-11-2021.csv,Sequence.ID
Aug-28-2023-00:34:40,whole_genome_v2_nov-11-2021.csv,Wormbase.ID
Sep-20-2023-17:33:30,whole_genome_v2_nov-11-2021.csv,Wormbase.ID
Sep-21-2023-17:49:59,whole_genome_v2_nov-11-2021.csv,Wormbase.ID
Jun-15-2024-21:17:46,whole_genome_v2_nov-11-2021.csv,Wormbase.ID
Nov-29-2023-11:34:58,whole_genome_v2_nov-11-2021.csv,Wormbase.ID
Aug-28-2024-17:36:35,whole_genome_v2_nov-11-2021.csv,Wormbase.ID
Jan-05-2024-19:01:02,whole_genome_v2_nov-11-2021.csv,Wormbase.ID
May-21-2024-10:02:44,whole_genome_v2_nov-11-2021.csv,Wormbase.ID
Oct-07-2024-08:02:24,whole_genome_v2_nov-11-2021.csv,Sequence.ID
Jul-10-2024-07:38:06,whole_genome_v2_nov-11-2021.csv,Sequence.ID
Sep-18-2023-18:49:19,whole_genome_v2_nov-11-2021.csv,Wormbase.ID
Jul-13-2024-04:33:35,ORF_only_v2_nov-11-2021.csv,Wormbase.ID
Sep-05-2023-15:11:52,whole_genome_v2_nov-11-2021.csv,Wormbase.ID
Jun-30-2024-02:46:53,whole_genome_v2_nov-11-2021.csv,Wormbase.ID
Jan-14-2024-07:07:41,whole_genome_v2_nov-11-2021.csv,Wormbase.ID
Jun-05-2024-03:57:33,whole_genome_v2_nov-11-2021.csv,Wormbase.ID
Aug-16-2023-06:01:41,whole_genome_v2_nov-11-2021.csv,Wormbase.ID
Aug-16-2023-06:01:14,whole_genome_v2_nov-11-2021.csv,Wormbase.ID
Aug-16-2023-06:01:05,whole_genome_v2_nov-11-2021.csv,Wormbase.ID
Aug-16-2023-06:00:56,whole_genome_v2_nov-11-2021.csv,Wormbase.ID
Aug-16-2023-06:01:49,whole_genome_v2_nov-11-2021.csv,Wormbase.ID
Aug-16-2023-06:01:32,whole_genome_v2_nov-11-2021.csv,Wormbase.ID
Aug-16-2023-06:01:23,whole_genome_v2_nov-11-2021.csv,Wormbase.ID
May-26-2024-12:56:17,whole_genome_v2_nov-11-2021.csv,Wormbase.ID
Aug-09-2023-04:39:34,whole_genome_v2_nov-11-2021.csv,Wormbase.ID
Dec-27-2023-17:13:50,whole_genome_v2_nov-11-2021.csv,Wormbase.ID
Mar-31-2024-22:32:32,whole_genome_v2_nov-11-2021.csv,Sequence.ID
Jun-13-2024-15:38:23,whole_genome_v2_nov-11-2021.csv,Wormbase.ID
Mar-29-2024-02:44:36,whole_genome_v2_nov-11-2021.csv,Wormbase.ID
Oct-11-2023-17:12:11,whole_genome_v2_nov-11-2021.csv,Wormbase.ID
Sep-13-2023-20:08:58,whole_genome_v2_nov-11-2021.csv,Wormbase.ID
Apr-17-2024-19:11:09,whole_genome_v2_nov-11-2021.csv,Wormbase.ID
Jul-25-2024-19:43:13,whole_genome_v2_nov-11-2021.csv,Wormbase.ID
Sep-18-2023-17:10:04,whole_genome_v2_nov-11-2021.csv,Wormbase.ID
Aug-27-2024-18:39:53,whole_genome_v2_nov-11-2021.csv,Wormbase.ID
Jun-03-2024-14:34:14,whole_genome_v2_nov-11-2021.csv,Wormbase.ID
Feb-27-2024-10:05:45,whole_genome_v2_nov-11-2021.csv,Wormbase.ID
Aug-28-2024-17:50:57,whole_genome_v2_nov-11-2021.csv,Wormbase.ID
Sep-19-2023-20:24:11,whole_genome_v2_nov-11-2021.csv,Wormbase.ID
Mar-13-2024-18:40:10,whole_genome_v2_nov-11-2021.csv,Wormbase.ID
Aug-16-2023-15:27:08,whole_genome_v2_nov-11-2021.csv,Wormbase.ID
Mar-26-2024-17:18:22,whole_genome_v2_nov-11-2021.csv,Wormbase.ID
Sep-25-2023-13:06:08,whole_genome_v2_nov-11-2021.csv,Wormbase.ID
Aug-28-2023-21:12:25,whole_genome_v2_nov-11-2021.csv,Wormbase.ID
Mar-15-2024-10:57:16,whole_genome_v2_nov-11-2021.csv,Wormbase.ID
Oct-17-2024-11:10:54,whole_genome_v2_nov-11-2021.csv,Wormbase.ID
Feb-10-2024-19:01:21,whole_genome_v2_nov-11-2021.csv,Sequence.ID
Jan-26-2024-10:24:33,whole_genome_v2_nov-11-2021.csv,Wormbase.ID
Aug-31-2023-00:12:30,whole_genome_v2_nov-11-2021.csv,Wormbase.ID
Sep-18-2023-17:23:40,whole_genome_v2_nov-11-2021.csv,Sequence.ID
Jan-20-2024-04:16:22,whole_genome_v2_nov-11-2021.csv,Sequence.ID
Aug-08-2023-17:13:36,whole_genome_v2_nov-11-2021.csv,Sequence.ID
Feb-15-2024-12:15:48,whole_genome_v2_nov-11-2021.csv,Wormbase.ID
Feb-21-2024-21:31:58,whole_genome_v2_nov-11-2021.csv,Wormbase.ID
May-29-2024-16:12:32,whole_genome_v2_nov-11-2021.csv,Wormbase.ID
Jun-17-2024-18:57:07,whole_genome_v2_nov-11-2021.csv,Wormbase.ID
Apr-17-2024-13:32:05,whole_genome_v2_nov-11-2021.csv,Wormbase.ID
Oct-04-2023-13:05:25,whole_genome_v2_nov-11-2021.csv,Wormbase.ID
Mar-12-2024-13:18:10,whole_genome_v2_nov-11-2021.csv,Wormbase.ID
Oct-03-2024-03:19:05,whole_genome_v2_nov-11-2021.csv,Sequence.ID
Aug-14-2023-15:40:09,whole_genome_v2_nov-11-2021.csv,Wormbase.ID
Jun-29-2024-16:10:22,whole_genome_v2_nov-11-2021.csv,Sequence.ID
Apr-19-2024-19:15:48,whole_genome_v2_nov-11-2021.csv,Wormbase.ID
Oct-27-2023-01:50:36,whole_genome_v2_nov-11-2021.csv,Wormbase.ID
Feb-21-2024-21:33:45,whole_genome_v2_nov-11-2021.csv,Wormbase.ID
Oct-20-2023-02:57:28,whole_genome_v2_nov-11-2021.csv,Wormbase.ID
Sep-16-2023-19:27:39,whole_genome_v2_nov-11-2021.csv,Wormbase.ID
Dec-12-2023-13:59:20,whole_genome_v2_nov-11-2021.csv,Wormbase.ID
Dec-12-2023-13:59:30,whole_genome_v2_nov-11-2021.csv,Wormbase.ID
Dec-12-2023-13:58:57,whole_genome_v2_nov-11-2021.csv,Wormbase.ID
Dec-12-2023-13:59:08,whole_genome_v2_nov-11-2021.csv,Wormbase.ID
Jul-25-2024-19:33:29,whole_genome_v2_nov-11-2021.csv,Wormbase.ID
Aug-28-2023-16:08:37,whole_genome_v2_nov-11-2021.csv,Wormbase.ID
Aug-28-2024-17:17:51,whole_genome_v2_nov-11-2021.csv,Wormbase.ID
Mar-19-2024-14:44:33,ahringer_v2_nov-11-2021.csv,Sequence.ID
Jul-10-2024-14:25:07,whole_genome_v2_nov-11-2021.csv,Wormbase.ID
Sep-24-2023-05:49:26,whole_genome_v2_nov-11-2021.csv,Sequence.ID
Oct-03-2023-13:57:49,whole_genome_v2_nov-11-2021.csv,Wormbase.ID
Apr-28-2024-15:45:57,whole_genome_v2_nov-11-2021.csv,Wormbase.ID
Apr-20-2024-01:34:03,whole_genome_v2_nov-11-2021.csv,Wormbase.ID
Jun-21-2024-21:59:48,whole_genome_v2_nov-11-2021.csv,Wormbase.ID
Jun-21-2024-21:59:21,whole_genome_v2_nov-11-2021.csv,Wormbase.ID
Jun-21-2024-21:59:09,whole_genome_v2_nov-11-2021.csv,Wormbase.ID
Jun-21-2024-21:59:30,whole_genome_v2_nov-11-2021.csv,Wormbase.ID
Jun-21-2024-21:59:38,whole_genome_v2_nov-11-2021.csv,Wormbase.ID
Jun-21-2024-21:59:58,whole_genome_v2_nov-11-2021.csv,Wormbase.ID
Sep-10-2023-01:14:15,whole_genome_v2_nov-11-2021.csv,Wormbase.ID
Jan-28-2024-23:22:42,whole_genome_v2_nov-11-2021.csv,Wormbase.ID
Feb-15-2024-13:35:41,whole_genome_v2_nov-11-2021.csv,Sequence.ID
Dec-14-2023-10:43:02,whole_genome_v2_nov-11-2021.csv,Wormbase.ID
Feb-15-2024-14:47:19,whole_genome_v2_nov-11-2021.csv,Wormbase.ID
Nov-29-2023-15:45:56,whole_genome_v2_nov-11-2021.csv,Wormbase.ID
Apr-23-2024-00:39:09,whole_genome_v2_nov-11-2021.csv,Wormbase.ID
Oct-05-2023-17:29:11,whole_genome_v2_nov-11-2021.csv,Wormbase.ID
Jan-09-2024-17:23:26,whole_genome_v2_nov-11-2021.csv,Wormbase.ID
Feb-29-2024-10:45:54,whole_genome_v2_nov-11-2021.csv,Sequence.ID
Nov-01-2023-16:49:37,whole_genome_v2_nov-11-2021.csv,Sequence.ID
Aug-13-2024-15:15:28,whole_genome_v2_nov-11-2021.csv,Wormbase.ID
Aug-28-2024-17:13:46,whole_genome_v2_nov-11-2021.csv,Wormbase.ID
Jul-04-2024-20:11:29,whole_genome_v1_jul-03-2019.csv,Sequence.ID
Oct-06-2023-00:54:16,whole_genome_v2_nov-11-2021.csv,Wormbase.ID
Feb-17-2024-13:41:56,whole_genome_v2_nov-11-2021.csv,Wormbase.ID
Aug-20-2024-21:25:05,whole_genome_v2_nov-11-2021.csv,Wormbase.ID
Sep-18-2023-17:37:15,whole_genome_v2_nov-11-2021.csv,Sequence.ID
Feb-08-2024-17:38:52,whole_genome_v2_nov-11-2021.csv,Wormbase.ID
Sep-13-2024-16:33:48,whole_genome_v2_nov-11-2021.csv,Wormbase.ID
Oct-07-2024-14:11:01,whole_genome_v2_nov-11-2021.csv,Wormbase.ID
Aug-31-2023-00:22:35,whole_genome_v2_nov-11-2021.csv,Wormbase.ID
Aug-14-2023-15:28:01,whole_genome_v2_nov-11-2021.csv,Wormbase.ID
Apr-12-2024-01:06:20,whole_genome_v2_nov-11-2021.csv,Wormbase.ID
Nov-02-2023-22:18:04,whole_genome_v2_nov-11-2021.csv,Wormbase.ID
May-10-2024-06:59:40,ORF_only_v2_nov-11-2021.csv,Sequence.ID
Sep-19-2023-22:15:51,whole_genome_v2_nov-11-2021.csv,Wormbase.ID
Sep-27-2023-14:17:03,whole_genome_v2_nov-11-2021.csv,Sequence.ID
May-10-2024-19:39:08,whole_genome_v2_nov-11-2021.csv,Wormbase.ID
Sep-15-2024-00:32:48,whole_genome_v2_nov-11-2021.csv,Wormbase.ID
May-21-2024-16:12:37,whole_genome_v2_nov-11-2021.csv,Wormbase.ID
Apr-22-2024-20:38:27,whole_genome_v2_nov-11-2021.csv,Wormbase.ID
Oct-08-2024-22:28:56,whole_genome_v2_nov-11-2021.csv,Wormbase.ID
Jul-29-2024-15:25:23,whole_genome_v2_nov-11-2021.csv,Wormbase.ID
Jun-24-2024-22:56:44,whole_genome_v2_nov-11-2021.csv,Wormbase.ID
Sep-12-2024-17:44:36,whole_genome_v2_nov-11-2021.csv,Wormbase.ID
Feb-09-2024-17:32:10,whole_genome_v2_nov-11-2021.csv,Wormbase.ID
Apr-26-2024-18:59:04,whole_genome_v2_nov-11-2021.csv,Wormbase.ID
Oct-03-2023-05:46:50,ORF_only_v2_nov-11-2021.csv,Wormbase.ID
Dec-01-2023-01:18:40,whole_genome_v2_nov-11-2021.csv,Wormbase.ID
Jun-05-2024-15:02:21,whole_genome_v2_nov-11-2021.csv,Sequence.ID
Nov-30-2023-03:20:33,whole_genome_v2_nov-11-2021.csv,Sequence.ID
Apr-06-2024-15:22:44,whole_genome_v2_nov-11-2021.csv,Wormbase.ID
Oct-23-2023-01:12:03,whole_genome_v2_nov-11-2021.csv,Wormbase.ID
Jul-28-2024-17:14:44,whole_genome_v2_nov-11-2021.csv,Wormbase.ID
Mar-11-2024-17:37:27,whole_genome_v2_nov-11-2021.csv,Wormbase.ID
Feb-13-2024-22:46:18,whole_genome_v2_nov-11-2021.csv,Wormbase.ID
Feb-13-2024-13:58:56,whole_genome_v2_nov-11-2021.csv,Sequence.ID
Mar-19-2024-16:39:24,whole_genome_v2_nov-11-2021.csv,Wormbase.ID
Aug-20-2023-14:24:34,whole_genome_v2_nov-11-2021.csv,Wormbase.ID
May-14-2024-20:58:06,whole_genome_v2_nov-11-2021.csv,Wormbase.ID
Mar-02-2024-00:25:55,whole_genome_v2_nov-11-2021.csv,Wormbase.ID
Apr-17-2024-18:00:26,whole_genome_v2_nov-11-2021.csv,Sequence.ID
Oct-02-2023-06:04:56,whole_genome_v2_nov-11-2021.csv,Wormbase.ID
Jun-03-2024-11:55:13,whole_genome_v2_nov-11-2021.csv,Wormbase.ID
Sep-09-2024-06:02:54,whole_genome_v2_nov-11-2021.csv,Wormbase.ID
Jun-04-2024-09:55:02,whole_genome_v2_nov-11-2021.csv,Wormbase.ID
Jul-22-2024-13:31:03,whole_genome_v2_nov-11-2021.csv,Wormbase.ID
Jun-18-2024-21:07:59,whole_genome_v2_nov-11-2021.csv,Wormbase.ID
Jul-04-2024-02:34:53,whole_genome_v2_nov-11-2021.csv,Wormbase.ID
Jun-05-2024-17:57:15,whole_genome_v2_nov-11-2021.csv,Wormbase.ID
Oct-05-2024-10:45:13,whole_genome_v2_nov-11-2021.csv,Wormbase.ID
Aug-25-2023-02:13:28,whole_genome_v2_nov-11-2021.csv,Wormbase.ID
Apr-19-2024-06:55:06,whole_genome_v2_nov-11-2021.csv,Wormbase.ID
Apr-11-2024-00:14:02,whole_genome_v2_nov-11-2021.csv,Wormbase.ID
Apr-02-2024-16:19:55,whole_genome_v2_nov-11-2021.csv,Wormbase.ID
Apr-18-2024-20:43:20,whole_genome_v2_nov-11-2021.csv,Wormbase.ID
Oct-10-2023-06:49:43,whole_genome_v2_nov-11-2021.csv,Sequence.ID
Jul-22-2024-20:32:50,whole_genome_v2_nov-11-2021.csv,Wormbase.ID
Aug-11-2023-02:18:08,whole_genome_v2_nov-11-2021.csv,Wormbase.ID
Oct-24-2023-07:47:48,whole_genome_v2_nov-11-2021.csv,Sequence.ID
Sep-22-2023-15:17:25,whole_genome_v2_nov-11-2021.csv,Wormbase.ID
Jun-29-2024-12:09:11,whole_genome_v2_nov-11-2021.csv,Sequence.ID
Nov-16-2023-17:05:17,whole_genome_v2_nov-11-2021.csv,Wormbase.ID
Jul-26-2024-16:07:34,whole_genome_v2_nov-11-2021.csv,Wormbase.ID
Dec-05-2023-14:44:28,whole_genome_v2_nov-11-2021.csv,Wormbase.ID
Jan-29-2024-22:26:46,whole_genome_v2_nov-11-2021.csv,Wormbase.ID
Feb-15-2024-13:40:45,whole_genome_v2_nov-11-2021.csv,Sequence.ID
Jun-10-2024-21:48:59,whole_genome_v2_nov-11-2021.csv,Wormbase.ID
Dec-12-2023-16:56:34,whole_genome_v2_nov-11-2021.csv,Wormbase.ID
Feb-28-2024-14:16:48,whole_genome_v2_nov-11-2021.csv,Sequence.ID
Jul-22-2024-17:52:28,whole_genome_v2_nov-11-2021.csv,Wormbase.ID
Oct-31-2023-09:27:18,whole_genome_v2_nov-11-2021.csv,Wormbase.ID
Sep-28-2023-23:51:34,whole_genome_v2_nov-11-2021.csv,Wormbase.ID
Mar-14-2024-10:34:58,whole_genome_v2_nov-11-2021.csv,Wormbase.ID
Aug-31-2024-23:35:22,whole_genome_v2_nov-11-2021.csv,Wormbase.ID
Sep-30-2023-01:26:24,whole_genome_v2_nov-11-2021.csv,Wormbase.ID
Feb-27-2024-10:19:13,whole_genome_v2_nov-11-2021.csv,Wormbase.ID
Feb-05-2024-03:22:07,whole_genome_v2_nov-11-2021.csv,Wormbase.ID
Nov-13-2023-20:23:12,whole_genome_v2_nov-11-2021.csv,Wormbase.ID
Nov-13-2023-20:22:45,whole_genome_v2_nov-11-2021.csv,Wormbase.ID
Nov-13-2023-20:23:45,whole_genome_v2_nov-11-2021.csv,Wormbase.ID
Nov-13-2023-20:23:02,whole_genome_v2_nov-11-2021.csv,Wormbase.ID
Nov-13-2023-20:22:53,whole_genome_v2_nov-11-2021.csv,Wormbase.ID
Nov-13-2023-20:22:35,whole_genome_v2_nov-11-2021.csv,Wormbase.ID
Nov-13-2023-20:23:37,whole_genome_v2_nov-11-2021.csv,Wormbase.ID
Nov-13-2023-20:23:20,whole_genome_v2_nov-11-2021.csv,Wormbase.ID
Nov-13-2023-20:23:54,whole_genome_v2_nov-11-2021.csv,Wormbase.ID
Nov-13-2023-20:23:29,whole_genome_v2_nov-11-2021.csv,Wormbase.ID
Jun-03-2024-23:56:14,whole_genome_v2_nov-11-2021.csv,Wormbase.ID
Mar-02-2024-00:13:02,whole_genome_v2_nov-11-2021.csv,Wormbase.ID
Jun-18-2024-05:44:45,whole_genome_v2_nov-11-2021.csv,Wormbase.ID
May-07-2024-03:22:31,whole_genome_v2_nov-11-2021.csv,Wormbase.ID
Feb-20-2024-16:07:38,whole_genome_v2_nov-11-2021.csv,Sequence.ID
Sep-04-2023-13:37:08,whole_genome_v2_nov-11-2021.csv,Sequence.ID
Aug-12-2023-02:18:14,whole_genome_v2_nov-11-2021.csv,Wormbase.ID
Apr-22-2024-10:49:36,whole_genome_v2_nov-11-2021.csv,Wormbase.ID
Jul-15-2024-21:44:19,whole_genome_v2_nov-11-2021.csv,Wormbase.ID
Aug-06-2023-22:28:55,whole_genome_v2_nov-11-2021.csv,Wormbase.ID
Aug-09-2023-19:31:18,whole_genome_v2_nov-11-2021.csv,Wormbase.ID
Dec-11-2023-19:33:23,whole_genome_v2_nov-11-2021.csv,Wormbase.ID
Sep-27-2024-19:17:30,whole_genome_v2_nov-11-2021.csv,Wormbase.ID
Apr-09-2024-14:38:51,whole_genome_v2_nov-11-2021.csv,Wormbase.ID
May-28-2024-13:36:21,whole_genome_v2_nov-11-2021.csv,Wormbase.ID
Oct-10-2024-10:22:18,whole_genome_v2_nov-11-2021.csv,Wormbase.ID
Aug-28-2023-21:24:25,whole_genome_v2_nov-11-2021.csv,Wormbase.ID
Sep-10-2024-18:44:22,whole_genome_v2_nov-11-2021.csv,Wormbase.ID
Sep-29-2024-19:39:42,whole_genome_v2_nov-11-2021.csv,Wormbase.ID
Jun-12-2024-12:32:36,whole_genome_v2_nov-11-2021.csv,Wormbase.ID
Feb-17-2024-17:15:44,whole_genome_v2_nov-11-2021.csv,Wormbase.ID
Oct-10-2024-16:44:50,whole_genome_v2_nov-11-2021.csv,Sequence.ID
Jun-12-2024-18:08:04,whole_genome_v2_nov-11-2021.csv,Wormbase.ID
Sep-18-2023-17:47:06,whole_genome_v2_nov-11-2021.csv,Wormbase.ID
Aug-17-2024-22:59:09,whole_genome_v2_nov-11-2021.csv,Wormbase.ID
Aug-20-2023-19:49:56,whole_genome_v2_nov-11-2021.csv,Wormbase.ID
May-07-2024-16:38:21,whole_genome_v2_nov-11-2021.csv,Wormbase.ID
Aug-28-2024-17:51:20,whole_genome_v2_nov-11-2021.csv,Wormbase.ID
Oct-19-2023-20:10:23,whole_genome_v2_nov-11-2021.csv,Wormbase.ID
Feb-27-2024-00:14:38,whole_genome_v2_nov-11-2021.csv,Wormbase.ID
Jan-01-2024-22:27:50,whole_genome_v2_nov-11-2021.csv,Wormbase.ID
Dec-03-2023-18:54:04,whole_genome_v2_nov-11-2021.csv,Wormbase.ID
Dec-06-2023-19:53:27,whole_genome_v2_nov-11-2021.csv,Wormbase.ID
Nov-09-2023-21:12:42,whole_genome_v2_nov-11-2021.csv,Wormbase.ID
Jan-08-2024-13:10:27,whole_genome_v2_nov-11-2021.csv,Wormbase.ID
Mar-08-2024-23:13:07,whole_genome_v2_nov-11-2021.csv,Wormbase.ID
Jul-14-2024-23:46:24,whole_genome_v2_nov-11-2021.csv,Wormbase.ID
Aug-27-2024-18:23:40,whole_genome_v2_nov-11-2021.csv,Wormbase.ID
Dec-18-2023-23:23:32,whole_genome_v2_nov-11-2021.csv,Sequence.ID
Jul-20-2024-15:31:03,whole_genome_v2_nov-11-2021.csv,Wormbase.ID
Nov-06-2023-12:50:27,whole_genome_v2_nov-11-2021.csv,Sequence.ID
Sep-30-2024-15:55:48,whole_genome_v2_nov-11-2021.csv,Sequence.ID
Jul-14-2024-20:55:31,whole_genome_v2_nov-11-2021.csv,Sequence.ID
Aug-07-2023-21:36:17,whole_genome_v2_nov-11-2021.csv,Wormbase.ID
Aug-09-2023-04:23:54,whole_genome_v2_nov-11-2021.csv,Wormbase.ID
Apr-08-2024-18:45:58,whole_genome_v2_nov-11-2021.csv,Wormbase.ID
Oct-16-2023-11:34:12,whole_genome_v2_nov-11-2021.csv,Sequence.ID
Apr-17-2024-19:18:26,whole_genome_v2_nov-11-2021.csv,Wormbase.ID
Feb-02-2024-12:34:21,whole_genome_v2_nov-11-2021.csv,Wormbase.ID
Sep-05-2024-10:20:14,whole_genome_v2_nov-11-2021.csv,Sequence.ID
Aug-19-2024-19:06:22,whole_genome_v2_nov-11-2021.csv,Wormbase.ID
Sep-25-2024-01:36:22,whole_genome_v2_nov-11-2021.csv,Wormbase.ID
Jul-24-2024-15:30:22,whole_genome_v2_nov-11-2021.csv,Wormbase.ID
Apr-30-2024-17:39:06,whole_genome_v2_nov-11-2021.csv,Wormbase.ID
Jul-22-2024-13:37:43,whole_genome_v1_jul-03-2019.csv,Wormbase.ID
Feb-29-2024-11:06:38,whole_genome_v2_nov-11-2021.csv,Sequence.ID
Jan-20-2024-09:49:15,whole_genome_v2_nov-11-2021.csv,Wormbase.ID
Jul-15-2024-21:05:47,whole_genome_v2_nov-11-2021.csv,Wormbase.ID
Sep-21-2023-18:01:36,whole_genome_v2_nov-11-2021.csv,Wormbase.ID
Feb-16-2024-15:30:49,whole_genome_v2_nov-11-2021.csv,Sequence.ID
Feb-07-2024-13:39:29,whole_genome_v2_nov-11-2021.csv,Wormbase.ID
Apr-15-2024-03:40:50,whole_genome_v2_nov-11-2021.csv,Wormbase.ID
May-14-2024-16:56:55,whole_genome_v2_nov-11-2021.csv,Sequence.ID
Sep-12-2024-22:03:51,whole_genome_v2_nov-11-2021.csv,Wormbase.ID
Mar-19-2024-08:34:35,whole_genome_v2_nov-11-2021.csv,Sequence.ID
Dec-29-2023-08:35:43,whole_genome_v2_nov-11-2021.csv,Wormbase.ID
Sep-26-2023-21:53:45,whole_genome_v2_nov-11-2021.csv,Wormbase.ID
Mar-26-2024-16:43:31,whole_genome_v2_nov-11-2021.csv,Wormbase.ID
Feb-21-2024-20:16:05,whole_genome_v2_nov-11-2021.csv,Sequence.ID
Jan-30-2024-16:59:06,whole_genome_v2_nov-11-2021.csv,Wormbase.ID
Sep-18-2023-17:15:48,whole_genome_v2_nov-11-2021.csv,Wormbase.ID
Apr-30-2024-00:10:14,whole_genome_v2_nov-11-2021.csv,Wormbase.ID
Jan-30-2024-02:43:57,whole_genome_v2_nov-11-2021.csv,Wormbase.ID
Feb-17-2024-12:26:35,whole_genome_v2_nov-11-2021.csv,Wormbase.ID
Aug-09-2024-07:00:11,whole_genome_v2_nov-11-2021.csv,Wormbase.ID
Aug-31-2023-19:27:57,whole_genome_v2_nov-11-2021.csv,Sequence.ID
Jul-15-2024-18:17:04,whole_genome_v2_nov-11-2021.csv,Sequence.ID
Jun-03-2024-08:31:29,whole_genome_v2_nov-11-2021.csv,Wormbase.ID
Jul-14-2024-23:44:27,whole_genome_v2_nov-11-2021.csv,Wormbase.ID
Dec-09-2023-03:25:43,whole_genome_v2_nov-11-2021.csv,Wormbase.ID
Jan-15-2024-09:30:19,whole_genome_v2_nov-11-2021.csv,Wormbase.ID
Aug-27-2024-17:49:01,whole_genome_v2_nov-11-2021.csv,Sequence.ID
Jul-09-2024-15:44:48,whole_genome_v2_nov-11-2021.csv,Wormbase.ID
Jul-29-2024-05:42:09,whole_genome_v2_nov-11-2021.csv,Sequence.ID
Oct-03-2024-13:12:16,whole_genome_v2_nov-11-2021.csv,Wormbase.ID
Jul-09-2024-22:46:40,whole_genome_v2_nov-11-2021.csv,Wormbase.ID
Feb-13-2024-14:24:58,whole_genome_v2_nov-11-2021.csv,Sequence.ID
May-14-2024-20:58:11,whole_genome_v2_nov-11-2021.csv,Wormbase.ID
Nov-30-2023-19:26:51,orfeome_v2_nov-11-2021.csv,Wormbase.ID
Nov-30-2023-19:26:59,orfeome_v2_nov-11-2021.csv,Wormbase.ID
Nov-30-2023-19:26:33,orfeome_v2_nov-11-2021.csv,Wormbase.ID
Nov-30-2023-19:26:41,orfeome_v2_nov-11-2021.csv,Wormbase.ID
Oct-10-2023-21:02:00,whole_genome_v2_nov-11-2021.csv,Wormbase.ID
Aug-28-2024-21:47:02,whole_genome_v2_nov-11-2021.csv,Wormbase.ID
May-16-2024-13:09:27,whole_genome_v2_nov-11-2021.csv,Sequence.ID
Sep-18-2023-13:59:18,whole_genome_v2_nov-11-2021.csv,Wormbase.ID
Oct-02-2023-05:48:05,whole_genome_v2_nov-11-2021.csv,Wormbase.ID
Jul-09-2024-00:44:45,whole_genome_v2_nov-11-2021.csv,Sequence.ID
Oct-30-2023-12:41:14,whole_genome_v2_nov-11-2021.csv,Wormbase.ID
Sep-28-2023-18:54:42,whole_genome_v2_nov-11-2021.csv,Wormbase.ID
Sep-28-2023-18:54:33,whole_genome_v2_nov-11-2021.csv,Wormbase.ID
Sep-25-2023-20:30:55,whole_genome_v2_nov-11-2021.csv,Wormbase.ID
Apr-12-2024-04:51:40,whole_genome_v2_nov-11-2021.csv,Wormbase.ID
Apr-10-2024-23:46:50,whole_genome_v2_nov-11-2021.csv,Wormbase.ID
Feb-16-2024-15:24:09,whole_genome_v2_nov-11-2021.csv,Sequence.ID
Jul-10-2024-07:41:13,whole_genome_v2_nov-11-2021.csv,Sequence.ID
Jun-13-2024-05:04:15,whole_genome_v2_nov-11-2021.csv,Wormbase.ID
Dec-14-2023-14:22:37,whole_genome_v2_nov-11-2021.csv,Wormbase.ID
Mar-08-2024-21:28:48,whole_genome_v2_nov-11-2021.csv,Wormbase.ID
May-30-2024-08:56:05,whole_genome_v2_nov-11-2021.csv,Wormbase.ID
Dec-30-2023-13:06:46,whole_genome_v2_nov-11-2021.csv,Wormbase.ID
Jun-11-2024-11:58:20,whole_genome_v2_nov-11-2021.csv,Wormbase.ID
Apr-18-2024-09:41:13,whole_genome_v2_nov-11-2021.csv,Wormbase.ID
Mar-04-2024-13:09:21,whole_genome_v2_nov-11-2021.csv,Wormbase.ID
Apr-02-2024-08:44:50,whole_genome_v2_nov-11-2021.csv,Wormbase.ID
Aug-13-2024-08:30:53,whole_genome_v2_nov-11-2021.csv,Wormbase.ID
Apr-12-2024-11:29:30,whole_genome_v2_nov-11-2021.csv,Sequence.ID
Sep-13-2024-13:59:03,whole_genome_v2_nov-11-2021.csv,Wormbase.ID
Mar-27-2024-15:17:26,whole_genome_v2_nov-11-2021.csv,Wormbase.ID
Jun-03-2024-08:59:35,whole_genome_v2_nov-11-2021.csv,Wormbase.ID
Feb-07-2024-10:16:34,whole_genome_v2_nov-11-2021.csv,Wormbase.ID
Feb-20-2024-20:28:17,whole_genome_v2_nov-11-2021.csv,Wormbase.ID
Sep-18-2023-17:33:12,whole_genome_v2_nov-11-2021.csv,Wormbase.ID
Dec-16-2023-15:35:07,whole_genome_v2_nov-11-2021.csv,Wormbase.ID
Aug-21-2023-15:09:27,whole_genome_v2_nov-11-2021.csv,Wormbase.ID
Jul-02-2024-20:41:58,whole_genome_v2_nov-11-2021.csv,Wormbase.ID
Aug-28-2023-16:42:29,whole_genome_v2_nov-11-2021.csv,Wormbase.ID
Mar-22-2024-18:01:50,ORF_only_v2_nov-11-2021.csv,Wormbase.ID
Sep-06-2023-15:48:01,whole_genome_v2_nov-11-2021.csv,Wormbase.ID
Mar-05-2024-20:07:51,whole_genome_v2_nov-11-2021.csv,Wormbase.ID
Jul-16-2024-21:20:30,whole_genome_v2_nov-11-2021.csv,Wormbase.ID
Aug-14-2023-15:36:47,whole_genome_v2_nov-11-2021.csv,Wormbase.ID
Apr-29-2024-12:33:17,whole_genome_v2_nov-11-2021.csv,Wormbase.ID
Apr-29-2024-12:33:56,whole_genome_v2_nov-11-2021.csv,Wormbase.ID
Apr-29-2024-12:33:02,whole_genome_v2_nov-11-2021.csv,Wormbase.ID
Apr-29-2024-12:32:54,whole_genome_v2_nov-11-2021.csv,Wormbase.ID
Apr-29-2024-12:33:09,whole_genome_v2_nov-11-2021.csv,Wormbase.ID
Apr-29-2024-12:33:49,whole_genome_v2_nov-11-2021.csv,Wormbase.ID
Apr-29-2024-12:32:47,whole_genome_v2_nov-11-2021.csv,Wormbase.ID
Apr-29-2024-12:33:41,whole_genome_v2_nov-11-2021.csv,Wormbase.ID
Apr-29-2024-12:33:33,whole_genome_v2_nov-11-2021.csv,Wormbase.ID
Apr-29-2024-12:33:25,whole_genome_v2_nov-11-2021.csv,Wormbase.ID
May-19-2024-19:43:24,whole_genome_v2_nov-11-2021.csv,Wormbase.ID
Oct-12-2023-17:48:25,whole_genome_v2_nov-11-2021.csv,Wormbase.ID
Apr-20-2024-01:11:34,whole_genome_v2_nov-11-2021.csv,Wormbase.ID
Feb-09-2024-17:57:14,whole_genome_v2_nov-11-2021.csv,Wormbase.ID
Mar-27-2024-21:40:58,whole_genome_v2_nov-11-2021.csv,Wormbase.ID
Nov-09-2023-20:33:04,whole_genome_v2_nov-11-2021.csv,Wormbase.ID
Aug-19-2024-16:46:46,whole_genome_v2_nov-11-2021.csv,Wormbase.ID
Sep-05-2024-21:40:51,whole_genome_v2_nov-11-2021.csv,Wormbase.ID
Apr-29-2024-18:13:03,whole_genome_v2_nov-11-2021.csv,Wormbase.ID
Sep-22-2023-00:14:37,whole_genome_v2_nov-11-2021.csv,Wormbase.ID
Sep-20-2024-15:32:36,whole_genome_v2_nov-11-2021.csv,Wormbase.ID
Aug-07-2024-19:58:03,whole_genome_v2_nov-11-2021.csv,Wormbase.ID
Jul-25-2024-19:27:05,whole_genome_v2_nov-11-2021.csv,Wormbase.ID
Apr-30-2024-00:25:19,whole_genome_v2_nov-11-2021.csv,Wormbase.ID
Mar-02-2024-00:12:21,whole_genome_v2_nov-11-2021.csv,Wormbase.ID
Oct-05-2023-18:04:55,whole_genome_v2_nov-11-2021.csv,Wormbase.ID
Mar-28-2024-14:04:37,whole_genome_v2_nov-11-2021.csv,Sequence.ID
Apr-15-2024-02:53:57,whole_genome_v2_nov-11-2021.csv,Wormbase.ID
Feb-27-2024-19:05:41,whole_genome_v2_nov-11-2021.csv,Wormbase.ID
Mar-11-2024-10:46:58,whole_genome_v2_nov-11-2021.csv,Wormbase.ID
Jul-22-2024-13:05:15,whole_genome_v2_nov-11-2021.csv,Wormbase.ID
Aug-14-2023-15:34:44,whole_genome_v2_nov-11-2021.csv,Wormbase.ID
Jun-29-2024-19:12:25,whole_genome_v2_nov-11-2021.csv,Wormbase.ID
Dec-13-2023-13:58:35,whole_genome_v2_nov-11-2021.csv,Wormbase.ID
Jul-02-2024-20:36:31,whole_genome_v2_nov-11-2021.csv,Wormbase.ID
Jul-20-2024-15:30:15,whole_genome_v2_nov-11-2021.csv,Wormbase.ID
Sep-18-2024-14:57:42,whole_genome_v2_nov-11-2021.csv,Sequence.ID
Apr-16-2024-12:51:45,whole_genome_v2_nov-11-2021.csv,Wormbase.ID
Jan-20-2024-04:17:09,whole_genome_v2_nov-11-2021.csv,Sequence.ID
Jun-11-2024-21:54:44,whole_genome_v2_nov-11-2021.csv,Wormbase.ID
Apr-05-2024-04:22:27,whole_genome_v2_nov-11-2021.csv,Sequence.ID
Dec-05-2023-02:41:23,whole_genome_v2_nov-11-2021.csv,Wormbase.ID
Oct-22-2023-20:23:08,whole_genome_v2_nov-11-2021.csv,Wormbase.ID
Oct-29-2023-16:00:23,whole_genome_v2_nov-11-2021.csv,Wormbase.ID
Jul-18-2024-18:45:20,whole_genome_v2_nov-11-2021.csv,Wormbase.ID
Aug-28-2024-18:45:31,whole_genome_v2_nov-11-2021.csv,Wormbase.ID
Jul-29-2024-20:14:03,whole_genome_v2_nov-11-2021.csv,Wormbase.ID
Aug-15-2023-13:59:31,whole_genome_v2_nov-11-2021.csv,Wormbase.ID
Aug-15-2023-13:58:58,whole_genome_v2_nov-11-2021.csv,Wormbase.ID
Aug-15-2023-13:59:24,whole_genome_v2_nov-11-2021.csv,Wormbase.ID
Aug-15-2023-13:59:07,whole_genome_v2_nov-11-2021.csv,Wormbase.ID
Aug-15-2023-13:59:39,whole_genome_v2_nov-11-2021.csv,Wormbase.ID
Aug-15-2023-13:59:16,whole_genome_v2_nov-11-2021.csv,Wormbase.ID
Jun-25-2024-13:01:32,whole_genome_v2_nov-11-2021.csv,Sequence.ID
Aug-28-2023-21:19:32,whole_genome_v2_nov-11-2021.csv,Wormbase.ID
Jan-01-2024-15:33:34,whole_genome_v2_nov-11-2021.csv,Wormbase.ID
Nov-27-2023-16:35:05,whole_genome_v2_nov-11-2021.csv,Wormbase.ID
Oct-31-2023-02:05:15,whole_genome_v2_nov-11-2021.csv,Wormbase.ID
Apr-22-2024-23:36:12,whole_genome_v2_nov-11-2021.csv,Wormbase.ID
Oct-09-2024-07:08:18,whole_genome_v2_nov-11-2021.csv,Wormbase.ID
Oct-05-2023-19:51:36,whole_genome_v2_nov-11-2021.csv,Wormbase.ID
Sep-19-2024-15:20:31,whole_genome_v2_nov-11-2021.csv,Wormbase.ID
Feb-08-2024-01:47:30,whole_genome_v2_nov-11-2021.csv,Wormbase.ID
Aug-07-2023-20:16:44,whole_genome_v2_nov-11-2021.csv,Wormbase.ID
Nov-13-2023-00:12:09,whole_genome_v2_nov-11-2021.csv,Wormbase.ID
Jul-09-2024-15:39:49,whole_genome_v2_nov-11-2021.csv,Wormbase.ID
Mar-20-2024-12:55:19,whole_genome_v2_nov-11-2021.csv,Sequence.ID
Apr-16-2024-12:49:47,whole_genome_v2_nov-11-2021.csv,Wormbase.ID
Sep-16-2024-01:05:56,whole_genome_v2_nov-11-2021.csv,Wormbase.ID
Oct-01-2024-00:51:26,whole_genome_v2_nov-11-2021.csv,Wormbase.ID
Nov-15-2023-19:00:56,whole_genome_v2_nov-11-2021.csv,Wormbase.ID
Sep-18-2024-14:58:35,whole_genome_v2_nov-11-2021.csv,Sequence.ID
Oct-12-2023-17:53:01,whole_genome_v2_nov-11-2021.csv,Wormbase.ID
Oct-05-2023-01:06:23,whole_genome_v2_nov-11-2021.csv,Wormbase.ID
Apr-17-2024-13:38:51,whole_genome_v2_nov-11-2021.csv,Sequence.ID
Sep-30-2024-14:25:56,whole_genome_v2_nov-11-2021.csv,Sequence.ID
Feb-08-2024-01:56:54,whole_genome_v2_nov-11-2021.csv,Wormbase.ID
May-16-2024-01:18:47,whole_genome_v2_nov-11-2021.csv,Wormbase.ID
Nov-07-2023-13:20:42,whole_genome_v2_nov-11-2021.csv,Wormbase.ID
Sep-20-2023-17:01:15,whole_genome_v2_nov-11-2021.csv,Wormbase.ID
Jun-19-2024-05:55:29,whole_genome_v2_nov-11-2021.csv,Wormbase.ID
Jun-09-2024-03:08:07,whole_genome_v2_nov-11-2021.csv,Wormbase.ID
Dec-09-2023-14:32:49,whole_genome_v2_nov-11-2021.csv,Wormbase.ID
Jul-26-2024-13:55:57,whole_genome_v2_nov-11-2021.csv,Sequence.ID
Aug-06-2023-23:24:02,whole_genome_v2_nov-11-2021.csv,Wormbase.ID
Oct-31-2023-02:09:46,whole_genome_v2_nov-11-2021.csv,Wormbase.ID
Oct-06-2024-22:56:53,whole_genome_v2_nov-11-2021.csv,Wormbase.ID
Feb-12-2024-18:13:03,whole_genome_v2_nov-11-2021.csv,Wormbase.ID
Jan-02-2024-16:39:38,whole_genome_v2_nov-11-2021.csv,Wormbase.ID
Sep-25-2023-22:20:11,whole_genome_v2_nov-11-2021.csv,Wormbase.ID
Dec-05-2023-17:45:20,whole_genome_v2_nov-11-2021.csv,Wormbase.ID
Feb-22-2024-18:28:31,whole_genome_v2_nov-11-2021.csv,Wormbase.ID
Aug-27-2024-18:05:59,whole_genome_v2_nov-11-2021.csv,Wormbase.ID
Mar-02-2024-16:28:36,whole_genome_v2_nov-11-2021.csv,Wormbase.ID
Mar-06-2024-19:31:14,whole_genome_v2_nov-11-2021.csv,Wormbase.ID
Mar-06-2024-19:31:58,whole_genome_v2_nov-11-2021.csv,Wormbase.ID
Mar-06-2024-19:31:40,whole_genome_v2_nov-11-2021.csv,Wormbase.ID
Mar-06-2024-19:31:49,whole_genome_v2_nov-11-2021.csv,Wormbase.ID
Mar-06-2024-19:31:32,whole_genome_v2_nov-11-2021.csv,Wormbase.ID
Mar-06-2024-19:32:07,whole_genome_v2_nov-11-2021.csv,Wormbase.ID
Mar-06-2024-19:31:23,whole_genome_v2_nov-11-2021.csv,Wormbase.ID
Aug-19-2023-07:27:16,whole_genome_v2_nov-11-2021.csv,Wormbase.ID
Jan-29-2024-01:03:18,whole_genome_v2_nov-11-2021.csv,Wormbase.ID
Feb-27-2024-10:16:51,whole_genome_v2_nov-11-2021.csv,Wormbase.ID
Sep-14-2023-19:06:18,whole_genome_v2_nov-11-2021.csv,Wormbase.ID
Aug-16-2023-16:40:03,whole_genome_v2_nov-11-2021.csv,Sequence.ID
Jun-16-2024-04:26:45,whole_genome_v2_nov-11-2021.csv,Sequence.ID
Mar-02-2024-22:26:14,ORF_only_v2_nov-11-2021.csv,Wormbase.ID
Mar-27-2024-10:33:32,whole_genome_v2_nov-11-2021.csv,Wormbase.ID
Jan-12-2024-21:30:56,whole_genome_v2_nov-11-2021.csv,Wormbase.ID
Mar-21-2024-10:27:26,whole_genome_v2_nov-11-2021.csv,Wormbase.ID
Jul-19-2024-16:38:02,whole_genome_v2_nov-11-2021.csv,Sequence.ID
Jan-11-2024-19:05:16,whole_genome_v2_nov-11-2021.csv,Wormbase.ID
Sep-14-2024-23:33:56,whole_genome_v2_nov-11-2021.csv,Wormbase.ID
Feb-16-2024-00:09:03,whole_genome_v2_nov-11-2021.csv,Wormbase.ID
May-05-2024-17:15:55,whole_genome_v2_nov-11-2021.csv,Wormbase.ID
Aug-26-2024-18:49:56,whole_genome_v2_nov-11-2021.csv,Wormbase.ID
Sep-18-2023-17:20:06,whole_genome_v2_nov-11-2021.csv,Sequence.ID
Sep-15-2023-14:57:53,whole_genome_v2_nov-11-2021.csv,Wormbase.ID
Feb-16-2024-11:05:46,whole_genome_v2_nov-11-2021.csv,Sequence.ID
Mar-28-2024-14:50:15,whole_genome_v2_nov-11-2021.csv,Wormbase.ID
Aug-21-2024-18:48:28,whole_genome_v2_nov-11-2021.csv,Wormbase.ID
Oct-08-2023-15:27:22,whole_genome_v2_nov-11-2021.csv,Sequence.ID
Aug-22-2023-18:44:41,ORF_only_v2_nov-11-2021.csv,Wormbase.ID
Oct-24-2023-07:05:20,whole_genome_v2_nov-11-2021.csv,Wormbase.ID
Aug-12-2024-17:38:04,whole_genome_v2_nov-11-2021.csv,Wormbase.ID
Mar-20-2024-13:03:17,whole_genome_v2_nov-11-2021.csv,Sequence.ID
Apr-18-2024-18:57:18,whole_genome_v2_nov-11-2021.csv,Wormbase.ID
Jan-29-2024-15:39:47,whole_genome_v2_nov-11-2021.csv,Wormbase.ID
Aug-19-2024-16:37:27,whole_genome_v2_nov-11-2021.csv,Wormbase.ID
Aug-15-2024-21:59:32,whole_genome_v2_nov-11-2021.csv,Wormbase.ID
Jul-24-2024-14:49:13,whole_genome_v2_nov-11-2021.csv,Wormbase.ID
Feb-22-2024-19:21:34,whole_genome_v2_nov-11-2021.csv,Wormbase.ID
Sep-13-2023-16:05:01,whole_genome_v2_nov-11-2021.csv,Wormbase.ID
Mar-11-2024-05:26:18,whole_genome_v2_nov-11-2021.csv,Wormbase.ID
Jul-16-2024-00:28:44,whole_genome_v2_nov-11-2021.csv,Wormbase.ID
Jul-16-2024-00:28:34,whole_genome_v2_nov-11-2021.csv,Wormbase.ID
Jul-16-2024-00:29:01,whole_genome_v2_nov-11-2021.csv,Wormbase.ID
Jul-16-2024-00:29:11,whole_genome_v2_nov-11-2021.csv,Wormbase.ID
Jul-16-2024-00:28:53,whole_genome_v2_nov-11-2021.csv,Wormbase.ID
Jul-16-2024-00:28:26,whole_genome_v2_nov-11-2021.csv,Wormbase.ID
Jul-16-2024-00:28:07,whole_genome_v2_nov-11-2021.csv,Wormbase.ID
Jul-16-2024-00:28:15,whole_genome_v2_nov-11-2021.csv,Wormbase.ID
Sep-11-2023-19:56:47,whole_genome_v2_nov-11-2021.csv,Wormbase.ID
Mar-28-2024-04:47:33,whole_genome_v2_nov-11-2021.csv,Wormbase.ID
Sep-18-2023-17:06:55,whole_genome_v2_nov-11-2021.csv,Wormbase.ID
May-09-2024-15:00:00,whole_genome_v2_nov-11-2021.csv,Wormbase.ID
Apr-26-2024-02:44:48,whole_genome_v2_nov-11-2021.csv,Wormbase.ID
Nov-30-2023-19:22:15,whole_genome_v2_nov-11-2021.csv,Wormbase.ID
Jul-15-2024-20:41:44,whole_genome_v2_nov-11-2021.csv,Wormbase.ID
Aug-28-2024-21:48:58,whole_genome_v2_nov-11-2021.csv,Wormbase.ID
Feb-16-2024-15:53:42,whole_genome_v2_nov-11-2021.csv,Sequence.ID
Jun-04-2024-20:01:35,whole_genome_v2_nov-11-2021.csv,Wormbase.ID
Aug-16-2023-15:42:30,whole_genome_v2_nov-11-2021.csv,Sequence.ID
Dec-12-2023-16:36:53,whole_genome_v2_nov-11-2021.csv,Wormbase.ID
Apr-02-2024-17:40:48,whole_genome_v2_nov-11-2021.csv,Wormbase.ID
Apr-06-2024-15:52:50,whole_genome_v2_nov-11-2021.csv,Wormbase.ID
Oct-21-2023-11:50:59,whole_genome_v2_nov-11-2021.csv,Wormbase.ID
Feb-07-2024-14:54:00,whole_genome_v2_nov-11-2021.csv,Wormbase.ID
Jul-15-2024-21:06:38,whole_genome_v2_nov-11-2021.csv,Wormbase.ID
Sep-10-2023-00:37:41,whole_genome_v2_nov-11-2021.csv,Wormbase.ID
May-09-2024-15:44:23,whole_genome_v2_nov-11-2021.csv,Wormbase.ID
Oct-02-2023-13:50:46,whole_genome_v2_nov-11-2021.csv,Wormbase.ID
Sep-14-2023-16:15:43,whole_genome_v2_nov-11-2021.csv,Wormbase.ID
May-24-2024-13:50:35,whole_genome_v2_nov-11-2021.csv,Wormbase.ID
Oct-19-2023-17:49:16,whole_genome_v2_nov-11-2021.csv,Wormbase.ID
Jul-28-2024-16:46:21,whole_genome_v2_nov-11-2021.csv,Wormbase.ID
Aug-17-2023-03:44:12,whole_genome_v2_nov-11-2021.csv,Wormbase.ID
Mar-27-2024-15:24:42,whole_genome_v2_nov-11-2021.csv,Wormbase.ID
Aug-28-2024-15:57:00,whole_genome_v2_nov-11-2021.csv,Wormbase.ID
Sep-25-2023-21:03:16,whole_genome_v2_nov-11-2021.csv,Wormbase.ID
Feb-02-2024-15:36:39,whole_genome_v2_nov-11-2021.csv,Wormbase.ID
Jun-28-2024-15:39:26,whole_genome_v2_nov-11-2021.csv,Sequence.ID
Aug-17-2023-21:43:24,whole_genome_v2_nov-11-2021.csv,Wormbase.ID
Apr-16-2024-12:48:24,whole_genome_v2_nov-11-2021.csv,Wormbase.ID
Nov-13-2023-02:52:10,whole_genome_v2_nov-11-2021.csv,Wormbase.ID
Jun-12-2024-21:44:04,whole_genome_v2_nov-11-2021.csv,Wormbase.ID
Dec-15-2023-20:59:09,whole_genome_v2_nov-11-2021.csv,Wormbase.ID
Feb-22-2024-20:00:08,whole_genome_v2_nov-11-2021.csv,Wormbase.ID
Sep-06-2024-20:20:18,whole_genome_v2_nov-11-2021.csv,Sequence.ID
Jul-16-2024-04:56:26,whole_genome_v2_nov-11-2021.csv,Wormbase.ID
Feb-20-2024-16:49:55,whole_genome_v2_nov-11-2021.csv,Wormbase.ID
Aug-27-2024-17:50:00,whole_genome_v2_nov-11-2021.csv,Wormbase.ID
Aug-28-2024-17:40:12,whole_genome_v2_nov-11-2021.csv,Wormbase.ID
Oct-07-2023-16:18:37,whole_genome_v2_nov-11-2021.csv,Wormbase.ID
Aug-21-2024-21:04:22,whole_genome_v2_nov-11-2021.csv,Wormbase.ID
Apr-29-2024-18:13:25,whole_genome_v2_nov-11-2021.csv,Wormbase.ID
Oct-19-2023-17:05:32,whole_genome_v2_nov-11-2021.csv,Wormbase.ID
Sep-22-2023-07:32:48,whole_genome_v2_nov-11-2021.csv,Wormbase.ID
Jul-17-2024-09:11:40,whole_genome_v2_nov-11-2021.csv,Wormbase.ID
Oct-30-2023-21:56:41,whole_genome_v2_nov-11-2021.csv,Sequence.ID
Dec-11-2023-19:36:15,whole_genome_v2_nov-11-2021.csv,Wormbase.ID
Jul-15-2024-21:56:10,whole_genome_v2_nov-11-2021.csv,Wormbase.ID
Jun-27-2024-20:58:58,whole_genome_v2_nov-11-2021.csv,Wormbase.ID
Jan-17-2024-15:04:53,whole_genome_v2_nov-11-2021.csv,Wormbase.ID
Aug-27-2023-21:19:12,ORF_only_v2_nov-11-2021.csv,Wormbase.ID
Dec-18-2023-20:32:39,whole_genome_v2_nov-11-2021.csv,Wormbase.ID
Nov-13-2023-02:58:00,whole_genome_v2_nov-11-2021.csv,Wormbase.ID
May-07-2024-06:07:56,whole_genome_v2_nov-11-2021.csv,Wormbase.ID
Feb-15-2024-12:25:08,whole_genome_v2_nov-11-2021.csv,Wormbase.ID
Aug-01-2024-19:16:41,whole_genome_v2_nov-11-2021.csv,Wormbase.ID
Dec-06-2023-11:30:14,whole_genome_v2_nov-11-2021.csv,Sequence.ID
Sep-19-2023-17:56:30,whole_genome_v2_nov-11-2021.csv,Wormbase.ID
Mar-31-2024-22:34:51,whole_genome_v2_nov-11-2021.csv,Sequence.ID
Oct-17-2024-10:09:40,whole_genome_v2_nov-11-2021.csv,Wormbase.ID
Jul-03-2024-19:13:33,whole_genome_v2_nov-11-2021.csv,Wormbase.ID
Jul-03-2024-19:13:23,whole_genome_v2_nov-11-2021.csv,Wormbase.ID
Mar-29-2024-22:29:38,whole_genome_v2_nov-11-2021.csv,Wormbase.ID
Jun-03-2024-08:26:51,whole_genome_v2_nov-11-2021.csv,Wormbase.ID
Oct-03-2023-13:49:31,whole_genome_v2_nov-11-2021.csv,Wormbase.ID
Apr-11-2024-00:17:33,whole_genome_v2_nov-11-2021.csv,Wormbase.ID
Sep-29-2023-01:24:41,whole_genome_v2_nov-11-2021.csv,Wormbase.ID
Sep-27-2023-13:56:06,whole_genome_v2_nov-11-2021.csv,Sequence.ID
Mar-02-2024-20:27:07,whole_genome_v2_nov-11-2021.csv,Wormbase.ID
Oct-02-2024-21:05:16,whole_genome_v2_nov-11-2021.csv,Wormbase.ID
Oct-16-2024-15:11:53,whole_genome_v2_nov-11-2021.csv,Sequence.ID
Apr-18-2024-09:21:47,whole_genome_v2_nov-11-2021.csv,Sequence.ID
Nov-26-2023-21:35:49,whole_genome_v2_nov-11-2021.csv,Wormbase.ID
Apr-12-2024-14:43:51,whole_genome_v2_nov-11-2021.csv,Wormbase.ID
Jun-11-2024-02:58:45,ORF_only_v2_nov-11-2021.csv,Wormbase.ID
Feb-27-2024-10:12:56,whole_genome_v2_nov-11-2021.csv,Wormbase.ID
Aug-13-2024-08:35:13,whole_genome_v2_nov-11-2021.csv,Wormbase.ID
Aug-26-2024-19:21:15,whole_genome_v2_nov-11-2021.csv,Wormbase.ID
Sep-14-2024-16:37:04,whole_genome_v2_nov-11-2021.csv,Wormbase.ID
Feb-27-2024-00:18:24,whole_genome_v2_nov-11-2021.csv,Wormbase.ID
Nov-09-2023-21:17:00,whole_genome_v2_nov-11-2021.csv,Wormbase.ID
Sep-21-2023-13:53:17,whole_genome_v2_nov-11-2021.csv,Wormbase.ID
Sep-27-2023-17:29:38,whole_genome_v2_nov-11-2021.csv,Wormbase.ID
Aug-28-2023-17:32:45,whole_genome_v2_nov-11-2021.csv,Wormbase.ID
Oct-19-2023-17:31:17,whole_genome_v2_nov-11-2021.csv,Wormbase.ID
Feb-20-2024-04:11:01,whole_genome_v2_nov-11-2021.csv,Sequence.ID
Mar-03-2024-02:23:49,whole_genome_v2_nov-11-2021.csv,Sequence.ID
Aug-28-2024-17:27:11,whole_genome_v2_nov-11-2021.csv,Wormbase.ID
Aug-13-2024-02:09:58,whole_genome_v2_nov-11-2021.csv,Wormbase.ID
Aug-21-2023-03:28:12,whole_genome_v2_nov-11-2021.csv,Wormbase.ID
May-13-2024-10:11:30,whole_genome_v2_nov-11-2021.csv,Wormbase.ID
Nov-09-2023-21:50:19,whole_genome_v2_nov-11-2021.csv,Wormbase.ID
Jan-29-2024-22:02:13,whole_genome_v2_nov-11-2021.csv,Wormbase.ID
Dec-28-2023-00:57:42,whole_genome_v2_nov-11-2021.csv,Wormbase.ID
Jul-01-2024-17:42:16,whole_genome_v2_nov-11-2021.csv,Wormbase.ID
Dec-18-2023-14:09:00,whole_genome_v2_nov-11-2021.csv,Sequence.ID
Dec-19-2023-16:47:01,whole_genome_v2_nov-11-2021.csv,Wormbase.ID
Sep-20-2023-18:22:34,whole_genome_v2_nov-11-2021.csv,Wormbase.ID
Jan-05-2024-13:46:08,whole_genome_v2_nov-11-2021.csv,Wormbase.ID
Jul-24-2024-19:21:51,whole_genome_v2_nov-11-2021.csv,Wormbase.ID
Aug-01-2024-14:30:51,whole_genome_v2_nov-11-2021.csv,Wormbase.ID
Oct-20-2023-11:19:44,whole_genome_v2_nov-11-2021.csv,Sequence.ID
Mar-25-2024-16:17:25,whole_genome_v2_nov-11-2021.csv,Wormbase.ID
Apr-17-2024-20:17:52,whole_genome_v2_nov-11-2021.csv,Wormbase.ID
May-17-2024-17:33:32,whole_genome_v2_nov-11-2021.csv,Wormbase.ID
Aug-29-2024-23:13:53,whole_genome_v2_nov-11-2021.csv,Sequence.ID
Sep-08-2023-13:29:34,whole_genome_v2_nov-11-2021.csv,Wormbase.ID
Mar-26-2024-09:03:45,whole_genome_v2_nov-11-2021.csv,Sequence.ID
Sep-06-2023-11:53:10,whole_genome_v2_nov-11-2021.csv,Wormbase.ID
Sep-11-2024-16:52:56,whole_genome_v2_nov-11-2021.csv,Sequence.ID
Oct-07-2023-20:09:51,whole_genome_v2_nov-11-2021.csv,Wormbase.ID
Dec-30-2023-08:05:19,whole_genome_v2_nov-11-2021.csv,Wormbase.ID
Feb-15-2024-05:47:53,whole_genome_v2_nov-11-2021.csv,Sequence.ID
Mar-20-2024-13:00:29,whole_genome_v2_nov-11-2021.csv,Sequence.ID
Sep-27-2023-16:58:31,whole_genome_v2_nov-11-2021.csv,Wormbase.ID
Jul-21-2024-21:21:11,whole_genome_v2_nov-11-2021.csv,Wormbase.ID
Dec-05-2023-17:57:30,whole_genome_v2_nov-11-2021.csv,Wormbase.ID
Aug-19-2024-16:55:54,whole_genome_v2_nov-11-2021.csv,Wormbase.ID
Feb-17-2024-20:13:39,ORF_only_v2_nov-11-2021.csv,Sequence.ID
Apr-30-2024-14:34:36,whole_genome_v2_nov-11-2021.csv,Wormbase.ID
Mar-28-2024-21:28:47,whole_genome_v2_nov-11-2021.csv,Wormbase.ID
Nov-16-2023-19:46:00,whole_genome_v2_nov-11-2021.csv,Wormbase.ID
Nov-09-2023-21:52:14,whole_genome_v2_nov-11-2021.csv,Wormbase.ID
Feb-07-2024-19:28:21,whole_genome_v2_nov-11-2021.csv,Sequence.ID
Feb-22-2024-17:01:47,whole_genome_v2_nov-11-2021.csv,Wormbase.ID
Aug-28-2024-17:02:09,whole_genome_v2_nov-11-2021.csv,Wormbase.ID
Sep-18-2023-17:27:37,whole_genome_v2_nov-11-2021.csv,Wormbase.ID
Dec-04-2023-18:04:29,whole_genome_v2_nov-11-2021.csv,Wormbase.ID
Oct-09-2024-15:23:25,whole_genome_v2_nov-11-2021.csv,Wormbase.ID
Feb-08-2024-17:35:49,whole_genome_v2_nov-11-2021.csv,Wormbase.ID
Apr-08-2024-18:50:30,whole_genome_v2_nov-11-2021.csv,Wormbase.ID
Dec-01-2023-18:53:11,whole_genome_v2_nov-11-2021.csv,Wormbase.ID
Feb-14-2024-21:42:45,whole_genome_v2_nov-11-2021.csv,Wormbase.ID
Jun-19-2024-14:36:26,whole_genome_v2_nov-11-2021.csv,Wormbase.ID
Nov-17-2023-16:49:31,whole_genome_v2_nov-11-2021.csv,Wormbase.ID
Sep-24-2023-15:00:10,whole_genome_v2_nov-11-2021.csv,Sequence.ID
Feb-18-2024-19:39:35,whole_genome_v2_nov-11-2021.csv,Wormbase.ID
Mar-06-2024-22:29:23,whole_genome_v2_nov-11-2021.csv,Wormbase.ID
Oct-10-2024-17:05:06,whole_genome_v2_nov-11-2021.csv,Wormbase.ID
Feb-22-2024-23:53:05,whole_genome_v2_nov-11-2021.csv,Wormbase.ID
Dec-27-2023-17:43:27,whole_genome_v2_nov-11-2021.csv,Wormbase.ID
Sep-28-2023-01:07:28,whole_genome_v2_nov-11-2021.csv,Wormbase.ID
Jun-04-2024-09:36:19,whole_genome_v2_nov-11-2021.csv,Wormbase.ID
Aug-09-2023-04:33:51,whole_genome_v2_nov-11-2021.csv,Wormbase.ID
Jul-02-2024-18:32:25,whole_genome_v2_nov-11-2021.csv,Wormbase.ID
Sep-29-2023-00:08:59,whole_genome_v2_nov-11-2021.csv,Wormbase.ID
Sep-01-2023-13:58:16,whole_genome_v2_nov-11-2021.csv,Wormbase.ID
Aug-28-2024-17:28:20,whole_genome_v2_nov-11-2021.csv,Wormbase.ID
Sep-09-2024-19:27:11,whole_genome_v2_nov-11-2021.csv,Wormbase.ID
Jul-31-2024-15:13:10,whole_genome_v2_nov-11-2021.csv,Wormbase.ID
Nov-22-2023-10:22:38,whole_genome_v2_nov-11-2021.csv,Wormbase.ID
Sep-18-2024-09:43:30,whole_genome_v2_nov-11-2021.csv,Wormbase.ID
Feb-03-2024-17:42:44,whole_genome_v2_nov-11-2021.csv,Sequence.ID
Sep-10-2024-14:23:21,whole_genome_v2_nov-11-2021.csv,Wormbase.ID
Dec-03-2023-19:28:57,whole_genome_v2_nov-11-2021.csv,Wormbase.ID
Aug-31-2023-22:38:46,whole_genome_v2_nov-11-2021.csv,Wormbase.ID
Sep-28-2023-01:06:58,whole_genome_v2_nov-11-2021.csv,Wormbase.ID
Oct-11-2024-15:48:09,whole_genome_v2_nov-11-2021.csv,Wormbase.ID
Jul-22-2024-06:00:00,whole_genome_v2_nov-11-2021.csv,Wormbase.ID
Sep-13-2023-16:00:46,whole_genome_v2_nov-11-2021.csv,Wormbase.ID
Dec-13-2023-10:12:22,whole_genome_v2_nov-11-2021.csv,Wormbase.ID
Mar-11-2024-05:25:32,whole_genome_v2_nov-11-2021.csv,Wormbase.ID
Dec-11-2023-10:08:49,whole_genome_v2_nov-11-2021.csv,Wormbase.ID
Feb-29-2024-11:09:08,whole_genome_v2_nov-11-2021.csv,Sequence.ID
Apr-08-2024-03:24:44,whole_genome_v2_nov-11-2021.csv,Wormbase.ID
Sep-05-2024-09:48:26,whole_genome_v2_nov-11-2021.csv,Sequence.ID
Jul-16-2024-21:20:04,whole_genome_v2_nov-11-2021.csv,Wormbase.ID
Feb-09-2024-08:06:56,whole_genome_v2_nov-11-2021.csv,Sequence.ID
Aug-22-2024-14:07:14,whole_genome_v2_nov-11-2021.csv,Wormbase.ID
Sep-09-2024-06:18:56,whole_genome_v2_nov-11-2021.csv,Wormbase.ID
Aug-28-2024-17:15:54,whole_genome_v2_nov-11-2021.csv,Wormbase.ID
May-24-2024-13:49:53,whole_genome_v2_nov-11-2021.csv,Wormbase.ID
Oct-08-2024-19:08:46,whole_genome_v2_nov-11-2021.csv,Wormbase.ID
Feb-06-2024-13:24:25,whole_genome_v2_nov-11-2021.csv,Wormbase.ID
Sep-12-2023-05:41:36,whole_genome_v2_nov-11-2021.csv,Wormbase.ID
Nov-09-2023-21:29:55,whole_genome_v2_nov-11-2021.csv,Wormbase.ID
Feb-14-2024-13:43:47,whole_genome_v2_nov-11-2021.csv,Wormbase.ID
Dec-01-2023-18:59:42,whole_genome_v2_nov-11-2021.csv,Wormbase.ID
Jan-25-2024-01:32:30,ORF_only_v2_nov-11-2021.csv,Wormbase.ID
Aug-13-2024-20:03:28,whole_genome_v2_nov-11-2021.csv,Wormbase.ID
Jul-03-2024-16:22:38,whole_genome_v2_nov-11-2021.csv,Wormbase.ID
Apr-08-2024-22:47:33,whole_genome_v2_nov-11-2021.csv,Wormbase.ID
May-22-2024-15:56:16,whole_genome_v2_nov-11-2021.csv,Wormbase.ID
Dec-18-2023-14:11:50,whole_genome_v2_nov-11-2021.csv,Wormbase.ID
Jan-09-2024-13:23:17,whole_genome_v2_nov-11-2021.csv,Wormbase.ID
Jan-18-2024-17:05:18,whole_genome_v2_nov-11-2021.csv,Wormbase.ID
Apr-30-2024-02:51:49,whole_genome_v2_nov-11-2021.csv,Wormbase.ID
Feb-28-2024-14:12:59,whole_genome_v2_nov-11-2021.csv,Sequence.ID
Jun-03-2024-09:12:30,whole_genome_v2_nov-11-2021.csv,Wormbase.ID
Feb-28-2024-13:49:25,whole_genome_v2_nov-11-2021.csv,Sequence.ID
Apr-30-2024-14:35:24,whole_genome_v2_nov-11-2021.csv,Wormbase.ID
Aug-28-2024-17:48:52,whole_genome_v2_nov-11-2021.csv,Wormbase.ID
Jun-24-2024-07:51:21,whole_genome_v2_nov-11-2021.csv,Wormbase.ID
Jul-15-2024-08:04:15,whole_genome_v2_nov-11-2021.csv,Wormbase.ID
Feb-14-2024-15:23:34,whole_genome_v2_nov-11-2021.csv,Wormbase.ID
Aug-12-2024-15:10:17,whole_genome_v2_nov-11-2021.csv,Wormbase.ID
Aug-28-2024-15:07:25,whole_genome_v2_nov-11-2021.csv,Wormbase.ID
Aug-08-2024-20:16:56,whole_genome_v2_nov-11-2021.csv,Wormbase.ID
May-16-2024-00:43:35,whole_genome_v2_nov-11-2021.csv,Wormbase.ID
Aug-21-2023-15:14:09,whole_genome_v2_nov-11-2021.csv,Wormbase.ID
Dec-24-2023-05:48:25,whole_genome_v2_nov-11-2021.csv,Wormbase.ID
Mar-02-2024-16:37:06,whole_genome_v1_jul-03-2019.csv,Wormbase.ID
Nov-27-2023-08:05:02,whole_genome_v2_nov-11-2021.csv,Wormbase.ID
Mar-25-2024-07:17:42,whole_genome_v2_nov-11-2021.csv,Sequence.ID
Jul-18-2024-18:36:04,whole_genome_v2_nov-11-2021.csv,Wormbase.ID
May-13-2024-10:12:13,whole_genome_v2_nov-11-2021.csv,Wormbase.ID
Nov-15-2023-22:46:52,whole_genome_v2_nov-11-2021.csv,Wormbase.ID
Aug-04-2024-10:17:54,whole_genome_v2_nov-11-2021.csv,Wormbase.ID
Jun-17-2024-12:33:54,whole_genome_v2_nov-11-2021.csv,Wormbase.ID
Aug-02-2024-19:33:20,whole_genome_v2_nov-11-2021.csv,Wormbase.ID
Aug-06-2024-23:37:00,whole_genome_v2_nov-11-2021.csv,Wormbase.ID
Feb-28-2024-14:36:17,whole_genome_v2_nov-11-2021.csv,Sequence.ID
Oct-24-2023-16:00:21,whole_genome_v2_nov-11-2021.csv,Wormbase.ID
Jun-17-2024-11:14:14,whole_genome_v2_nov-11-2021.csv,Sequence.ID
Oct-12-2024-18:09:25,whole_genome_v2_nov-11-2021.csv,Sequence.ID
Jul-22-2024-17:29:40,whole_genome_v2_nov-11-2021.csv,Wormbase.ID
Aug-28-2024-17:27:52,whole_genome_v2_nov-11-2021.csv,Wormbase.ID
Aug-28-2024-17:40:35,whole_genome_v2_nov-11-2021.csv,Wormbase.ID
Aug-22-2023-19:08:35,whole_genome_v2_nov-11-2021.csv,Wormbase.ID
Apr-21-2024-14:28:24,whole_genome_v2_nov-11-2021.csv,Wormbase.ID
Aug-27-2024-18:10:10,whole_genome_v2_nov-11-2021.csv,Wormbase.ID
Apr-15-2024-02:57:16,whole_genome_v2_nov-11-2021.csv,Wormbase.ID
Sep-22-2023-02:58:31,whole_genome_v2_nov-11-2021.csv,Wormbase.ID
Feb-29-2024-18:32:58,whole_genome_v2_nov-11-2021.csv,Sequence.ID
Feb-19-2024-20:09:18,whole_genome_v2_nov-11-2021.csv,Wormbase.ID
Jun-05-2024-01:22:28,whole_genome_v2_nov-11-2021.csv,Sequence.ID
Aug-14-2023-17:13:42,whole_genome_v2_nov-11-2021.csv,Wormbase.ID
Mar-06-2024-16:48:34,whole_genome_v2_nov-11-2021.csv,Wormbase.ID
Apr-02-2024-16:16:32,whole_genome_v2_nov-11-2021.csv,Wormbase.ID
Dec-13-2023-08:08:10,whole_genome_v2_nov-11-2021.csv,Wormbase.ID
Nov-27-2023-09:12:22,whole_genome_v2_nov-11-2021.csv,Wormbase.ID
Sep-28-2023-01:08:27,whole_genome_v2_nov-11-2021.csv,Wormbase.ID
Jul-29-2024-02:28:19,whole_genome_v2_nov-11-2021.csv,Wormbase.ID
Jan-09-2024-16:26:52,whole_genome_v2_nov-11-2021.csv,Sequence.ID
Sep-20-2023-08:55:53,whole_genome_v2_nov-11-2021.csv,Wormbase.ID
Oct-05-2023-14:57:15,whole_genome_v2_nov-11-2021.csv,Wormbase.ID
Oct-04-2023-13:05:02,whole_genome_v2_nov-11-2021.csv,Wormbase.ID
Aug-14-2023-08:07:28,whole_genome_v2_nov-11-2021.csv,Wormbase.ID
Aug-28-2024-15:13:32,whole_genome_v2_nov-11-2021.csv,Wormbase.ID
Feb-08-2024-19:46:20,whole_genome_v2_nov-11-2021.csv,Wormbase.ID
Dec-01-2023-18:13:40,whole_genome_v2_nov-11-2021.csv,Wormbase.ID
Mar-27-2024-15:25:40,whole_genome_v2_nov-11-2021.csv,Wormbase.ID
Jul-21-2024-19:19:19,whole_genome_v2_nov-11-2021.csv,Wormbase.ID
Nov-15-2023-23:02:05,whole_genome_v2_nov-11-2021.csv,Wormbase.ID
Feb-15-2024-12:04:49,whole_genome_v2_nov-11-2021.csv,Sequence.ID
Oct-09-2024-04:01:01,whole_genome_v2_nov-11-2021.csv,Wormbase.ID
Sep-29-2023-18:52:37,whole_genome_v2_nov-11-2021.csv,Wormbase.ID
Apr-23-2024-17:44:12,whole_genome_v2_nov-11-2021.csv,Wormbase.ID
Aug-15-2023-14:30:12,whole_genome_v2_nov-11-2021.csv,Wormbase.ID
Aug-15-2023-14:29:56,whole_genome_v2_nov-11-2021.csv,Wormbase.ID
Aug-15-2023-14:29:48,whole_genome_v2_nov-11-2021.csv,Wormbase.ID
Aug-15-2023-14:30:03,whole_genome_v2_nov-11-2021.csv,Wormbase.ID
Feb-24-2024-16:24:08,whole_genome_v2_nov-11-2021.csv,Wormbase.ID
Apr-12-2024-00:56:18,whole_genome_v2_nov-11-2021.csv,Wormbase.ID
Dec-09-2023-03:24:02,whole_genome_v2_nov-11-2021.csv,Wormbase.ID
Dec-06-2023-19:51:14,whole_genome_v2_nov-11-2021.csv,Wormbase.ID
May-28-2024-19:13:24,whole_genome_v2_nov-11-2021.csv,Wormbase.ID
Sep-18-2023-22:44:08,whole_genome_v2_nov-11-2021.csv,Wormbase.ID
Mar-29-2024-07:37:21,whole_genome_v2_nov-11-2021.csv,Wormbase.ID
Sep-08-2024-10:12:44,whole_genome_v2_nov-11-2021.csv,Wormbase.ID
Jun-30-2024-17:09:14,whole_genome_v2_nov-11-2021.csv,Wormbase.ID
May-20-2024-17:46:08,whole_genome_v2_nov-11-2021.csv,Wormbase.ID
Aug-31-2023-15:11:34,whole_genome_v2_nov-11-2021.csv,Wormbase.ID
Feb-18-2024-17:17:38,whole_genome_v2_nov-11-2021.csv,Wormbase.ID
Mar-05-2024-19:48:41,whole_genome_v2_nov-11-2021.csv,Wormbase.ID
Aug-15-2023-20:38:47,whole_genome_v2_nov-11-2021.csv,Sequence.ID
Sep-20-2024-15:34:33,whole_genome_v2_nov-11-2021.csv,Wormbase.ID
Jul-31-2024-14:37:15,whole_genome_v2_nov-11-2021.csv,Sequence.ID
Sep-27-2023-13:24:11,whole_genome_v2_nov-11-2021.csv,Wormbase.ID
Jun-26-2024-16:39:10,whole_genome_v2_nov-11-2021.csv,Wormbase.ID
Sep-06-2023-02:47:54,whole_genome_v2_nov-11-2021.csv,Wormbase.ID
Feb-14-2024-12:45:47,whole_genome_v2_nov-11-2021.csv,Sequence.ID
Sep-18-2023-17:13:59,whole_genome_v2_nov-11-2021.csv,Sequence.ID
Feb-29-2024-14:51:23,whole_genome_v2_nov-11-2021.csv,Wormbase.ID
Sep-19-2023-15:24:33,whole_genome_v2_nov-11-2021.csv,Wormbase.ID
Feb-28-2024-04:47:07,whole_genome_v2_nov-11-2021.csv,Wormbase.ID
Nov-15-2023-22:42:30,whole_genome_v2_nov-11-2021.csv,Wormbase.ID
Jun-16-2024-06:34:04,whole_genome_v2_nov-11-2021.csv,Wormbase.ID
Jul-07-2024-04:56:31,whole_genome_v2_nov-11-2021.csv,Wormbase.ID
Aug-28-2023-17:40:46,whole_genome_v2_nov-11-2021.csv,Wormbase.ID
Jul-31-2024-15:27:17,whole_genome_v2_nov-11-2021.csv,Wormbase.ID
Jun-02-2024-22:06:39,whole_genome_v2_nov-11-2021.csv,Wormbase.ID
Jul-20-2024-01:48:49,whole_genome_v2_nov-11-2021.csv,Wormbase.ID
Oct-10-2023-16:29:13,whole_genome_v2_nov-11-2021.csv,Wormbase.ID
Mar-29-2024-19:47:51,whole_genome_v2_nov-11-2021.csv,Sequence.ID
Oct-12-2023-16:17:34,whole_genome_v2_nov-11-2021.csv,Wormbase.ID
Sep-04-2023-21:14:17,whole_genome_v2_nov-11-2021.csv,Sequence.ID
Aug-16-2023-05:42:24,whole_genome_v2_nov-11-2021.csv,Wormbase.ID
Jan-08-2024-06:31:02,whole_genome_v2_nov-11-2021.csv,Wormbase.ID
Dec-01-2023-19:03:46,whole_genome_v2_nov-11-2021.csv,Wormbase.ID
Oct-08-2024-22:28:17,whole_genome_v2_nov-11-2021.csv,Wormbase.ID
Aug-03-2024-22:39:54,whole_genome_v2_nov-11-2021.csv,Wormbase.ID
Oct-10-2023-16:27:52,whole_genome_v2_nov-11-2021.csv,Wormbase.ID
Feb-20-2024-12:43:57,whole_genome_v2_nov-11-2021.csv,Wormbase.ID
Sep-30-2023-13:02:53,whole_genome_v2_nov-11-2021.csv,Wormbase.ID
Aug-28-2024-17:37:02,whole_genome_v2_nov-11-2021.csv,Wormbase.ID
Nov-30-2023-02:15:03,whole_genome_v2_nov-11-2021.csv,Wormbase.ID
Oct-31-2023-15:04:02,whole_genome_v2_nov-11-2021.csv,Wormbase.ID
Oct-31-2023-15:03:38,whole_genome_v2_nov-11-2021.csv,Wormbase.ID
Oct-31-2023-15:03:22,whole_genome_v2_nov-11-2021.csv,Wormbase.ID
Oct-31-2023-15:03:54,whole_genome_v2_nov-11-2021.csv,Wormbase.ID
Oct-31-2023-15:04:19,whole_genome_v2_nov-11-2021.csv,Wormbase.ID
Oct-31-2023-15:04:28,whole_genome_v2_nov-11-2021.csv,Wormbase.ID
Oct-31-2023-15:03:46,whole_genome_v2_nov-11-2021.csv,Wormbase.ID
Oct-31-2023-15:04:11,whole_genome_v2_nov-11-2021.csv,Wormbase.ID
Oct-31-2023-15:04:37,whole_genome_v2_nov-11-2021.csv,Wormbase.ID
Oct-31-2023-15:03:30,whole_genome_v2_nov-11-2021.csv,Wormbase.ID
Sep-18-2023-17:35:22,whole_genome_v2_nov-11-2021.csv,Wormbase.ID
Aug-28-2024-17:45:54,whole_genome_v2_nov-11-2021.csv,Wormbase.ID
Jan-28-2024-21:38:52,whole_genome_v2_nov-11-2021.csv,Sequence.ID
Mar-27-2024-19:24:11,whole_genome_v2_nov-11-2021.csv,Wormbase.ID
Mar-11-2024-05:14:09,whole_genome_v2_nov-11-2021.csv,Wormbase.ID
Nov-19-2023-15:59:10,whole_genome_v2_nov-11-2021.csv,Wormbase.ID
Feb-29-2024-09:36:10,whole_genome_v2_nov-11-2021.csv,Sequence.ID
Sep-19-2023-17:37:55,whole_genome_v2_nov-11-2021.csv,Wormbase.ID
Mar-20-2024-13:15:15,whole_genome_v2_nov-11-2021.csv,Sequence.ID
Nov-30-2023-00:26:31,whole_genome_v2_nov-11-2021.csv,Wormbase.ID
Mar-22-2024-22:32:42,whole_genome_v2_nov-11-2021.csv,Wormbase.ID
Mar-08-2024-21:31:23,whole_genome_v2_nov-11-2021.csv,Wormbase.ID
Mar-29-2024-19:51:49,whole_genome_v2_nov-11-2021.csv,Wormbase.ID
Jun-25-2024-09:38:49,whole_genome_v2_nov-11-2021.csv,Wormbase.ID
Mar-22-2024-02:14:40,whole_genome_v2_nov-11-2021.csv,Wormbase.ID
Sep-19-2023-14:38:48,whole_genome_v2_nov-11-2021.csv,Wormbase.ID
May-25-2024-09:31:11,whole_genome_v2_nov-11-2021.csv,Wormbase.ID
May-09-2024-01:27:00,whole_genome_v2_nov-11-2021.csv,Wormbase.ID
Jun-21-2024-19:55:46,whole_genome_v2_nov-11-2021.csv,Wormbase.ID
Jun-21-2024-19:55:15,whole_genome_v2_nov-11-2021.csv,Wormbase.ID
Jun-21-2024-19:55:04,whole_genome_v2_nov-11-2021.csv,Wormbase.ID
Jun-21-2024-19:55:25,whole_genome_v2_nov-11-2021.csv,Wormbase.ID
Jun-21-2024-19:55:35,whole_genome_v2_nov-11-2021.csv,Wormbase.ID
Jun-21-2024-19:55:57,whole_genome_v2_nov-11-2021.csv,Wormbase.ID
Apr-30-2024-00:20:02,whole_genome_v2_nov-11-2021.csv,Wormbase.ID
May-07-2024-19:20:29,whole_genome_v2_nov-11-2021.csv,Wormbase.ID
Aug-01-2024-14:50:38,whole_genome_v2_nov-11-2021.csv,Wormbase.ID
Oct-27-2023-16:46:10,whole_genome_v2_nov-11-2021.csv,Wormbase.ID
Mar-19-2024-15:00:33,whole_genome_v2_nov-11-2021.csv,Wormbase.ID
Jan-23-2024-02:10:57,whole_genome_v2_nov-11-2021.csv,Wormbase.ID
Oct-12-2023-17:51:42,whole_genome_v2_nov-11-2021.csv,Wormbase.ID
Jan-31-2024-16:56:09,whole_genome_v2_nov-11-2021.csv,Wormbase.ID
Sep-29-2023-00:28:47,whole_genome_v2_nov-11-2021.csv,Wormbase.ID
Sep-18-2024-09:36:05,whole_genome_v2_nov-11-2021.csv,Wormbase.ID
May-10-2024-20:09:56,whole_genome_v1_jul-03-2019.csv,Wormbase.ID
Oct-03-2023-19:33:47,whole_genome_v2_nov-11-2021.csv,Wormbase.ID
Feb-29-2024-14:42:54,whole_genome_v2_nov-11-2021.csv,Wormbase.ID
Sep-10-2024-11:40:36,whole_genome_v2_nov-11-2021.csv,Wormbase.ID
Apr-15-2024-02:28:53,whole_genome_v2_nov-11-2021.csv,Wormbase.ID
Jan-16-2024-13:45:51,whole_genome_v2_nov-11-2021.csv,Wormbase.ID
Jan-21-2024-19:00:32,whole_genome_v2_nov-11-2021.csv,Sequence.ID
Aug-27-2024-17:51:15,whole_genome_v2_nov-11-2021.csv,Wormbase.ID
Dec-18-2023-21:24:41,whole_genome_v2_nov-11-2021.csv,Wormbase.ID
Sep-10-2024-17:57:53,whole_genome_v2_nov-11-2021.csv,Wormbase.ID
Sep-27-2023-13:24:56,whole_genome_v2_nov-11-2021.csv,Wormbase.ID
Nov-30-2023-11:34:55,whole_genome_v2_nov-11-2021.csv,Wormbase.ID
Jun-03-2024-12:54:36,whole_genome_v2_nov-11-2021.csv,Wormbase.ID
Jan-29-2024-19:42:54,whole_genome_v2_nov-11-2021.csv,Wormbase.ID
May-08-2024-21:34:52,whole_genome_v2_nov-11-2021.csv,Wormbase.ID
May-17-2024-17:18:03,whole_genome_v2_nov-11-2021.csv,Wormbase.ID
Sep-08-2024-03:33:08,whole_genome_v2_nov-11-2021.csv,Wormbase.ID
Aug-14-2023-15:31:56,whole_genome_v2_nov-11-2021.csv,Wormbase.ID
Oct-15-2023-00:54:23,whole_genome_v2_nov-11-2021.csv,Wormbase.ID
Apr-15-2024-03:05:37,whole_genome_v2_nov-11-2021.csv,Wormbase.ID
Feb-28-2024-09:11:40,whole_genome_v2_nov-11-2021.csv,Wormbase.ID
Dec-19-2023-20:46:14,whole_genome_v2_nov-11-2021.csv,Wormbase.ID
Aug-12-2024-19:04:56,whole_genome_v2_nov-11-2021.csv,Wormbase.ID
Jun-06-2024-22:34:32,whole_genome_v2_nov-11-2021.csv,Wormbase.ID
Feb-23-2024-16:48:12,whole_genome_v2_nov-11-2021.csv,Wormbase.ID
Apr-17-2024-19:05:18,whole_genome_v2_nov-11-2021.csv,Wormbase.ID
Apr-09-2024-14:44:46,whole_genome_v2_nov-11-2021.csv,Wormbase.ID
Jul-23-2024-01:40:41,whole_genome_v2_nov-11-2021.csv,Wormbase.ID
Jul-10-2024-21:57:58,whole_genome_v2_nov-11-2021.csv,Wormbase.ID
Sep-29-2023-18:08:50,whole_genome_v2_nov-11-2021.csv,Wormbase.ID
Aug-22-2023-18:12:56,whole_genome_v2_nov-11-2021.csv,Wormbase.ID
Nov-22-2023-02:09:25,whole_genome_v2_nov-11-2021.csv,Wormbase.ID
Sep-24-2024-17:57:08,whole_genome_v2_nov-11-2021.csv,Sequence.ID
Sep-18-2023-17:29:47,whole_genome_v2_nov-11-2021.csv,Wormbase.ID
Sep-19-2023-18:16:18,whole_genome_v2_nov-11-2021.csv,Wormbase.ID
Feb-15-2024-16:06:59,whole_genome_v2_nov-11-2021.csv,Wormbase.ID
Nov-13-2023-15:03:33,whole_genome_v2_nov-11-2021.csv,Wormbase.ID
Jun-24-2024-06:22:53,whole_genome_v2_nov-11-2021.csv,Sequence.ID
Sep-19-2023-17:53:47,whole_genome_v2_nov-11-2021.csv,Wormbase.ID
Jul-11-2024-06:01:49,whole_genome_v2_nov-11-2021.csv,Sequence.ID
Nov-02-2023-16:16:41,whole_genome_v2_nov-11-2021.csv,Wormbase.ID
Sep-27-2023-20:25:25,whole_genome_v2_nov-11-2021.csv,Wormbase.ID
Jan-30-2024-02:54:09,whole_genome_v2_nov-11-2021.csv,Wormbase.ID
Feb-13-2024-16:07:35,whole_genome_v2_nov-11-2021.csv,Wormbase.ID
Jan-29-2024-00:43:31,whole_genome_v2_nov-11-2021.csv,Wormbase.ID
Sep-28-2023-03:46:31,whole_genome_v2_nov-11-2021.csv,Wormbase.ID
Aug-09-2024-08:26:42,whole_genome_v2_nov-11-2021.csv,Wormbase.ID
Jun-19-2024-17:34:28,whole_genome_v2_nov-11-2021.csv,Wormbase.ID
Feb-13-2024-13:55:48,whole_genome_v2_nov-11-2021.csv,Sequence.ID
Sep-19-2024-06:22:34,whole_genome_v2_nov-11-2021.csv,Wormbase.ID
Apr-25-2024-15:41:22,whole_genome_v2_nov-11-2021.csv,Wormbase.ID
May-13-2024-09:32:00,whole_genome_v2_nov-11-2021.csv,Wormbase.ID
Oct-03-2024-14:20:07,whole_genome_v2_nov-11-2021.csv,Sequence.ID
Sep-13-2023-20:08:40,whole_genome_v2_nov-11-2021.csv,Wormbase.ID
Jan-15-2024-16:14:53,whole_genome_v2_nov-11-2021.csv,Wormbase.ID
Sep-25-2023-23:39:16,whole_genome_v2_nov-11-2021.csv,Wormbase.ID
Nov-01-2023-07:50:43,whole_genome_v2_nov-11-2021.csv,Wormbase.ID
Feb-20-2024-15:37:57,whole_genome_v2_nov-11-2021.csv,Sequence.ID
Aug-29-2023-11:01:18,whole_genome_v2_nov-11-2021.csv,Wormbase.ID
Feb-14-2024-17:45:20,whole_genome_v2_nov-11-2021.csv,Wormbase.ID
Feb-16-2024-15:22:47,whole_genome_v2_nov-11-2021.csv,Sequence.ID
Feb-13-2024-13:46:16,whole_genome_v2_nov-11-2021.csv,Sequence.ID
Mar-20-2024-12:58:27,whole_genome_v2_nov-11-2021.csv,Sequence.ID
Aug-14-2023-21:18:37,whole_genome_v2_nov-11-2021.csv,Wormbase.ID
Jun-25-2024-20:23:27,whole_genome_v2_nov-11-2021.csv,Wormbase.ID
Aug-04-2024-08:03:34,whole_genome_v2_nov-11-2021.csv,Wormbase.ID
Aug-06-2023-19:35:03,whole_genome_v2_nov-11-2021.csv,Wormbase.ID
Oct-02-2023-00:16:30,whole_genome_v2_nov-11-2021.csv,Wormbase.ID
Sep-13-2024-13:19:49,whole_genome_v2_nov-11-2021.csv,Wormbase.ID
Sep-27-2023-19:41:31,whole_genome_v2_nov-11-2021.csv,Wormbase.ID
Mar-05-2024-14:53:30,whole_genome_v2_nov-11-2021.csv,Wormbase.ID
Apr-16-2024-13:11:46,whole_genome_v2_nov-11-2021.csv,Wormbase.ID
Oct-10-2024-16:01:44,whole_genome_v2_nov-11-2021.csv,Sequence.ID
Apr-18-2024-19:22:01,whole_genome_v2_nov-11-2021.csv,Wormbase.ID
Aug-10-2023-16:22:00,whole_genome_v2_nov-11-2021.csv,Wormbase.ID
Aug-28-2023-00:26:36,whole_genome_v2_nov-11-2021.csv,Wormbase.ID
Mar-01-2024-17:06:30,whole_genome_v2_nov-11-2021.csv,Wormbase.ID
Jun-03-2024-16:15:13,whole_genome_v2_nov-11-2021.csv,Wormbase.ID
Feb-29-2024-09:54:43,whole_genome_v2_nov-11-2021.csv,Sequence.ID
Oct-07-2023-20:26:56,whole_genome_v2_nov-11-2021.csv,Wormbase.ID
Aug-14-2023-17:11:29,whole_genome_v2_nov-11-2021.csv,Wormbase.ID
Jul-15-2024-00:05:38,whole_genome_v2_nov-11-2021.csv,Wormbase.ID
Jun-15-2024-06:24:39,whole_genome_v2_nov-11-2021.csv,Sequence.ID
May-27-2024-13:08:24,whole_genome_v2_nov-11-2021.csv,Wormbase.ID
Nov-07-2023-16:43:02,whole_genome_v2_nov-11-2021.csv,Wormbase.ID
Mar-08-2024-22:40:00,whole_genome_v2_nov-11-2021.csv,Wormbase.ID
Sep-27-2023-16:47:08,whole_genome_v2_nov-11-2021.csv,Wormbase.ID
Apr-17-2024-16:19:55,whole_genome_v2_nov-11-2021.csv,Wormbase.ID
Jan-01-2024-15:27:14,whole_genome_v2_nov-11-2021.csv,Wormbase.ID
Aug-20-2023-21:06:52,whole_genome_v2_nov-11-2021.csv,Wormbase.ID
Jan-30-2024-18:51:57,whole_genome_v2_nov-11-2021.csv,Wormbase.ID
Sep-13-2023-20:45:52,whole_genome_v2_nov-11-2021.csv,Wormbase.ID
May-05-2024-17:20:28,whole_genome_v2_nov-11-2021.csv,Wormbase.ID
Jul-23-2024-19:24:18,whole_genome_v2_nov-11-2021.csv,Wormbase.ID
Jan-25-2024-19:46:55,whole_genome_v2_nov-11-2021.csv,Sequence.ID
Sep-27-2023-14:07:55,ORF_only_v2_nov-11-2021.csv,Sequence.ID
Nov-14-2023-15:45:27,whole_genome_v2_nov-11-2021.csv,Wormbase.ID
Jul-14-2024-23:47:49,whole_genome_v2_nov-11-2021.csv,Wormbase.ID
Jun-11-2024-08:48:10,whole_genome_v2_nov-11-2021.csv,Wormbase.ID
Apr-24-2024-11:51:58,whole_genome_v2_nov-11-2021.csv,Wormbase.ID
Aug-20-2023-19:53:12,whole_genome_v2_nov-11-2021.csv,Wormbase.ID
Aug-21-2023-12:25:35,whole_genome_v2_nov-11-2021.csv,Wormbase.ID
Sep-27-2023-14:43:36,whole_genome_v2_nov-11-2021.csv,Wormbase.ID
Apr-15-2024-07:25:07,whole_genome_v2_nov-11-2021.csv,Wormbase.ID
Apr-26-2024-07:21:01,whole_genome_v2_nov-11-2021.csv,Wormbase.ID
Apr-08-2024-03:08:18,whole_genome_v2_nov-11-2021.csv,Wormbase.ID
Jun-03-2024-16:29:13,whole_genome_v2_nov-11-2021.csv,Wormbase.ID
Sep-10-2024-19:42:00,whole_genome_v2_nov-11-2021.csv,Wormbase.ID
Feb-09-2024-14:39:29,whole_genome_v2_nov-11-2021.csv,Wormbase.ID
Jan-17-2024-12:51:06,whole_genome_v2_nov-11-2021.csv,Wormbase.ID
Aug-27-2024-18:10:41,whole_genome_v2_nov-11-2021.csv,Wormbase.ID
Nov-26-2023-21:41:36,whole_genome_v2_nov-11-2021.csv,Wormbase.ID
Oct-04-2023-14:56:48,whole_genome_v2_nov-11-2021.csv,Wormbase.ID
Apr-30-2024-14:33:13,whole_genome_v2_nov-11-2021.csv,Wormbase.ID
Mar-17-2024-08:00:39,whole_genome_v2_nov-11-2021.csv,Sequence.ID
Sep-22-2023-02:56:57,whole_genome_v2_nov-11-2021.csv,Wormbase.ID
Jan-08-2024-06:16:16,whole_genome_v2_nov-11-2021.csv,Wormbase.ID
Jul-25-2024-19:42:08,whole_genome_v2_nov-11-2021.csv,Wormbase.ID
Nov-03-2023-13:18:06,whole_genome_v2_nov-11-2021.csv,Wormbase.ID
Apr-12-2024-11:25:46,whole_genome_v2_nov-11-2021.csv,Sequence.ID
Feb-14-2024-22:08:42,whole_genome_v2_nov-11-2021.csv,Sequence.ID
Aug-11-2023-23:18:43,whole_genome_v2_nov-11-2021.csv,Wormbase.ID
Aug-07-2023-22:16:22,whole_genome_v2_nov-11-2021.csv,Wormbase.ID
Oct-03-2024-14:10:55,whole_genome_v2_nov-11-2021.csv,Sequence.ID
Sep-13-2023-16:02:48,whole_genome_v2_nov-11-2021.csv,Wormbase.ID
Apr-01-2024-05:04:41,whole_genome_v2_nov-11-2021.csv,Wormbase.ID
Feb-11-2024-21:30:56,whole_genome_v2_nov-11-2021.csv,Wormbase.ID
Oct-31-2023-04:00:11,whole_genome_v2_nov-11-2021.csv,Wormbase.ID
Aug-29-2024-20:15:48,whole_genome_v2_nov-11-2021.csv,Wormbase.ID
Nov-20-2023-22:22:06,whole_genome_v2_nov-11-2021.csv,Wormbase.ID
Jun-03-2024-11:51:19,whole_genome_v2_nov-11-2021.csv,Wormbase.ID
Aug-31-2024-23:18:23,whole_genome_v2_nov-11-2021.csv,Sequence.ID
Aug-13-2024-21:13:08,whole_genome_v2_nov-11-2021.csv,Sequence.ID
Jul-27-2024-00:09:18,whole_genome_v1_jul-03-2019.csv,Sequence.ID
Jun-21-2024-13:32:10,whole_genome_v2_nov-11-2021.csv,Wormbase.ID
Jan-19-2024-16:25:41,whole_genome_v2_nov-11-2021.csv,Wormbase.ID
Feb-24-2024-15:15:12,whole_genome_v2_nov-11-2021.csv,Wormbase.ID
Sep-27-2023-16:19:01,whole_genome_v2_nov-11-2021.csv,Wormbase.ID
Aug-20-2024-09:42:24,whole_genome_v2_nov-11-2021.csv,Wormbase.ID
Aug-20-2024-09:42:14,whole_genome_v2_nov-11-2021.csv,Wormbase.ID
Aug-20-2024-09:42:02,whole_genome_v2_nov-11-2021.csv,Wormbase.ID
Aug-08-2023-07:35:18,whole_genome_v2_nov-11-2021.csv,Wormbase.ID
Sep-05-2024-14:14:12,whole_genome_v2_nov-11-2021.csv,Wormbase.ID
Feb-28-2024-14:35:45,whole_genome_v2_nov-11-2021.csv,Sequence.ID
Feb-21-2024-15:24:40,whole_genome_v2_nov-11-2021.csv,Wormbase.ID
Sep-29-2023-18:47:04,whole_genome_v2_nov-11-2021.csv,Wormbase.ID
Apr-20-2024-01:37:43,whole_genome_v2_nov-11-2021.csv,Wormbase.ID
Sep-12-2023-15:18:12,whole_genome_v2_nov-11-2021.csv,Wormbase.ID
May-05-2024-16:57:03,whole_genome_v2_nov-11-2021.csv,Wormbase.ID
Jun-11-2024-11:56:13,whole_genome_v2_nov-11-2021.csv,Wormbase.ID
Jun-25-2024-08:34:25,whole_genome_v2_nov-11-2021.csv,Wormbase.ID
Sep-06-2023-18:27:14,whole_genome_v2_nov-11-2021.csv,Wormbase.ID
Sep-18-2023-17:12:12,whole_genome_v2_nov-11-2021.csv,Wormbase.ID
May-16-2024-13:23:59,whole_genome_v2_nov-11-2021.csv,Wormbase.ID
Aug-17-2023-21:34:39,whole_genome_v2_nov-11-2021.csv,Wormbase.ID
Jul-09-2024-00:22:23,whole_genome_v2_nov-11-2021.csv,Sequence.ID
Mar-28-2024-11:18:36,whole_genome_v2_nov-11-2021.csv,Wormbase.ID
Jan-24-2024-15:46:51,whole_genome_v2_nov-11-2021.csv,Wormbase.ID
Apr-30-2024-02:52:26,whole_genome_v2_nov-11-2021.csv,Wormbase.ID
Apr-01-2024-17:59:21,whole_genome_v2_nov-11-2021.csv,Sequence.ID
Aug-25-2023-02:17:40,whole_genome_v2_nov-11-2021.csv,Wormbase.ID
Jun-28-2024-15:39:25,whole_genome_v2_nov-11-2021.csv,Sequence.ID
Feb-02-2024-01:53:29,whole_genome_v2_nov-11-2021.csv,Sequence.ID
Jul-07-2024-05:11:11,whole_genome_v2_nov-11-2021.csv,Wormbase.ID
Aug-11-2023-23:15:16,whole_genome_v2_nov-11-2021.csv,Wormbase.ID
Oct-17-2023-14:38:50,whole_genome_v2_nov-11-2021.csv,Wormbase.ID
Sep-22-2023-02:55:25,whole_genome_v2_nov-11-2021.csv,Wormbase.ID
Mar-31-2024-22:26:24,whole_genome_v2_nov-11-2021.csv,Sequence.ID
Aug-12-2023-06:28:51,whole_genome_v2_nov-11-2021.csv,Sequence.ID
Jan-25-2024-16:38:03,whole_genome_v2_nov-11-2021.csv,Wormbase.ID
Aug-04-2024-20:25:20,whole_genome_v2_nov-11-2021.csv,Wormbase.ID
Dec-26-2023-12:13:14,whole_genome_v2_nov-11-2021.csv,Sequence.ID
Mar-29-2024-16:01:19,whole_genome_v2_nov-11-2021.csv,Wormbase.ID
Jul-16-2024-06:48:25,whole_genome_v2_nov-11-2021.csv,Sequence.ID
May-14-2024-13:15:37,whole_genome_v2_nov-11-2021.csv,Wormbase.ID
Apr-03-2024-17:27:20,whole_genome_v2_nov-11-2021.csv,Wormbase.ID
Oct-04-2023-15:41:54,whole_genome_v2_nov-11-2021.csv,Wormbase.ID
Aug-27-2024-17:49:20,whole_genome_v2_nov-11-2021.csv,Wormbase.ID
Sep-18-2023-17:08:21,whole_genome_v2_nov-11-2021.csv,Wormbase.ID
Jun-24-2024-16:27:06,whole_genome_v2_nov-11-2021.csv,Wormbase.ID
Aug-28-2024-16:47:21,whole_genome_v2_nov-11-2021.csv,Wormbase.ID
Oct-02-2023-05:55:41,whole_genome_v2_nov-11-2021.csv,Wormbase.ID
Aug-07-2023-23:50:17,whole_genome_v2_nov-11-2021.csv,Wormbase.ID
Sep-18-2023-17:26:57,whole_genome_v2_nov-11-2021.csv,Wormbase.ID
Feb-09-2024-14:40:11,whole_genome_v2_nov-11-2021.csv,Wormbase.ID
Dec-12-2023-20:08:12,whole_genome_v2_nov-11-2021.csv,Wormbase.ID
Sep-19-2023-17:48:22,whole_genome_v2_nov-11-2021.csv,Wormbase.ID
Jan-23-2024-01:51:41,whole_genome_v2_nov-11-2021.csv,Wormbase.ID
Aug-27-2024-18:14:29,whole_genome_v2_nov-11-2021.csv,Wormbase.ID
Jul-22-2024-17:17:04,whole_genome_v2_nov-11-2021.csv,Wormbase.ID
Mar-05-2024-19:49:42,whole_genome_v2_nov-11-2021.csv,Wormbase.ID
Aug-29-2023-10:07:55,whole_genome_v2_nov-11-2021.csv,Wormbase.ID
Jul-09-2024-17:38:20,whole_genome_v2_nov-11-2021.csv,Wormbase.ID
Feb-22-2024-14:24:41,whole_genome_v2_nov-11-2021.csv,Wormbase.ID
Nov-03-2023-13:55:14,whole_genome_v2_nov-11-2021.csv,Wormbase.ID
Dec-04-2023-18:02:18,whole_genome_v2_nov-11-2021.csv,Wormbase.ID
Oct-08-2024-22:30:21,whole_genome_v2_nov-11-2021.csv,Wormbase.ID
Jun-18-2024-08:29:54,whole_genome_v2_nov-11-2021.csv,Wormbase.ID
Aug-06-2023-19:44:47,whole_genome_v2_nov-11-2021.csv,Wormbase.ID
Jun-18-2024-05:43:34,whole_genome_v2_nov-11-2021.csv,Wormbase.ID
Oct-10-2024-16:54:38,whole_genome_v2_nov-11-2021.csv,Wormbase.ID
Oct-07-2024-06:54:04,whole_genome_v2_nov-11-2021.csv,Sequence.ID
Aug-17-2023-20:39:30,whole_genome_v2_nov-11-2021.csv,Wormbase.ID
Nov-10-2023-00:41:10,whole_genome_v2_nov-11-2021.csv,Wormbase.ID
Jun-17-2024-18:55:59,whole_genome_v2_nov-11-2021.csv,Wormbase.ID
Jun-12-2024-18:12:58,whole_genome_v2_nov-11-2021.csv,Wormbase.ID
Aug-09-2023-23:50:35,whole_genome_v2_nov-11-2021.csv,Sequence.ID
Sep-10-2023-01:18:22,whole_genome_v2_nov-11-2021.csv,Wormbase.ID
May-03-2024-22:21:50,whole_genome_v2_nov-11-2021.csv,Wormbase.ID
Jul-15-2024-08:31:33,whole_genome_v2_nov-11-2021.csv,Wormbase.ID
Sep-18-2023-17:08:04,whole_genome_v2_nov-11-2021.csv,Sequence.ID
Sep-20-2023-00:25:14,whole_genome_v2_nov-11-2021.csv,Wormbase.ID
Jul-10-2024-17:06:41,whole_genome_v2_nov-11-2021.csv,Wormbase.ID
Sep-28-2023-03:39:15,whole_genome_v2_nov-11-2021.csv,Wormbase.ID
Aug-28-2023-12:34:34,whole_genome_v2_nov-11-2021.csv,Wormbase.ID
Aug-23-2023-15:55:19,ahringer_v2_nov-11-2021.csv,Wormbase.ID
Sep-12-2023-02:24:17,whole_genome_v2_nov-11-2021.csv,Wormbase.ID
Nov-08-2023-00:30:03,whole_genome_v2_nov-11-2021.csv,Wormbase.ID
Oct-01-2024-14:19:28,whole_genome_v2_nov-11-2021.csv,Wormbase.ID
Nov-30-2023-03:28:02,whole_genome_v2_nov-11-2021.csv,Wormbase.ID
Aug-31-2023-00:24:57,whole_genome_v2_nov-11-2021.csv,Wormbase.ID
Nov-03-2023-13:58:07,whole_genome_v2_nov-11-2021.csv,Wormbase.ID
Feb-08-2024-16:11:30,whole_genome_v2_nov-11-2021.csv,Sequence.ID
Oct-04-2023-23:35:32,whole_genome_v2_nov-11-2021.csv,Wormbase.ID
Feb-16-2024-16:25:14,whole_genome_v2_nov-11-2021.csv,Sequence.ID
Feb-07-2024-12:47:40,whole_genome_v2_nov-11-2021.csv,Sequence.ID
Dec-12-2023-16:18:27,whole_genome_v2_nov-11-2021.csv,Wormbase.ID
Jan-29-2024-19:45:11,ahringer_v2_nov-11-2021.csv,Wormbase.ID
Jan-26-2024-17:35:21,whole_genome_v2_nov-11-2021.csv,Wormbase.ID
Aug-01-2024-19:26:16,whole_genome_v2_nov-11-2021.csv,Wormbase.ID
Jul-03-2024-19:18:17,whole_genome_v2_nov-11-2021.csv,Wormbase.ID
Jul-03-2024-19:18:06,whole_genome_v2_nov-11-2021.csv,Wormbase.ID
Apr-26-2024-12:31:13,whole_genome_v2_nov-11-2021.csv,Wormbase.ID
Sep-19-2023-18:03:56,whole_genome_v2_nov-11-2021.csv,Wormbase.ID
Nov-02-2023-22:19:05,whole_genome_v2_nov-11-2021.csv,Wormbase.ID
Oct-16-2023-19:18:01,whole_genome_v2_nov-11-2021.csv,Wormbase.ID
Sep-02-2023-16:09:16,whole_genome_v2_nov-11-2021.csv,Sequence.ID
Sep-27-2023-16:04:19,whole_genome_v2_nov-11-2021.csv,Wormbase.ID
Mar-25-2024-05:00:50,whole_genome_v2_nov-11-2021.csv,Wormbase.ID
Sep-18-2024-14:36:25,whole_genome_v2_nov-11-2021.csv,Wormbase.ID
Sep-05-2024-10:09:39,whole_genome_v2_nov-11-2021.csv,Sequence.ID
Oct-05-2023-01:30:06,whole_genome_v2_nov-11-2021.csv,Wormbase.ID
Sep-27-2023-14:28:43,whole_genome_v2_nov-11-2021.csv,Sequence.ID
Oct-29-2023-16:57:55,whole_genome_v2_nov-11-2021.csv,Wormbase.ID
Oct-05-2023-17:28:15,whole_genome_v2_nov-11-2021.csv,Wormbase.ID
Sep-14-2023-18:35:23,whole_genome_v2_nov-11-2021.csv,Wormbase.ID
Jul-08-2024-17:59:30,whole_genome_v2_nov-11-2021.csv,Wormbase.ID
Sep-19-2023-17:48:38,whole_genome_v2_nov-11-2021.csv,Sequence.ID
Jul-15-2024-19:18:38,whole_genome_v2_nov-11-2021.csv,Wormbase.ID
Jul-15-2024-19:19:14,whole_genome_v2_nov-11-2021.csv,Wormbase.ID
Jul-15-2024-19:18:56,whole_genome_v2_nov-11-2021.csv,Wormbase.ID
Jul-15-2024-19:18:19,whole_genome_v2_nov-11-2021.csv,Wormbase.ID
Jul-15-2024-19:18:10,whole_genome_v2_nov-11-2021.csv,Wormbase.ID
Jul-15-2024-19:18:01,whole_genome_v2_nov-11-2021.csv,Wormbase.ID
Jul-15-2024-19:18:29,whole_genome_v2_nov-11-2021.csv,Wormbase.ID
Jul-15-2024-19:18:47,whole_genome_v2_nov-11-2021.csv,Wormbase.ID
Jul-15-2024-19:19:06,whole_genome_v2_nov-11-2021.csv,Wormbase.ID
Jul-15-2024-19:19:24,whole_genome_v2_nov-11-2021.csv,Wormbase.ID
Jul-15-2024-19:19:34,whole_genome_v2_nov-11-2021.csv,Wormbase.ID
Sep-09-2023-12:06:42,whole_genome_v2_nov-11-2021.csv,Wormbase.ID
Dec-04-2023-03:06:25,whole_genome_v2_nov-11-2021.csv,Sequence.ID
Feb-02-2024-01:49:25,whole_genome_v2_nov-11-2021.csv,Wormbase.ID
Feb-16-2024-21:06:19,whole_genome_v2_nov-11-2021.csv,Wormbase.ID
Jul-28-2024-17:07:35,whole_genome_v2_nov-11-2021.csv,Wormbase.ID
Nov-09-2023-23:13:53,whole_genome_v2_nov-11-2021.csv,Wormbase.ID
Aug-28-2023-02:01:24,whole_genome_v2_nov-11-2021.csv,Wormbase.ID
Feb-16-2024-14:55:07,whole_genome_v2_nov-11-2021.csv,Sequence.ID
Sep-28-2023-03:37:47,whole_genome_v2_nov-11-2021.csv,Wormbase.ID
Jun-20-2024-09:52:35,whole_genome_v2_nov-11-2021.csv,Wormbase.ID
Oct-05-2023-13:16:47,whole_genome_v2_nov-11-2021.csv,Wormbase.ID
Oct-04-2023-16:05:12,whole_genome_v2_nov-11-2021.csv,Sequence.ID
Jan-12-2024-21:04:52,whole_genome_v2_nov-11-2021.csv,Wormbase.ID
Feb-13-2024-05:11:53,whole_genome_v2_nov-11-2021.csv,Sequence.ID
Jun-23-2024-01:53:03,whole_genome_v2_nov-11-2021.csv,Wormbase.ID
Jul-02-2024-20:40:14,whole_genome_v2_nov-11-2021.csv,Wormbase.ID
May-15-2024-14:59:06,whole_genome_v2_nov-11-2021.csv,Sequence.ID
Aug-09-2024-01:44:28,whole_genome_v2_nov-11-2021.csv,Wormbase.ID
Sep-20-2024-13:34:10,whole_genome_v2_nov-11-2021.csv,Wormbase.ID
Sep-18-2023-17:08:15,whole_genome_v2_nov-11-2021.csv,Wormbase.ID
Aug-08-2023-00:14:13,whole_genome_v2_nov-11-2021.csv,Wormbase.ID
Mar-19-2024-14:31:53,whole_genome_v2_nov-11-2021.csv,Sequence.ID
Sep-18-2024-19:44:09,whole_genome_v2_nov-11-2021.csv,Wormbase.ID
Oct-02-2023-18:15:25,whole_genome_v2_nov-11-2021.csv,Wormbase.ID
Oct-10-2024-16:34:30,whole_genome_v2_nov-11-2021.csv,Sequence.ID
Sep-21-2024-10:38:19,whole_genome_v2_nov-11-2021.csv,Sequence.ID
Apr-16-2024-11:13:04,whole_genome_v2_nov-11-2021.csv,Sequence.ID
Mar-18-2024-12:49:50,whole_genome_v2_nov-11-2021.csv,Wormbase.ID
Jun-21-2024-18:40:32,whole_genome_v2_nov-11-2021.csv,Wormbase.ID
Aug-28-2024-19:19:21,whole_genome_v2_nov-11-2021.csv,Wormbase.ID
Sep-27-2023-18:49:11,whole_genome_v2_nov-11-2021.csv,Wormbase.ID
Jul-01-2024-22:52:00,whole_genome_v2_nov-11-2021.csv,Wormbase.ID
Feb-23-2024-17:36:19,whole_genome_v2_nov-11-2021.csv,Wormbase.ID
Apr-26-2024-02:58:02,whole_genome_v2_nov-11-2021.csv,Wormbase.ID
Aug-17-2023-20:37:35,whole_genome_v2_nov-11-2021.csv,Wormbase.ID
Oct-04-2023-15:37:27,whole_genome_v2_nov-11-2021.csv,Sequence.ID
Aug-15-2023-17:41:32,whole_genome_v2_nov-11-2021.csv,Wormbase.ID
Aug-12-2024-16:40:07,whole_genome_v2_nov-11-2021.csv,Wormbase.ID
Feb-19-2024-13:01:40,whole_genome_v2_nov-11-2021.csv,Wormbase.ID
Feb-14-2024-11:42:36,whole_genome_v2_nov-11-2021.csv,Wormbase.ID
Mar-02-2024-00:29:01,whole_genome_v2_nov-11-2021.csv,Wormbase.ID
Dec-07-2023-18:05:29,whole_genome_v2_nov-11-2021.csv,Sequence.ID
Oct-24-2023-15:40:31,whole_genome_v2_nov-11-2021.csv,Wormbase.ID
Feb-29-2024-10:29:52,whole_genome_v2_nov-11-2021.csv,Sequence.ID
Nov-02-2023-13:38:42,whole_genome_v2_nov-11-2021.csv,Wormbase.ID
Apr-26-2024-22:01:41,whole_genome_v2_nov-11-2021.csv,Wormbase.ID
Jan-15-2024-20:04:45,whole_genome_v2_nov-11-2021.csv,Sequence.ID
May-23-2024-10:44:36,whole_genome_v2_nov-11-2021.csv,Wormbase.ID
Mar-08-2024-23:16:20,whole_genome_v2_nov-11-2021.csv,Wormbase.ID
Aug-28-2023-17:40:18,whole_genome_v2_nov-11-2021.csv,Wormbase.ID
Aug-28-2023-17:40:27,whole_genome_v2_nov-11-2021.csv,Wormbase.ID
Jun-04-2024-09:56:39,whole_genome_v2_nov-11-2021.csv,Wormbase.ID
Aug-17-2023-22:08:30,whole_genome_v2_nov-11-2021.csv,Wormbase.ID
Aug-31-2023-00:15:30,whole_genome_v2_nov-11-2021.csv,Wormbase.ID
Apr-03-2024-17:11:33,whole_genome_v2_nov-11-2021.csv,Wormbase.ID
Aug-20-2024-16:25:52,whole_genome_v2_nov-11-2021.csv,Wormbase.ID
Jun-03-2024-16:28:01,whole_genome_v2_nov-11-2021.csv,Wormbase.ID
Jul-01-2024-17:21:40,whole_genome_v2_nov-11-2021.csv,Wormbase.ID
Jul-02-2024-18:31:44,whole_genome_v2_nov-11-2021.csv,Wormbase.ID
Oct-02-2023-12:09:36,whole_genome_v2_nov-11-2021.csv,Wormbase.ID
Mar-28-2024-18:06:29,whole_genome_v2_nov-11-2021.csv,Wormbase.ID
Jun-20-2024-11:03:49,whole_genome_v2_nov-11-2021.csv,Wormbase.ID
Jan-17-2024-18:36:38,whole_genome_v2_nov-11-2021.csv,Sequence.ID
Feb-21-2024-21:35:12,whole_genome_v2_nov-11-2021.csv,Wormbase.ID
Jul-15-2024-19:54:27,whole_genome_v2_nov-11-2021.csv,Wormbase.ID
Mar-18-2024-10:30:28,whole_genome_v2_nov-11-2021.csv,Sequence.ID
Feb-17-2024-18:26:45,whole_genome_v2_nov-11-2021.csv,Wormbase.ID
Aug-06-2024-22:24:03,whole_genome_v2_nov-11-2021.csv,Wormbase.ID
Jun-04-2024-12:54:04,whole_genome_v2_nov-11-2021.csv,Wormbase.ID
Mar-22-2024-02:25:14,whole_genome_v2_nov-11-2021.csv,Wormbase.ID
Apr-12-2024-08:16:27,whole_genome_v2_nov-11-2021.csv,Sequence.ID
Feb-05-2024-14:50:55,whole_genome_v2_nov-11-2021.csv,Wormbase.ID
Mar-08-2024-22:14:24,whole_genome_v2_nov-11-2021.csv,Wormbase.ID
Nov-14-2023-15:02:51,whole_genome_v2_nov-11-2021.csv,Wormbase.ID
Jan-23-2024-12:29:28,whole_genome_v2_nov-11-2021.csv,Wormbase.ID
Aug-14-2023-17:08:40,whole_genome_v2_nov-11-2021.csv,Wormbase.ID
Feb-15-2024-12:47:38,whole_genome_v2_nov-11-2021.csv,Sequence.ID
Mar-11-2024-17:48:52,whole_genome_v2_nov-11-2021.csv,Wormbase.ID
May-21-2024-06:05:26,whole_genome_v2_nov-11-2021.csv,Wormbase.ID
Jun-04-2024-19:51:37,whole_genome_v2_nov-11-2021.csv,Wormbase.ID
May-08-2024-13:29:03,whole_genome_v2_nov-11-2021.csv,Wormbase.ID
Sep-27-2024-16:00:17,whole_genome_v2_nov-11-2021.csv,Wormbase.ID
Sep-13-2023-15:59:46,whole_genome_v2_nov-11-2021.csv,Wormbase.ID
Feb-26-2024-17:32:20,whole_genome_v2_nov-11-2021.csv,Wormbase.ID
Nov-08-2023-00:27:43,whole_genome_v2_nov-11-2021.csv,Wormbase.ID
May-05-2024-23:05:27,whole_genome_v2_nov-11-2021.csv,Wormbase.ID
Jul-03-2024-18:55:26,whole_genome_v2_nov-11-2021.csv,Wormbase.ID
Jul-03-2024-18:55:35,whole_genome_v2_nov-11-2021.csv,Wormbase.ID
Jul-03-2024-18:55:16,whole_genome_v2_nov-11-2021.csv,Wormbase.ID
Nov-09-2023-21:14:06,whole_genome_v2_nov-11-2021.csv,Wormbase.ID
Aug-27-2024-17:50:50,whole_genome_v2_nov-11-2021.csv,Wormbase.ID
Aug-28-2023-15:37:59,whole_genome_v2_nov-11-2021.csv,Wormbase.ID
Apr-16-2024-13:10:29,whole_genome_v2_nov-11-2021.csv,Wormbase.ID
Sep-29-2023-00:29:56,whole_genome_v2_nov-11-2021.csv,Wormbase.ID
Oct-03-2024-13:33:04,whole_genome_v2_nov-11-2021.csv,Sequence.ID
Apr-26-2024-23:06:15,whole_genome_v2_nov-11-2021.csv,Wormbase.ID
Feb-21-2024-15:38:34,whole_genome_v2_nov-11-2021.csv,Wormbase.ID
Mar-14-2024-21:42:16,whole_genome_v2_nov-11-2021.csv,Wormbase.ID
Oct-05-2023-15:57:03,whole_genome_v2_nov-11-2021.csv,Wormbase.ID
Apr-17-2024-19:44:11,whole_genome_v2_nov-11-2021.csv,Wormbase.ID
Jun-25-2024-03:00:59,whole_genome_v2_nov-11-2021.csv,Sequence.ID
Apr-17-2024-01:25:25,whole_genome_v2_nov-11-2021.csv,Wormbase.ID
Jun-03-2024-09:29:12,whole_genome_v2_nov-11-2021.csv,Wormbase.ID
Sep-18-2023-17:50:15,whole_genome_v2_nov-11-2021.csv,Wormbase.ID
Jul-03-2024-12:35:40,whole_genome_v2_nov-11-2021.csv,Wormbase.ID
Feb-09-2024-10:29:14,whole_genome_v2_nov-11-2021.csv,Wormbase.ID
Oct-10-2023-03:08:20,whole_genome_v2_nov-11-2021.csv,Sequence.ID
Aug-28-2024-18:09:17,whole_genome_v2_nov-11-2021.csv,Wormbase.ID
Apr-21-2024-13:49:29,whole_genome_v2_nov-11-2021.csv,Wormbase.ID
Jul-28-2024-04:04:40,whole_genome_v2_nov-11-2021.csv,Wormbase.ID
Jul-15-2024-05:11:05,whole_genome_v2_nov-11-2021.csv,Wormbase.ID
Sep-25-2023-05:06:38,whole_genome_v2_nov-11-2021.csv,Wormbase.ID
Sep-25-2023-21:08:50,whole_genome_v2_nov-11-2021.csv,Wormbase.ID
Dec-19-2023-21:57:00,whole_genome_v2_nov-11-2021.csv,Wormbase.ID
Jul-31-2024-12:43:55,whole_genome_v2_nov-11-2021.csv,Wormbase.ID
Aug-15-2023-09:10:04,whole_genome_v2_nov-11-2021.csv,Sequence.ID
Dec-28-2023-01:09:08,whole_genome_v2_nov-11-2021.csv,Wormbase.ID
May-20-2024-18:54:35,whole_genome_v2_nov-11-2021.csv,Wormbase.ID
Oct-03-2023-15:41:42,whole_genome_v2_nov-11-2021.csv,Wormbase.ID
Oct-11-2024-23:16:23,whole_genome_v2_nov-11-2021.csv,Sequence.ID
Aug-28-2023-17:19:28,whole_genome_v2_nov-11-2021.csv,Wormbase.ID
Feb-09-2024-18:12:20,whole_genome_v2_nov-11-2021.csv,Wormbase.ID
Jul-19-2024-12:21:15,whole_genome_v2_nov-11-2021.csv,Wormbase.ID
Sep-27-2023-17:31:01,whole_genome_v2_nov-11-2021.csv,Wormbase.ID
Feb-17-2024-18:24:18,whole_genome_v2_nov-11-2021.csv,Wormbase.ID
Apr-09-2024-19:31:46,whole_genome_v2_nov-11-2021.csv,Wormbase.ID
Sep-12-2023-11:48:39,whole_genome_v2_nov-11-2021.csv,Wormbase.ID
Aug-16-2023-20:23:44,whole_genome_v2_nov-11-2021.csv,Wormbase.ID
Dec-14-2023-17:29:35,whole_genome_v2_nov-11-2021.csv,Wormbase.ID
Jan-24-2024-11:43:05,whole_genome_v2_nov-11-2021.csv,Wormbase.ID
Jun-24-2024-19:52:38,whole_genome_v2_nov-11-2021.csv,Wormbase.ID
Oct-24-2023-15:55:47,whole_genome_v2_nov-11-2021.csv,Wormbase.ID
Sep-07-2023-11:04:58,whole_genome_v2_nov-11-2021.csv,Wormbase.ID
Sep-23-2023-18:22:21,whole_genome_v2_nov-11-2021.csv,Wormbase.ID
Oct-05-2023-14:22:16,whole_genome_v2_nov-11-2021.csv,Wormbase.ID
Oct-05-2023-14:22:23,whole_genome_v2_nov-11-2021.csv,Wormbase.ID
Oct-05-2023-14:22:08,whole_genome_v2_nov-11-2021.csv,Wormbase.ID
Aug-06-2024-21:54:41,whole_genome_v2_nov-11-2021.csv,Wormbase.ID
Jul-11-2024-09:40:21,whole_genome_v2_nov-11-2021.csv,Sequence.ID
Nov-14-2023-03:01:36,whole_genome_v2_nov-11-2021.csv,Wormbase.ID
Apr-19-2024-19:13:53,whole_genome_v2_nov-11-2021.csv,Wormbase.ID
May-07-2024-21:48:31,whole_genome_v2_nov-11-2021.csv,Sequence.ID
Sep-18-2023-17:18:16,whole_genome_v2_nov-11-2021.csv,Wormbase.ID
Oct-02-2023-13:48:49,whole_genome_v2_nov-11-2021.csv,Wormbase.ID
Apr-12-2024-14:36:13,whole_genome_v2_nov-11-2021.csv,Wormbase.ID
Nov-20-2023-15:56:58,whole_genome_v2_nov-11-2021.csv,Wormbase.ID
Sep-19-2023-18:01:14,whole_genome_v2_nov-11-2021.csv,Wormbase.ID
Feb-22-2024-23:51:08,whole_genome_v2_nov-11-2021.csv,Wormbase.ID
Nov-30-2023-02:19:28,whole_genome_v2_nov-11-2021.csv,Wormbase.ID
Oct-08-2024-20:36:40,whole_genome_v2_nov-11-2021.csv,Wormbase.ID
Nov-17-2023-13:50:00,whole_genome_v2_nov-11-2021.csv,Wormbase.ID
Aug-27-2024-17:49:30,whole_genome_v2_nov-11-2021.csv,Wormbase.ID
Feb-09-2024-13:14:49,whole_genome_v2_nov-11-2021.csv,Wormbase.ID
Feb-21-2024-15:36:40,whole_genome_v2_nov-11-2021.csv,Wormbase.ID
Sep-05-2023-15:00:44,whole_genome_v2_nov-11-2021.csv,Wormbase.ID
Sep-27-2023-16:33:04,whole_genome_v2_nov-11-2021.csv,Wormbase.ID
Apr-17-2024-18:06:37,whole_genome_v2_nov-11-2021.csv,Wormbase.ID
Sep-23-2023-22:58:48,whole_genome_v2_nov-11-2021.csv,Wormbase.ID
Aug-27-2024-14:48:13,whole_genome_v2_nov-11-2021.csv,Wormbase.ID
Aug-12-2024-12:49:08,whole_genome_v2_nov-11-2021.csv,Wormbase.ID
Dec-12-2023-16:34:17,whole_genome_v2_nov-11-2021.csv,Wormbase.ID
Jun-25-2024-09:55:56,whole_genome_v2_nov-11-2021.csv,Wormbase.ID
Jul-25-2024-20:53:13,whole_genome_v2_nov-11-2021.csv,Wormbase.ID
Sep-23-2023-16:25:27,whole_genome_v2_nov-11-2021.csv,Wormbase.ID
Dec-18-2023-07:49:14,whole_genome_v2_nov-11-2021.csv,Sequence.ID
Jun-04-2024-18:41:52,whole_genome_v2_nov-11-2021.csv,Wormbase.ID
Aug-28-2023-10:03:12,whole_genome_v2_nov-11-2021.csv,Wormbase.ID
Nov-27-2023-16:52:02,whole_genome_v2_nov-11-2021.csv,Wormbase.ID
Apr-17-2024-19:16:55,whole_genome_v2_nov-11-2021.csv,Wormbase.ID
Feb-28-2024-14:21:09,whole_genome_v2_nov-11-2021.csv,Sequence.ID
Oct-03-2023-20:41:00,whole_genome_v2_nov-11-2021.csv,Wormbase.ID
Apr-17-2024-19:22:47,whole_genome_v2_nov-11-2021.csv,Wormbase.ID
Aug-28-2024-16:44:42,whole_genome_v2_nov-11-2021.csv,Wormbase.ID
Dec-01-2023-17:17:20,whole_genome_v2_nov-11-2021.csv,Wormbase.ID
Aug-07-2023-17:56:25,whole_genome_v2_nov-11-2021.csv,Sequence.ID
Jul-26-2024-15:54:39,whole_genome_v2_nov-11-2021.csv,Sequence.ID
Nov-21-2023-15:08:14,whole_genome_v2_nov-11-2021.csv,Wormbase.ID
Jul-21-2024-21:22:04,whole_genome_v2_nov-11-2021.csv,Wormbase.ID
Apr-05-2024-07:52:51,whole_genome_v2_nov-11-2021.csv,Wormbase.ID
Jul-29-2024-16:18:09,whole_genome_v2_nov-11-2021.csv,Sequence.ID
May-02-2024-01:05:42,whole_genome_v2_nov-11-2021.csv,Sequence.ID
Sep-12-2023-21:55:37,whole_genome_v2_nov-11-2021.csv,Wormbase.ID
Feb-02-2024-19:44:40,whole_genome_v2_nov-11-2021.csv,Wormbase.ID
Jul-16-2024-08:13:20,whole_genome_v2_nov-11-2021.csv,Wormbase.ID
Oct-02-2023-06:28:53,whole_genome_v2_nov-11-2021.csv,Wormbase.ID
Aug-11-2024-05:51:23,whole_genome_v2_nov-11-2021.csv,Wormbase.ID
Oct-08-2024-21:29:48,whole_genome_v2_nov-11-2021.csv,Sequence.ID
Jun-04-2024-09:58:28,whole_genome_v2_nov-11-2021.csv,Wormbase.ID
Jun-04-2024-19:45:47,whole_genome_v2_nov-11-2021.csv,Wormbase.ID
Sep-18-2023-17:19:15,whole_genome_v2_nov-11-2021.csv,Sequence.ID
Oct-10-2023-21:05:37,whole_genome_v2_nov-11-2021.csv,Wormbase.ID
Aug-28-2024-10:14:56,whole_genome_v2_nov-11-2021.csv,Wormbase.ID
Feb-14-2024-15:21:21,whole_genome_v2_nov-11-2021.csv,Wormbase.ID
Mar-20-2024-13:08:24,whole_genome_v2_nov-11-2021.csv,Sequence.ID
May-11-2024-02:08:43,whole_genome_v2_nov-11-2021.csv,Wormbase.ID
Aug-15-2023-09:11:27,whole_genome_v2_nov-11-2021.csv,Sequence.ID
Mar-12-2024-19:56:04,whole_genome_v2_nov-11-2021.csv,Wormbase.ID
Mar-20-2024-13:04:37,whole_genome_v2_nov-11-2021.csv,Sequence.ID
Jan-26-2024-14:58:27,whole_genome_v2_nov-11-2021.csv,Wormbase.ID
Sep-17-2024-16:57:27,whole_genome_v2_nov-11-2021.csv,Sequence.ID
Aug-19-2023-07:35:06,whole_genome_v2_nov-11-2021.csv,Wormbase.ID
Jul-01-2024-09:21:50,whole_genome_v2_nov-11-2021.csv,Wormbase.ID
Sep-20-2023-00:27:19,whole_genome_v2_nov-11-2021.csv,Wormbase.ID
Sep-27-2023-12:17:53,whole_genome_v2_nov-11-2021.csv,Wormbase.ID
Feb-10-2024-19:08:47,whole_genome_v2_nov-11-2021.csv,Sequence.ID
Feb-15-2024-12:49:41,whole_genome_v2_nov-11-2021.csv,Sequence.ID
Jun-25-2024-19:52:09,whole_genome_v2_nov-11-2021.csv,Wormbase.ID
Oct-17-2024-09:20:41,whole_genome_v2_nov-11-2021.csv,Wormbase.ID
Oct-26-2023-18:33:40,whole_genome_v2_nov-11-2021.csv,Wormbase.ID
Nov-12-2023-04:13:08,whole_genome_v2_nov-11-2021.csv,Wormbase.ID
Sep-19-2024-06:39:19,whole_genome_v2_nov-11-2021.csv,Wormbase.ID
Feb-15-2024-14:14:11,whole_genome_v2_nov-11-2021.csv,Sequence.ID
Sep-22-2023-07:29:00,whole_genome_v2_nov-11-2021.csv,Wormbase.ID
Jun-05-2024-13:16:36,whole_genome_v2_nov-11-2021.csv,Wormbase.ID
Sep-13-2023-16:01:35,whole_genome_v2_nov-11-2021.csv,Wormbase.ID
Mar-19-2024-14:55:55,whole_genome_v2_nov-11-2021.csv,Wormbase.ID
Aug-28-2024-17:21:29,whole_genome_v2_nov-11-2021.csv,Wormbase.ID
Aug-10-2023-20:43:28,whole_genome_v2_nov-11-2021.csv,Wormbase.ID
Apr-10-2024-17:00:50,orfeome_v2_nov-11-2021.csv,Wormbase.ID
Apr-03-2024-07:33:12,whole_genome_v2_nov-11-2021.csv,Wormbase.ID
Mar-20-2024-13:02:05,whole_genome_v2_nov-11-2021.csv,Sequence.ID
Feb-29-2024-09:38:15,whole_genome_v2_nov-11-2021.csv,Sequence.ID
Jul-25-2024-19:27:41,whole_genome_v2_nov-11-2021.csv,Wormbase.ID
Apr-30-2024-14:47:39,whole_genome_v2_nov-11-2021.csv,Wormbase.ID
Jul-11-2024-14:34:44,whole_genome_v2_nov-11-2021.csv,Wormbase.ID
Oct-19-2023-20:01:06,whole_genome_v2_nov-11-2021.csv,Wormbase.ID
Feb-20-2024-13:14:03,whole_genome_v2_nov-11-2021.csv,Wormbase.ID
Aug-16-2024-12:17:08,whole_genome_v2_nov-11-2021.csv,Wormbase.ID
Feb-24-2024-15:43:57,whole_genome_v2_nov-11-2021.csv,Wormbase.ID
Sep-17-2024-12:24:12,whole_genome_v2_nov-11-2021.csv,Sequence.ID
Aug-25-2023-06:56:40,whole_genome_v2_nov-11-2021.csv,Wormbase.ID
Aug-25-2023-06:57:49,whole_genome_v2_nov-11-2021.csv,Wormbase.ID
Aug-25-2023-06:57:41,whole_genome_v2_nov-11-2021.csv,Wormbase.ID
Aug-25-2023-06:57:05,whole_genome_v2_nov-11-2021.csv,Wormbase.ID
Aug-25-2023-06:57:13,whole_genome_v2_nov-11-2021.csv,Wormbase.ID
Aug-25-2023-06:56:55,whole_genome_v2_nov-11-2021.csv,Wormbase.ID
Aug-25-2023-06:57:22,whole_genome_v2_nov-11-2021.csv,Wormbase.ID
Aug-25-2023-06:57:59,whole_genome_v2_nov-11-2021.csv,Wormbase.ID
Aug-25-2023-06:57:31,whole_genome_v2_nov-11-2021.csv,Wormbase.ID
Aug-25-2023-06:56:48,whole_genome_v2_nov-11-2021.csv,Wormbase.ID
Nov-09-2023-21:17:46,whole_genome_v2_nov-11-2021.csv,Wormbase.ID
Sep-26-2023-02:13:29,whole_genome_v2_nov-11-2021.csv,Wormbase.ID
Feb-15-2024-12:06:31,whole_genome_v2_nov-11-2021.csv,Sequence.ID
Feb-20-2024-15:36:29,whole_genome_v2_nov-11-2021.csv,Sequence.ID
Dec-28-2023-02:19:44,whole_genome_v2_nov-11-2021.csv,Wormbase.ID
Jun-11-2024-01:51:32,ORF_only_v2_nov-11-2021.csv,Wormbase.ID
Jun-16-2024-06:26:12,whole_genome_v2_nov-11-2021.csv,Wormbase.ID
Mar-19-2024-14:06:07,whole_genome_v2_nov-11-2021.csv,Sequence.ID
Feb-10-2024-18:56:01,whole_genome_v2_nov-11-2021.csv,Sequence.ID
Oct-03-2024-14:06:38,whole_genome_v2_nov-11-2021.csv,Sequence.ID
Apr-02-2024-16:50:48,whole_genome_v2_nov-11-2021.csv,Wormbase.ID
Dec-13-2023-13:41:23,whole_genome_v2_nov-11-2021.csv,Wormbase.ID
Feb-27-2024-10:17:50,whole_genome_v2_nov-11-2021.csv,Wormbase.ID
Aug-20-2023-01:02:00,whole_genome_v2_nov-11-2021.csv,Wormbase.ID
Jul-02-2024-15:51:28,whole_genome_v2_nov-11-2021.csv,Wormbase.ID
Jan-19-2024-17:26:11,whole_genome_v2_nov-11-2021.csv,Wormbase.ID
Jan-19-2024-17:26:35,whole_genome_v2_nov-11-2021.csv,Wormbase.ID
Jan-19-2024-17:26:19,whole_genome_v2_nov-11-2021.csv,Wormbase.ID
Jan-19-2024-17:26:27,whole_genome_v2_nov-11-2021.csv,Wormbase.ID
Jul-01-2024-09:24:57,whole_genome_v2_nov-11-2021.csv,Wormbase.ID
Dec-12-2023-16:29:40,whole_genome_v2_nov-11-2021.csv,Wormbase.ID
Sep-18-2023-17:17:54,whole_genome_v2_nov-11-2021.csv,Wormbase.ID
Jun-16-2024-06:41:27,whole_genome_v2_nov-11-2021.csv,Wormbase.ID
Jul-09-2024-14:53:04,whole_genome_v2_nov-11-2021.csv,Wormbase.ID
Feb-08-2024-01:28:39,whole_genome_v2_nov-11-2021.csv,Wormbase.ID
Sep-21-2023-11:59:27,whole_genome_v2_nov-11-2021.csv,Wormbase.ID
Feb-15-2024-12:13:18,whole_genome_v2_nov-11-2021.csv,Sequence.ID
Sep-18-2023-17:24:33,whole_genome_v2_nov-11-2021.csv,Wormbase.ID
Feb-14-2024-15:19:16,whole_genome_v2_nov-11-2021.csv,Wormbase.ID
Mar-01-2024-17:09:49,orfeome_v2_nov-11-2021.csv,Wormbase.ID
Sep-19-2023-18:08:10,whole_genome_v2_nov-11-2021.csv,Wormbase.ID
Mar-19-2024-12:34:24,whole_genome_v2_nov-11-2021.csv,Wormbase.ID
Jul-28-2024-01:18:45,whole_genome_v2_nov-11-2021.csv,Wormbase.ID
May-09-2024-14:02:11,whole_genome_v2_nov-11-2021.csv,Wormbase.ID
Dec-15-2023-15:37:22,whole_genome_v2_nov-11-2021.csv,Wormbase.ID
Sep-15-2024-00:03:25,whole_genome_v2_nov-11-2021.csv,Wormbase.ID
Jan-30-2024-16:21:25,whole_genome_v2_nov-11-2021.csv,Wormbase.ID
Sep-24-2023-06:18:27,whole_genome_v2_nov-11-2021.csv,Sequence.ID
Jun-13-2024-03:51:43,whole_genome_v2_nov-11-2021.csv,Wormbase.ID
Nov-09-2023-13:22:53,whole_genome_v2_nov-11-2021.csv,Sequence.ID
Nov-28-2023-12:47:09,whole_genome_v2_nov-11-2021.csv,Wormbase.ID
Nov-17-2023-16:40:22,whole_genome_v2_nov-11-2021.csv,Wormbase.ID
Jul-22-2024-23:46:06,whole_genome_v2_nov-11-2021.csv,Wormbase.ID
Mar-27-2024-15:20:24,whole_genome_v2_nov-11-2021.csv,Wormbase.ID
Nov-04-2023-15:26:25,whole_genome_v2_nov-11-2021.csv,Wormbase.ID
Jun-17-2024-07:42:10,whole_genome_v2_nov-11-2021.csv,Sequence.ID
Oct-02-2023-22:28:09,whole_genome_v2_nov-11-2021.csv,Sequence.ID
Feb-23-2024-17:39:55,whole_genome_v2_nov-11-2021.csv,Wormbase.ID
Apr-15-2024-03:45:40,whole_genome_v2_nov-11-2021.csv,Wormbase.ID
Oct-05-2024-10:27:30,whole_genome_v2_nov-11-2021.csv,Sequence.ID
Sep-11-2023-17:15:06,whole_genome_v2_nov-11-2021.csv,Wormbase.ID
Oct-16-2023-11:41:29,whole_genome_v2_nov-11-2021.csv,Sequence.ID
Sep-10-2024-14:00:18,whole_genome_v2_nov-11-2021.csv,Sequence.ID
Jan-28-2024-17:27:02,whole_genome_v2_nov-11-2021.csv,Wormbase.ID
Aug-28-2023-20:29:59,whole_genome_v2_nov-11-2021.csv,Sequence.ID
Jul-25-2024-19:23:38,whole_genome_v2_nov-11-2021.csv,Wormbase.ID
Mar-10-2024-00:08:28,ahringer_v1_jan-02-2019.csv,Wormbase.ID
Aug-03-2024-18:42:37,whole_genome_v2_nov-11-2021.csv,Wormbase.ID
Oct-10-2024-16:53:46,whole_genome_v2_nov-11-2021.csv,Wormbase.ID
Nov-30-2023-00:35:10,whole_genome_v2_nov-11-2021.csv,Wormbase.ID
Sep-06-2024-20:15:51,whole_genome_v2_nov-11-2021.csv,Sequence.ID
Apr-16-2024-16:55:24,whole_genome_v2_nov-11-2021.csv,Wormbase.ID
Sep-25-2023-15:20:21,whole_genome_v2_nov-11-2021.csv,Wormbase.ID
Sep-25-2023-15:20:30,whole_genome_v2_nov-11-2021.csv,Wormbase.ID
Sep-25-2023-15:20:39,whole_genome_v2_nov-11-2021.csv,Wormbase.ID
Feb-02-2024-01:57:38,whole_genome_v2_nov-11-2021.csv,Sequence.ID
Jun-14-2024-15:07:43,whole_genome_v2_nov-11-2021.csv,Wormbase.ID
Sep-16-2024-13:55:05,whole_genome_v2_nov-11-2021.csv,Wormbase.ID
Oct-03-2023-19:30:35,whole_genome_v2_nov-11-2021.csv,Wormbase.ID
Feb-08-2024-11:20:44,whole_genome_v2_nov-11-2021.csv,Sequence.ID
Aug-28-2024-17:21:39,whole_genome_v2_nov-11-2021.csv,Wormbase.ID
Jun-24-2024-16:51:35,whole_genome_v2_nov-11-2021.csv,Wormbase.ID
May-28-2024-17:49:32,whole_genome_v2_nov-11-2021.csv,Wormbase.ID
Feb-20-2024-15:45:08,whole_genome_v2_nov-11-2021.csv,Sequence.ID
Feb-29-2024-20:05:01,whole_genome_v2_nov-11-2021.csv,Wormbase.ID
Jul-09-2024-20:35:01,whole_genome_v2_nov-11-2021.csv,Wormbase.ID
Jul-09-2024-20:34:34,whole_genome_v2_nov-11-2021.csv,Wormbase.ID
Jul-09-2024-20:34:25,whole_genome_v2_nov-11-2021.csv,Wormbase.ID
Jul-09-2024-20:34:16,whole_genome_v2_nov-11-2021.csv,Wormbase.ID
Jul-09-2024-20:35:09,whole_genome_v2_nov-11-2021.csv,Wormbase.ID
Jul-09-2024-20:34:52,whole_genome_v2_nov-11-2021.csv,Wormbase.ID
Jul-09-2024-20:34:42,whole_genome_v2_nov-11-2021.csv,Wormbase.ID
Nov-16-2023-19:47:04,whole_genome_v2_nov-11-2021.csv,Wormbase.ID
Feb-15-2024-05:50:16,whole_genome_v2_nov-11-2021.csv,Wormbase.ID
Jun-03-2024-01:50:55,whole_genome_v2_nov-11-2021.csv,Wormbase.ID
Oct-14-2024-10:36:32,whole_genome_v2_nov-11-2021.csv,Sequence.ID
Feb-22-2024-17:02:30,whole_genome_v2_nov-11-2021.csv,Wormbase.ID
Apr-03-2024-08:15:33,whole_genome_v2_nov-11-2021.csv,Wormbase.ID
Aug-10-2023-03:23:19,whole_genome_v2_nov-11-2021.csv,Wormbase.ID
Aug-28-2023-16:33:22,whole_genome_v2_nov-11-2021.csv,Wormbase.ID
Jan-29-2024-20:02:38,whole_genome_v2_nov-11-2021.csv,Wormbase.ID
Jun-26-2024-17:10:28,whole_genome_v2_nov-11-2021.csv,Wormbase.ID
Jul-03-2024-08:16:25,whole_genome_v2_nov-11-2021.csv,Wormbase.ID
Aug-27-2024-18:05:22,whole_genome_v2_nov-11-2021.csv,Wormbase.ID
Nov-29-2023-14:47:30,whole_genome_v2_nov-11-2021.csv,Wormbase.ID
Feb-28-2024-15:02:14,whole_genome_v2_nov-11-2021.csv,Sequence.ID
Feb-27-2024-10:14:36,whole_genome_v2_nov-11-2021.csv,Wormbase.ID
Jul-15-2024-13:09:42,whole_genome_v2_nov-11-2021.csv,Sequence.ID
Apr-10-2024-14:22:46,whole_genome_v2_nov-11-2021.csv,Wormbase.ID
Aug-28-2024-18:08:58,whole_genome_v2_nov-11-2021.csv,Wormbase.ID
Dec-26-2023-01:13:09,whole_genome_v2_nov-11-2021.csv,Wormbase.ID
Sep-19-2024-19:50:36,whole_genome_v2_nov-11-2021.csv,Wormbase.ID
Aug-31-2023-15:56:04,whole_genome_v2_nov-11-2021.csv,Wormbase.ID
Sep-10-2024-13:57:47,whole_genome_v2_nov-11-2021.csv,Sequence.ID
Feb-13-2024-22:12:38,whole_genome_v2_nov-11-2021.csv,Wormbase.ID
Aug-13-2023-23:07:39,whole_genome_v2_nov-11-2021.csv,Wormbase.ID
Oct-12-2023-15:03:10,whole_genome_v2_nov-11-2021.csv,Wormbase.ID
Oct-04-2023-06:22:46,whole_genome_v2_nov-11-2021.csv,Wormbase.ID
Aug-29-2024-15:00:34,whole_genome_v2_nov-11-2021.csv,Wormbase.ID
Aug-28-2024-17:40:02,whole_genome_v2_nov-11-2021.csv,Wormbase.ID
Mar-14-2024-14:11:18,whole_genome_v2_nov-11-2021.csv,Wormbase.ID
Oct-01-2024-14:23:31,whole_genome_v2_nov-11-2021.csv,Wormbase.ID
May-07-2024-18:45:00,whole_genome_v2_nov-11-2021.csv,Wormbase.ID
May-24-2024-14:24:32,whole_genome_v2_nov-11-2021.csv,Wormbase.ID
Feb-08-2024-23:37:40,whole_genome_v2_nov-11-2021.csv,Wormbase.ID
Feb-27-2024-09:23:59,whole_genome_v2_nov-11-2021.csv,Wormbase.ID
Aug-16-2023-20:51:51,whole_genome_v2_nov-11-2021.csv,Wormbase.ID
Jul-30-2024-20:32:04,whole_genome_v2_nov-11-2021.csv,Wormbase.ID
Feb-02-2024-21:03:57,whole_genome_v2_nov-11-2021.csv,Wormbase.ID
Oct-15-2024-00:03:59,whole_genome_v2_nov-11-2021.csv,Wormbase.ID
May-17-2024-14:42:30,whole_genome_v2_nov-11-2021.csv,Wormbase.ID
Feb-29-2024-09:35:47,whole_genome_v2_nov-11-2021.csv,Sequence.ID
Jan-25-2024-18:03:02,whole_genome_v2_nov-11-2021.csv,Wormbase.ID
Sep-17-2024-16:49:53,whole_genome_v2_nov-11-2021.csv,Sequence.ID
Oct-08-2023-15:52:31,whole_genome_v2_nov-11-2021.csv,Sequence.ID
Jul-09-2024-22:49:35,whole_genome_v2_nov-11-2021.csv,Wormbase.ID
Mar-25-2024-07:13:35,whole_genome_v2_nov-11-2021.csv,Sequence.ID
Aug-28-2024-17:37:49,whole_genome_v2_nov-11-2021.csv,Wormbase.ID
Dec-01-2023-18:12:41,whole_genome_v2_nov-11-2021.csv,Wormbase.ID
Oct-16-2024-09:16:10,whole_genome_v2_nov-11-2021.csv,Wormbase.ID
Jul-10-2024-07:21:59,whole_genome_v2_nov-11-2021.csv,Sequence.ID
Apr-06-2024-17:05:35,whole_genome_v2_nov-11-2021.csv,Wormbase.ID
Mar-15-2024-14:54:07,whole_genome_v2_nov-11-2021.csv,Sequence.ID
Sep-27-2023-16:15:33,whole_genome_v2_nov-11-2021.csv,Wormbase.ID
Feb-29-2024-14:49:46,whole_genome_v2_nov-11-2021.csv,Wormbase.ID
Jul-24-2024-16:54:58,whole_genome_v2_nov-11-2021.csv,Wormbase.ID
Apr-26-2024-07:26:18,whole_genome_v2_nov-11-2021.csv,Wormbase.ID
Sep-18-2023-17:12:21,whole_genome_v2_nov-11-2021.csv,Sequence.ID
Jun-25-2024-04:43:01,whole_genome_v2_nov-11-2021.csv,Sequence.ID
Apr-15-2024-03:49:39,whole_genome_v2_nov-11-2021.csv,Wormbase.ID
Apr-16-2024-16:40:10,whole_genome_v2_nov-11-2021.csv,Wormbase.ID
Apr-30-2024-00:25:51,whole_genome_v2_nov-11-2021.csv,Wormbase.ID
Jul-12-2024-06:50:03,whole_genome_v1_jul-03-2019.csv,Wormbase.ID
May-28-2024-11:19:52,whole_genome_v2_nov-11-2021.csv,Wormbase.ID
Jun-13-2024-20:52:35,whole_genome_v2_nov-11-2021.csv,Wormbase.ID
Mar-31-2024-22:35:37,whole_genome_v2_nov-11-2021.csv,Wormbase.ID
Mar-05-2024-20:21:11,whole_genome_v2_nov-11-2021.csv,Wormbase.ID
Nov-04-2023-14:19:40,whole_genome_v2_nov-11-2021.csv,Wormbase.ID
Jul-02-2024-20:38:59,whole_genome_v2_nov-11-2021.csv,Wormbase.ID
Sep-18-2023-17:25:15,whole_genome_v2_nov-11-2021.csv,Wormbase.ID
Dec-18-2023-16:40:45,whole_genome_v2_nov-11-2021.csv,Wormbase.ID
Jul-22-2024-13:33:35,whole_genome_v2_nov-11-2021.csv,Sequence.ID
Dec-01-2023-01:24:40,whole_genome_v2_nov-11-2021.csv,Wormbase.ID
Jul-15-2024-09:26:12,whole_genome_v2_nov-11-2021.csv,Wormbase.ID
Feb-06-2024-13:17:26,whole_genome_v2_nov-11-2021.csv,Wormbase.ID
Jul-15-2024-21:45:58,whole_genome_v2_nov-11-2021.csv,Wormbase.ID
Aug-25-2023-02:23:08,whole_genome_v2_nov-11-2021.csv,Wormbase.ID
Nov-08-2023-18:09:53,whole_genome_v2_nov-11-2021.csv,Wormbase.ID
Apr-12-2024-09:50:53,whole_genome_v2_nov-11-2021.csv,Sequence.ID
Jun-03-2024-13:15:08,whole_genome_v2_nov-11-2021.csv,Wormbase.ID
Mar-27-2024-15:18:50,whole_genome_v2_nov-11-2021.csv,Wormbase.ID
Oct-25-2023-04:12:07,whole_genome_v2_nov-11-2021.csv,Wormbase.ID
Oct-20-2023-04:18:24,whole_genome_v2_nov-11-2021.csv,Wormbase.ID
May-07-2024-16:15:47,whole_genome_v2_nov-11-2021.csv,Wormbase.ID
Aug-14-2024-07:56:25,whole_genome_v2_nov-11-2021.csv,Wormbase.ID
Sep-18-2023-17:30:34,whole_genome_v2_nov-11-2021.csv,Sequence.ID
Sep-19-2023-00:36:04,whole_genome_v2_nov-11-2021.csv,Wormbase.ID
Sep-21-2023-13:39:25,whole_genome_v2_nov-11-2021.csv,Wormbase.ID
Sep-18-2023-17:18:22,whole_genome_v2_nov-11-2021.csv,Wormbase.ID
Aug-12-2024-13:24:57,whole_genome_v2_nov-11-2021.csv,Wormbase.ID
Nov-14-2023-09:37:53,whole_genome_v2_nov-11-2021.csv,Wormbase.ID
Jun-02-2024-22:04:54,whole_genome_v2_nov-11-2021.csv,Wormbase.ID
May-20-2024-15:06:49,whole_genome_v2_nov-11-2021.csv,Wormbase.ID
Sep-21-2023-16:43:25,whole_genome_v2_nov-11-2021.csv,Wormbase.ID
Aug-28-2024-17:19:13,whole_genome_v2_nov-11-2021.csv,Wormbase.ID
Feb-28-2024-14:25:22,whole_genome_v2_nov-11-2021.csv,Sequence.ID
Sep-11-2023-20:32:17,whole_genome_v2_nov-11-2021.csv,Wormbase.ID
Nov-29-2023-16:43:16,whole_genome_v2_nov-11-2021.csv,Wormbase.ID
Aug-09-2023-19:35:32,whole_genome_v2_nov-11-2021.csv,Wormbase.ID
Oct-06-2023-17:28:33,whole_genome_v2_nov-11-2021.csv,Wormbase.ID
Nov-29-2023-11:31:22,whole_genome_v2_nov-11-2021.csv,Sequence.ID
Dec-11-2023-14:42:26,whole_genome_v2_nov-11-2021.csv,Wormbase.ID
May-05-2024-23:11:26,whole_genome_v2_nov-11-2021.csv,Wormbase.ID
Oct-20-2023-11:15:54,whole_genome_v2_nov-11-2021.csv,Sequence.ID
Jun-16-2024-17:03:33,whole_genome_v2_nov-11-2021.csv,Wormbase.ID
Oct-05-2023-17:25:32,whole_genome_v2_nov-11-2021.csv,Wormbase.ID
Oct-05-2023-17:25:40,whole_genome_v2_nov-11-2021.csv,Wormbase.ID
Oct-05-2023-17:25:25,whole_genome_v2_nov-11-2021.csv,Wormbase.ID
Sep-30-2023-15:05:18,whole_genome_v2_nov-11-2021.csv,Wormbase.ID
Jun-29-2024-19:14:16,whole_genome_v2_nov-11-2021.csv,Wormbase.ID
Apr-08-2024-03:23:35,whole_genome_v2_nov-11-2021.csv,Wormbase.ID
Feb-03-2024-18:45:37,whole_genome_v2_nov-11-2021.csv,Wormbase.ID
Aug-06-2023-22:52:42,whole_genome_v2_nov-11-2021.csv,Wormbase.ID
Mar-27-2024-22:09:37,whole_genome_v2_nov-11-2021.csv,Wormbase.ID
Sep-13-2023-18:50:35,whole_genome_v2_nov-11-2021.csv,Wormbase.ID
Feb-08-2024-02:28:42,whole_genome_v2_nov-11-2021.csv,Sequence.ID
Mar-26-2024-11:15:30,whole_genome_v2_nov-11-2021.csv,Wormbase.ID
Apr-22-2024-22:49:45,whole_genome_v2_nov-11-2021.csv,Wormbase.ID
Jun-28-2024-01:00:08,whole_genome_v2_nov-11-2021.csv,Wormbase.ID
Nov-12-2023-18:15:56,whole_genome_v2_nov-11-2021.csv,Sequence.ID
Aug-13-2024-12:29:46,whole_genome_v2_nov-11-2021.csv,Wormbase.ID
Oct-02-2024-21:35:27,whole_genome_v2_nov-11-2021.csv,Wormbase.ID
Sep-11-2024-09:55:18,whole_genome_v2_nov-11-2021.csv,Wormbase.ID
Oct-15-2024-21:31:44,whole_genome_v2_nov-11-2021.csv,Sequence.ID
May-10-2024-18:43:02,whole_genome_v2_nov-11-2021.csv,Wormbase.ID
Sep-10-2024-23:32:35,whole_genome_v2_nov-11-2021.csv,Wormbase.ID
Sep-10-2024-23:32:44,whole_genome_v2_nov-11-2021.csv,Wormbase.ID
Sep-10-2024-23:32:27,whole_genome_v2_nov-11-2021.csv,Wormbase.ID
Oct-28-2023-21:17:19,whole_genome_v2_nov-11-2021.csv,Wormbase.ID
May-03-2024-16:49:11,whole_genome_v2_nov-11-2021.csv,Wormbase.ID
Jul-29-2024-18:12:37,whole_genome_v2_nov-11-2021.csv,Wormbase.ID
Dec-11-2023-20:57:20,whole_genome_v2_nov-11-2021.csv,Wormbase.ID
Sep-29-2023-16:12:46,whole_genome_v2_nov-11-2021.csv,Wormbase.ID
Aug-08-2023-09:45:36,whole_genome_v2_nov-11-2021.csv,Wormbase.ID
Nov-30-2023-03:31:09,whole_genome_v2_nov-11-2021.csv,Wormbase.ID
Aug-28-2023-23:02:32,whole_genome_v2_nov-11-2021.csv,Wormbase.ID
Jun-28-2024-19:22:08,whole_genome_v2_nov-11-2021.csv,Wormbase.ID
Sep-13-2023-18:59:43,whole_genome_v2_nov-11-2021.csv,Wormbase.ID
Sep-27-2023-13:58:24,whole_genome_v2_nov-11-2021.csv,Sequence.ID
Sep-28-2023-03:45:56,whole_genome_v2_nov-11-2021.csv,Wormbase.ID
Aug-27-2023-03:24:01,whole_genome_v2_nov-11-2021.csv,Wormbase.ID
Sep-18-2023-17:17:27,whole_genome_v2_nov-11-2021.csv,Sequence.ID
Aug-30-2024-14:08:32,whole_genome_v2_nov-11-2021.csv,Sequence.ID
May-23-2024-13:41:00,whole_genome_v2_nov-11-2021.csv,Wormbase.ID
Sep-27-2023-13:35:09,whole_genome_v2_nov-11-2021.csv,Sequence.ID
Jul-24-2024-19:19:48,whole_genome_v2_nov-11-2021.csv,Wormbase.ID
Jul-28-2024-17:01:20,whole_genome_v2_nov-11-2021.csv,Wormbase.ID
Jul-22-2024-18:05:06,whole_genome_v2_nov-11-2021.csv,Wormbase.ID
Aug-05-2024-06:03:49,whole_genome_v2_nov-11-2021.csv,Wormbase.ID
Feb-13-2024-08:00:13,whole_genome_v2_nov-11-2021.csv,Wormbase.ID
Feb-28-2024-18:31:25,whole_genome_v2_nov-11-2021.csv,Wormbase.ID
Mar-08-2024-22:56:59,whole_genome_v2_nov-11-2021.csv,Wormbase.ID
Jul-18-2024-18:48:31,whole_genome_v2_nov-11-2021.csv,Wormbase.ID
Aug-06-2023-19:51:40,whole_genome_v2_nov-11-2021.csv,Wormbase.ID
Apr-30-2024-00:09:43,whole_genome_v2_nov-11-2021.csv,Wormbase.ID
Oct-24-2023-14:39:46,whole_genome_v2_nov-11-2021.csv,Wormbase.ID
Sep-13-2023-20:08:05,whole_genome_v2_nov-11-2021.csv,Wormbase.ID
Jun-19-2024-13:39:47,whole_genome_v2_nov-11-2021.csv,Wormbase.ID
Jun-04-2024-09:43:39,whole_genome_v2_nov-11-2021.csv,Wormbase.ID
Feb-29-2024-15:29:09,whole_genome_v2_nov-11-2021.csv,Wormbase.ID
Apr-01-2024-22:16:10,whole_genome_v2_nov-11-2021.csv,Wormbase.ID
Sep-22-2023-03:00:02,whole_genome_v2_nov-11-2021.csv,Wormbase.ID
May-20-2024-09:34:22,whole_genome_v2_nov-11-2021.csv,Sequence.ID
Oct-12-2024-20:38:52,whole_genome_v2_nov-11-2021.csv,Wormbase.ID
Sep-01-2023-07:16:22,whole_genome_v1_jul-03-2019.csv,Wormbase.ID
Aug-28-2024-17:24:33,whole_genome_v2_nov-11-2021.csv,Wormbase.ID
May-07-2024-16:33:59,whole_genome_v2_nov-11-2021.csv,Sequence.ID
Oct-02-2023-13:53:39,whole_genome_v2_nov-11-2021.csv,Wormbase.ID
Aug-28-2024-17:37:52,whole_genome_v2_nov-11-2021.csv,Wormbase.ID
Apr-10-2024-17:00:05,whole_genome_v2_nov-11-2021.csv,Wormbase.ID
May-10-2024-19:10:17,whole_genome_v2_nov-11-2021.csv,Wormbase.ID
Sep-11-2024-16:10:38,whole_genome_v2_nov-11-2021.csv,Wormbase.ID
Oct-17-2023-12:06:32,whole_genome_v2_nov-11-2021.csv,Sequence.ID
Feb-28-2024-14:17:46,whole_genome_v2_nov-11-2021.csv,Sequence.ID
Sep-20-2023-09:16:07,whole_genome_v2_nov-11-2021.csv,Wormbase.ID
Oct-15-2023-19:25:24,whole_genome_v2_nov-11-2021.csv,Sequence.ID
Feb-19-2024-13:46:39,whole_genome_v2_nov-11-2021.csv,Wormbase.ID
Sep-09-2024-18:47:31,whole_genome_v2_nov-11-2021.csv,Wormbase.ID
Sep-29-2023-00:32:21,whole_genome_v2_nov-11-2021.csv,Wormbase.ID
Aug-01-2024-14:43:51,whole_genome_v2_nov-11-2021.csv,Wormbase.ID
Feb-27-2024-18:02:55,whole_genome_v2_nov-11-2021.csv,Sequence.ID
Feb-26-2024-13:15:29,whole_genome_v2_nov-11-2021.csv,Wormbase.ID
Jan-18-2024-17:00:06,whole_genome_v2_nov-11-2021.csv,Wormbase.ID
Sep-12-2023-17:27:41,whole_genome_v2_nov-11-2021.csv,Wormbase.ID
Oct-08-2024-22:27:02,whole_genome_v2_nov-11-2021.csv,Wormbase.ID
Nov-09-2023-17:59:39,whole_genome_v2_nov-11-2021.csv,Wormbase.ID
Jan-30-2024-12:09:32,whole_genome_v2_nov-11-2021.csv,Wormbase.ID
Aug-28-2024-17:26:57,whole_genome_v2_nov-11-2021.csv,Wormbase.ID
Oct-12-2023-15:05:41,whole_genome_v2_nov-11-2021.csv,Wormbase.ID
Mar-12-2024-08:35:04,whole_genome_v2_nov-11-2021.csv,Sequence.ID
Feb-29-2024-14:48:54,whole_genome_v2_nov-11-2021.csv,Wormbase.ID
Jan-25-2024-14:57:54,whole_genome_v2_nov-11-2021.csv,Wormbase.ID
Feb-28-2024-14:20:17,whole_genome_v2_nov-11-2021.csv,Sequence.ID
Feb-18-2024-21:51:05,whole_genome_v2_nov-11-2021.csv,Wormbase.ID
Sep-19-2023-18:13:10,whole_genome_v2_nov-11-2021.csv,Wormbase.ID
Oct-07-2024-19:24:15,whole_genome_v2_nov-11-2021.csv,Wormbase.ID
Oct-05-2023-14:40:17,whole_genome_v2_nov-11-2021.csv,Wormbase.ID
May-16-2024-13:03:03,whole_genome_v2_nov-11-2021.csv,Wormbase.ID
Mar-26-2024-16:55:28,ORF_only_v2_nov-11-2021.csv,Wormbase.ID
Dec-14-2023-16:34:24,whole_genome_v2_nov-11-2021.csv,Wormbase.ID
Dec-12-2023-14:58:55,whole_genome_v2_nov-11-2021.csv,Wormbase.ID
Sep-30-2023-13:00:07,whole_genome_v2_nov-11-2021.csv,Wormbase.ID
Mar-07-2024-01:13:44,whole_genome_v2_nov-11-2021.csv,Wormbase.ID
Sep-06-2023-15:46:35,whole_genome_v2_nov-11-2021.csv,Wormbase.ID
May-05-2024-17:08:43,whole_genome_v2_nov-11-2021.csv,Wormbase.ID
Sep-18-2024-06:46:16,whole_genome_v2_nov-11-2021.csv,Wormbase.ID
Jun-16-2024-01:58:45,whole_genome_v2_nov-11-2021.csv,Sequence.ID
Sep-11-2023-16:24:16,whole_genome_v2_nov-11-2021.csv,Wormbase.ID
Jun-19-2024-06:14:46,whole_genome_v2_nov-11-2021.csv,Wormbase.ID
Oct-29-2023-17:01:02,whole_genome_v2_nov-11-2021.csv,Wormbase.ID
Aug-06-2024-16:16:51,whole_genome_v2_nov-11-2021.csv,Wormbase.ID
Mar-27-2024-10:22:10,whole_genome_v2_nov-11-2021.csv,Wormbase.ID
Aug-16-2023-06:51:15,whole_genome_v2_nov-11-2021.csv,Wormbase.ID
Oct-16-2023-18:11:21,whole_genome_v2_nov-11-2021.csv,Wormbase.ID
Oct-16-2023-18:11:29,whole_genome_v2_nov-11-2021.csv,Wormbase.ID
Aug-16-2023-19:52:12,whole_genome_v2_nov-11-2021.csv,Wormbase.ID
Feb-22-2024-19:41:02,whole_genome_v2_nov-11-2021.csv,Wormbase.ID
Mar-26-2024-17:22:36,whole_genome_v2_nov-11-2021.csv,Wormbase.ID
May-15-2024-14:06:39,whole_genome_v2_nov-11-2021.csv,Wormbase.ID
May-07-2024-00:49:26,whole_genome_v2_nov-11-2021.csv,Sequence.ID
Aug-13-2024-20:09:14,whole_genome_v2_nov-11-2021.csv,Wormbase.ID
May-28-2024-16:50:12,whole_genome_v2_nov-11-2021.csv,Wormbase.ID
Sep-18-2023-18:49:59,whole_genome_v2_nov-11-2021.csv,Wormbase.ID
Sep-29-2023-19:04:59,whole_genome_v2_nov-11-2021.csv,Wormbase.ID
Nov-04-2023-15:33:29,whole_genome_v2_nov-11-2021.csv,Wormbase.ID
Apr-16-2024-16:41:49,whole_genome_v2_nov-11-2021.csv,Wormbase.ID
Aug-28-2024-17:16:51,whole_genome_v2_nov-11-2021.csv,Wormbase.ID
Feb-29-2024-15:35:16,whole_genome_v2_nov-11-2021.csv,Wormbase.ID
Sep-13-2023-03:01:42,whole_genome_v2_nov-11-2021.csv,Wormbase.ID
Jun-04-2024-18:35:25,whole_genome_v2_nov-11-2021.csv,Wormbase.ID
Sep-27-2023-10:16:30,whole_genome_v2_nov-11-2021.csv,Wormbase.ID
Feb-20-2024-16:10:36,whole_genome_v2_nov-11-2021.csv,Sequence.ID
Jul-21-2024-18:59:46,whole_genome_v2_nov-11-2021.csv,Wormbase.ID
Dec-16-2023-15:37:38,whole_genome_v2_nov-11-2021.csv,Wormbase.ID
Jun-30-2024-22:37:09,whole_genome_v2_nov-11-2021.csv,Sequence.ID
Oct-16-2024-16:54:13,whole_genome_v2_nov-11-2021.csv,Wormbase.ID
Aug-19-2023-18:13:46,whole_genome_v2_nov-11-2021.csv,Sequence.ID
Sep-22-2023-18:53:59,whole_genome_v2_nov-11-2021.csv,Wormbase.ID
Aug-28-2024-17:14:46,whole_genome_v2_nov-11-2021.csv,Wormbase.ID
Sep-13-2023-16:00:30,whole_genome_v2_nov-11-2021.csv,Wormbase.ID
Jun-14-2024-15:25:29,whole_genome_v2_nov-11-2021.csv,Wormbase.ID
Jun-04-2024-12:49:58,whole_genome_v2_nov-11-2021.csv,Wormbase.ID
Aug-20-2023-21:15:55,whole_genome_v2_nov-11-2021.csv,Wormbase.ID
Jun-12-2024-06:38:16,whole_genome_v2_nov-11-2021.csv,Sequence.ID
Jul-29-2024-20:23:57,whole_genome_v2_nov-11-2021.csv,Wormbase.ID
Mar-04-2024-17:12:59,whole_genome_v2_nov-11-2021.csv,Wormbase.ID
Sep-18-2023-17:49:07,whole_genome_v2_nov-11-2021.csv,Wormbase.ID
Oct-09-2024-20:18:06,whole_genome_v2_nov-11-2021.csv,Sequence.ID
Sep-25-2023-23:40:45,whole_genome_v2_nov-11-2021.csv,Wormbase.ID
Jul-01-2024-01:32:05,whole_genome_v2_nov-11-2021.csv,Wormbase.ID
Sep-20-2023-09:15:28,whole_genome_v2_nov-11-2021.csv,Wormbase.ID
Feb-06-2024-17:38:52,whole_genome_v2_nov-11-2021.csv,Sequence.ID
Sep-19-2023-00:33:43,whole_genome_v2_nov-11-2021.csv,Wormbase.ID
Aug-28-2024-17:46:44,whole_genome_v2_nov-11-2021.csv,Wormbase.ID
Mar-01-2024-17:10:52,orfeome_v1_jan-31-2019.csv,Wormbase.ID
Jun-17-2024-09:19:44,whole_genome_v2_nov-11-2021.csv,Wormbase.ID
Dec-15-2023-15:37:58,whole_genome_v2_nov-11-2021.csv,Wormbase.ID
May-05-2024-17:26:19,whole_genome_v2_nov-11-2021.csv,Wormbase.ID
Sep-13-2023-03:04:50,whole_genome_v2_nov-11-2021.csv,Wormbase.ID
Apr-14-2024-09:07:42,whole_genome_v2_nov-11-2021.csv,Sequence.ID
May-28-2024-14:19:38,whole_genome_v2_nov-11-2021.csv,Wormbase.ID
Aug-11-2023-23:09:31,whole_genome_v2_nov-11-2021.csv,Wormbase.ID
Aug-19-2024-19:02:41,whole_genome_v2_nov-11-2021.csv,Wormbase.ID
Feb-17-2024-16:05:21,whole_genome_v2_nov-11-2021.csv,Wormbase.ID
Mar-06-2024-15:28:01,whole_genome_v2_nov-11-2021.csv,Wormbase.ID
Feb-06-2024-21:41:50,whole_genome_v2_nov-11-2021.csv,Wormbase.ID
Aug-10-2023-21:57:35,whole_genome_v2_nov-11-2021.csv,Wormbase.ID
Dec-13-2023-03:38:58,whole_genome_v2_nov-11-2021.csv,Wormbase.ID
Apr-30-2024-00:11:33,whole_genome_v2_nov-11-2021.csv,Wormbase.ID
May-13-2024-09:25:40,whole_genome_v2_nov-11-2021.csv,Wormbase.ID
Sep-20-2023-00:33:27,whole_genome_v2_nov-11-2021.csv,Wormbase.ID
Dec-20-2023-09:18:38,whole_genome_v2_nov-11-2021.csv,Wormbase.ID
Aug-17-2023-04:29:10,whole_genome_v2_nov-11-2021.csv,Wormbase.ID
Apr-12-2024-20:49:41,whole_genome_v2_nov-11-2021.csv,Wormbase.ID
Sep-27-2023-17:01:14,whole_genome_v2_nov-11-2021.csv,Wormbase.ID
Jun-13-2024-16:15:34,whole_genome_v2_nov-11-2021.csv,Wormbase.ID
Feb-15-2024-05:50:12,whole_genome_v2_nov-11-2021.csv,Wormbase.ID
Jul-15-2024-00:01:20,whole_genome_v2_nov-11-2021.csv,Wormbase.ID
Sep-05-2024-12:34:55,whole_genome_v2_nov-11-2021.csv,Sequence.ID
Feb-27-2024-23:49:51,whole_genome_v2_nov-11-2021.csv,Wormbase.ID
Feb-29-2024-18:30:12,whole_genome_v2_nov-11-2021.csv,Sequence.ID
Oct-20-2023-04:19:25,whole_genome_v2_nov-11-2021.csv,Wormbase.ID
Jul-22-2024-01:38:12,whole_genome_v2_nov-11-2021.csv,Wormbase.ID
Aug-15-2023-18:18:04,whole_genome_v2_nov-11-2021.csv,Wormbase.ID
Sep-09-2024-18:40:36,whole_genome_v2_nov-11-2021.csv,Wormbase.ID
Dec-18-2023-22:54:50,whole_genome_v2_nov-11-2021.csv,Sequence.ID
Sep-22-2023-03:01:35,whole_genome_v2_nov-11-2021.csv,Wormbase.ID
Nov-06-2023-12:49:29,whole_genome_v2_nov-11-2021.csv,Sequence.ID
Oct-05-2023-19:15:55,whole_genome_v2_nov-11-2021.csv,Wormbase.ID
Jan-14-2024-21:39:26,whole_genome_v2_nov-11-2021.csv,Wormbase.ID
Apr-06-2024-16:44:27,whole_genome_v2_nov-11-2021.csv,Wormbase.ID
Feb-07-2024-13:49:16,whole_genome_v2_nov-11-2021.csv,Sequence.ID
Dec-04-2023-02:49:10,whole_genome_v2_nov-11-2021.csv,Wormbase.ID
Nov-07-2023-20:17:15,whole_genome_v2_nov-11-2021.csv,Wormbase.ID
Aug-28-2024-17:53:42,whole_genome_v2_nov-11-2021.csv,Wormbase.ID
Jul-19-2024-18:00:43,whole_genome_v2_nov-11-2021.csv,Sequence.ID
Jan-30-2024-02:33:50,whole_genome_v2_nov-11-2021.csv,Wormbase.ID
Jul-10-2024-08:34:34,whole_genome_v2_nov-11-2021.csv,Wormbase.ID
Jun-25-2024-15:34:11,whole_genome_v2_nov-11-2021.csv,Wormbase.ID
Oct-30-2023-15:18:10,whole_genome_v2_nov-11-2021.csv,Wormbase.ID
May-17-2024-17:07:32,whole_genome_v2_nov-11-2021.csv,Wormbase.ID
Feb-17-2024-16:50:07,whole_genome_v2_nov-11-2021.csv,Wormbase.ID
Mar-14-2024-14:05:29,whole_genome_v2_nov-11-2021.csv,Wormbase.ID
Mar-25-2024-07:26:47,whole_genome_v2_nov-11-2021.csv,Sequence.ID
Mar-15-2024-18:53:24,whole_genome_v2_nov-11-2021.csv,Wormbase.ID
Jan-08-2024-06:24:04,whole_genome_v2_nov-11-2021.csv,Wormbase.ID
May-05-2024-17:14:43,whole_genome_v2_nov-11-2021.csv,Wormbase.ID
Jan-12-2024-21:01:48,whole_genome_v2_nov-11-2021.csv,Wormbase.ID
Apr-23-2024-20:38:25,whole_genome_v2_nov-11-2021.csv,Sequence.ID
Aug-28-2024-01:15:46,whole_genome_v2_nov-11-2021.csv,Wormbase.ID
Dec-12-2023-16:36:28,whole_genome_v2_nov-11-2021.csv,Wormbase.ID
Mar-06-2024-14:44:17,whole_genome_v2_nov-11-2021.csv,Wormbase.ID
Mar-06-2024-14:43:59,whole_genome_v2_nov-11-2021.csv,Wormbase.ID
Mar-06-2024-14:43:51,whole_genome_v2_nov-11-2021.csv,Wormbase.ID
Mar-06-2024-14:44:08,whole_genome_v2_nov-11-2021.csv,Wormbase.ID
Sep-04-2024-14:39:42,whole_genome_v2_nov-11-2021.csv,Sequence.ID
Jan-11-2024-19:22:50,whole_genome_v2_nov-11-2021.csv,Wormbase.ID
Mar-02-2024-00:10:59,whole_genome_v2_nov-11-2021.csv,Wormbase.ID
Sep-02-2023-16:10:42,whole_genome_v2_nov-11-2021.csv,Sequence.ID
Nov-24-2023-21:15:02,whole_genome_v2_nov-11-2021.csv,Sequence.ID
Jun-04-2024-09:45:26,whole_genome_v2_nov-11-2021.csv,Wormbase.ID
May-13-2024-18:58:42,whole_genome_v2_nov-11-2021.csv,Sequence.ID
Jun-04-2024-20:20:51,whole_genome_v2_nov-11-2021.csv,Wormbase.ID
Mar-29-2024-22:42:31,whole_genome_v2_nov-11-2021.csv,Wormbase.ID
Nov-14-2023-15:53:18,whole_genome_v2_nov-11-2021.csv,Wormbase.ID
Mar-11-2024-05:31:40,whole_genome_v2_nov-11-2021.csv,Wormbase.ID
Nov-16-2023-16:50:13,whole_genome_v2_nov-11-2021.csv,Wormbase.ID
Apr-17-2024-11:55:35,whole_genome_v2_nov-11-2021.csv,Wormbase.ID
Feb-07-2024-19:39:04,whole_genome_v2_nov-11-2021.csv,Wormbase.ID
Jan-26-2024-09:23:07,whole_genome_v2_nov-11-2021.csv,Wormbase.ID
Feb-08-2024-23:40:50,whole_genome_v2_nov-11-2021.csv,Wormbase.ID
Dec-11-2023-09:20:28,whole_genome_v2_nov-11-2021.csv,Wormbase.ID
Nov-14-2023-03:52:04,whole_genome_v2_nov-11-2021.csv,Wormbase.ID
Jan-02-2024-16:34:05,whole_genome_v2_nov-11-2021.csv,Wormbase.ID
Dec-16-2023-15:51:46,whole_genome_v2_nov-11-2021.csv,Wormbase.ID
Feb-05-2024-12:01:36,whole_genome_v2_nov-11-2021.csv,Sequence.ID
Aug-28-2023-19:13:12,whole_genome_v2_nov-11-2021.csv,Wormbase.ID
May-22-2024-13:25:19,whole_genome_v2_nov-11-2021.csv,Wormbase.ID
Oct-04-2023-23:28:45,whole_genome_v2_nov-11-2021.csv,Wormbase.ID
Jan-15-2024-06:08:52,whole_genome_v2_nov-11-2021.csv,Wormbase.ID
Jul-01-2024-22:54:13,whole_genome_v2_nov-11-2021.csv,Wormbase.ID
Jan-21-2024-15:46:09,whole_genome_v2_nov-11-2021.csv,Wormbase.ID
May-15-2024-20:42:49,whole_genome_v2_nov-11-2021.csv,Wormbase.ID
Jun-13-2024-21:54:02,whole_genome_v2_nov-11-2021.csv,Wormbase.ID
Sep-18-2023-16:37:09,whole_genome_v2_nov-11-2021.csv,Wormbase.ID
Jul-15-2024-13:13:36,whole_genome_v1_jul-03-2019.csv,Wormbase.ID
Oct-05-2023-03:31:13,whole_genome_v2_nov-11-2021.csv,Sequence.ID
Oct-05-2023-13:28:43,whole_genome_v2_nov-11-2021.csv,Wormbase.ID
Mar-23-2024-15:36:32,whole_genome_v2_nov-11-2021.csv,Wormbase.ID
Feb-17-2024-16:40:53,whole_genome_v2_nov-11-2021.csv,Wormbase.ID
Apr-01-2024-22:06:52,whole_genome_v2_nov-11-2021.csv,Wormbase.ID
Feb-22-2024-23:56:57,whole_genome_v2_nov-11-2021.csv,Wormbase.ID
Sep-15-2024-00:46:16,whole_genome_v2_nov-11-2021.csv,Wormbase.ID
Nov-24-2023-09:15:29,whole_genome_v2_nov-11-2021.csv,Wormbase.ID
Feb-27-2024-10:08:18,whole_genome_v2_nov-11-2021.csv,Wormbase.ID
Jul-19-2024-12:17:19,whole_genome_v2_nov-11-2021.csv,Wormbase.ID
Apr-20-2024-00:35:51,whole_genome_v2_nov-11-2021.csv,Wormbase.ID
Jan-26-2024-14:45:51,whole_genome_v2_nov-11-2021.csv,Wormbase.ID
Jun-14-2024-20:08:54,whole_genome_v2_nov-11-2021.csv,Wormbase.ID
Jun-15-2024-16:13:18,whole_genome_v2_nov-11-2021.csv,Wormbase.ID
Apr-16-2024-07:28:08,whole_genome_v2_nov-11-2021.csv,Wormbase.ID
Jan-23-2024-14:12:44,whole_genome_v2_nov-11-2021.csv,Sequence.ID
Aug-28-2023-17:43:39,whole_genome_v2_nov-11-2021.csv,Wormbase.ID
Jun-26-2024-02:28:49,whole_genome_v2_nov-11-2021.csv,Wormbase.ID
May-14-2024-22:59:50,whole_genome_v2_nov-11-2021.csv,Wormbase.ID
Jul-19-2024-17:29:56,whole_genome_v2_nov-11-2021.csv,Wormbase.ID
Jul-24-2024-16:21:54,whole_genome_v2_nov-11-2021.csv,Wormbase.ID
Sep-20-2023-17:11:31,whole_genome_v2_nov-11-2021.csv,Wormbase.ID
Nov-16-2023-16:55:41,whole_genome_v2_nov-11-2021.csv,Wormbase.ID
Dec-24-2023-01:40:33,whole_genome_v2_nov-11-2021.csv,Wormbase.ID
Mar-25-2024-16:14:35,whole_genome_v2_nov-11-2021.csv,Wormbase.ID
Aug-23-2023-02:17:18,whole_genome_v2_nov-11-2021.csv,Wormbase.ID
Jul-09-2024-14:36:15,whole_genome_v2_nov-11-2021.csv,Wormbase.ID
Feb-09-2024-14:35:01,whole_genome_v2_nov-11-2021.csv,Sequence.ID
Sep-19-2024-08:55:38,whole_genome_v2_nov-11-2021.csv,Wormbase.ID
Oct-04-2023-17:54:23,whole_genome_v2_nov-11-2021.csv,Sequence.ID
Feb-16-2024-15:42:14,whole_genome_v2_nov-11-2021.csv,Sequence.ID
Aug-27-2024-18:04:43,whole_genome_v2_nov-11-2021.csv,Wormbase.ID
Apr-16-2024-05:32:45,whole_genome_v2_nov-11-2021.csv,Wormbase.ID
Apr-30-2024-14:40:18,whole_genome_v2_nov-11-2021.csv,Wormbase.ID
Sep-27-2023-16:13:48,whole_genome_v2_nov-11-2021.csv,Wormbase.ID
Oct-15-2023-04:18:06,whole_genome_v2_nov-11-2021.csv,Sequence.ID
Dec-19-2023-03:42:24,whole_genome_v2_nov-11-2021.csv,Wormbase.ID
Feb-12-2024-23:25:48,whole_genome_v2_nov-11-2021.csv,Wormbase.ID
Jul-25-2024-20:03:12,whole_genome_v2_nov-11-2021.csv,Wormbase.ID
Aug-09-2024-07:39:49,whole_genome_v2_nov-11-2021.csv,Wormbase.ID
Aug-29-2024-01:32:44,whole_genome_v2_nov-11-2021.csv,Sequence.ID
Dec-27-2023-05:08:02,whole_genome_v2_nov-11-2021.csv,Wormbase.ID
Apr-11-2024-18:18:34,whole_genome_v2_nov-11-2021.csv,Wormbase.ID
Feb-08-2024-01:27:04,whole_genome_v2_nov-11-2021.csv,Wormbase.ID
Oct-03-2023-20:53:12,whole_genome_v2_nov-11-2021.csv,Wormbase.ID
Jan-26-2024-17:36:55,whole_genome_v2_nov-11-2021.csv,Wormbase.ID
Jan-12-2024-18:01:17,whole_genome_v2_nov-11-2021.csv,Wormbase.ID
Sep-19-2023-17:41:16,whole_genome_v2_nov-11-2021.csv,Wormbase.ID
Mar-07-2024-17:12:10,whole_genome_v2_nov-11-2021.csv,Wormbase.ID
Oct-06-2024-22:47:30,whole_genome_v2_nov-11-2021.csv,Wormbase.ID
Aug-13-2024-04:10:42,whole_genome_v2_nov-11-2021.csv,Wormbase.ID
May-14-2024-20:09:06,whole_genome_v2_nov-11-2021.csv,Wormbase.ID
Jul-25-2024-08:56:10,whole_genome_v2_nov-11-2021.csv,Sequence.ID
Feb-21-2024-02:07:14,whole_genome_v2_nov-11-2021.csv,Wormbase.ID
Jun-04-2024-12:46:48,whole_genome_v2_nov-11-2021.csv,Wormbase.ID
Oct-04-2024-14:25:39,whole_genome_v2_nov-11-2021.csv,Wormbase.ID
Aug-28-2024-17:39:12,whole_genome_v2_nov-11-2021.csv,Wormbase.ID
Aug-14-2024-18:32:21,whole_genome_v2_nov-11-2021.csv,Wormbase.ID
Aug-28-2024-18:24:06,whole_genome_v2_nov-11-2021.csv,Wormbase.ID
Feb-22-2024-02:22:27,whole_genome_v2_nov-11-2021.csv,Wormbase.ID
Aug-13-2023-02:38:15,whole_genome_v2_nov-11-2021.csv,Wormbase.ID
Jan-08-2024-06:30:58,whole_genome_v2_nov-11-2021.csv,Wormbase.ID
Oct-02-2023-05:51:35,whole_genome_v2_nov-11-2021.csv,Wormbase.ID
Aug-19-2024-13:27:28,whole_genome_v2_nov-11-2021.csv,Wormbase.ID
Mar-25-2024-00:50:40,whole_genome_v2_nov-11-2021.csv,Wormbase.ID
Dec-13-2023-23:08:48,whole_genome_v2_nov-11-2021.csv,Sequence.ID
Mar-07-2024-15:42:13,whole_genome_v2_nov-11-2021.csv,Wormbase.ID
Feb-29-2024-09:45:24,whole_genome_v2_nov-11-2021.csv,Sequence.ID
Oct-04-2023-23:31:50,whole_genome_v2_nov-11-2021.csv,Wormbase.ID
Sep-14-2023-22:25:51,whole_genome_v2_nov-11-2021.csv,Sequence.ID
Feb-15-2024-17:18:38,whole_genome_v2_nov-11-2021.csv,Wormbase.ID
Jun-12-2024-17:47:43,whole_genome_v2_nov-11-2021.csv,Wormbase.ID
Sep-19-2023-14:38:01,whole_genome_v2_nov-11-2021.csv,Wormbase.ID
Aug-28-2023-14:43:26,whole_genome_v2_nov-11-2021.csv,Wormbase.ID
Dec-28-2023-01:10:03,whole_genome_v2_nov-11-2021.csv,Wormbase.ID
Feb-14-2024-04:13:47,whole_genome_v2_nov-11-2021.csv,Wormbase.ID
Jun-14-2024-10:40:17,whole_genome_v2_nov-11-2021.csv,Wormbase.ID
Jul-24-2024-08:31:04,whole_genome_v2_nov-11-2021.csv,Wormbase.ID
Jul-17-2024-17:28:45,whole_genome_v2_nov-11-2021.csv,Wormbase.ID
Aug-17-2023-20:41:01,whole_genome_v2_nov-11-2021.csv,Wormbase.ID
May-23-2024-10:57:53,whole_genome_v2_nov-11-2021.csv,Wormbase.ID
Mar-25-2024-07:21:31,whole_genome_v2_nov-11-2021.csv,Sequence.ID
Aug-28-2023-19:39:40,whole_genome_v2_nov-11-2021.csv,Wormbase.ID
Oct-11-2023-14:56:28,whole_genome_v2_nov-11-2021.csv,Wormbase.ID
Aug-28-2024-17:21:03,whole_genome_v2_nov-11-2021.csv,Wormbase.ID
Sep-18-2023-17:10:50,whole_genome_v2_nov-11-2021.csv,Sequence.ID
Oct-19-2023-14:12:50,whole_genome_v2_nov-11-2021.csv,Sequence.ID
Oct-10-2024-16:52:24,whole_genome_v2_nov-11-2021.csv,Wormbase.ID
Aug-11-2023-02:54:06,whole_genome_v2_nov-11-2021.csv,Wormbase.ID
Aug-25-2023-03:59:19,whole_genome_v2_nov-11-2021.csv,Wormbase.ID
Mar-17-2024-07:57:29,whole_genome_v2_nov-11-2021.csv,Wormbase.ID
Dec-27-2023-17:49:33,whole_genome_v2_nov-11-2021.csv,Wormbase.ID
Mar-21-2024-16:51:31,whole_genome_v2_nov-11-2021.csv,Wormbase.ID
Jul-25-2024-08:57:11,whole_genome_v2_nov-11-2021.csv,Sequence.ID
Feb-18-2024-19:36:48,whole_genome_v2_nov-11-2021.csv,Wormbase.ID
Oct-24-2023-13:43:56,whole_genome_v2_nov-11-2021.csv,Wormbase.ID
Oct-24-2023-07:47:52,whole_genome_v2_nov-11-2021.csv,Sequence.ID
Sep-22-2023-18:36:33,whole_genome_v2_nov-11-2021.csv,Wormbase.ID
Apr-02-2024-12:11:01,whole_genome_v2_nov-11-2021.csv,Wormbase.ID
Apr-01-2024-00:03:02,whole_genome_v2_nov-11-2021.csv,Sequence.ID
Oct-01-2024-18:20:55,whole_genome_v2_nov-11-2021.csv,Wormbase.ID
Apr-23-2024-00:15:22,whole_genome_v2_nov-11-2021.csv,Sequence.ID
May-28-2024-17:50:45,whole_genome_v2_nov-11-2021.csv,Wormbase.ID
Jul-28-2024-17:54:30,whole_genome_v2_nov-11-2021.csv,Wormbase.ID
Sep-24-2024-11:09:25,whole_genome_v2_nov-11-2021.csv,Wormbase.ID
Apr-19-2024-15:49:08,whole_genome_v2_nov-11-2021.csv,Wormbase.ID
Jun-18-2024-20:50:47,whole_genome_v2_nov-11-2021.csv,Wormbase.ID
Feb-16-2024-16:12:43,whole_genome_v2_nov-11-2021.csv,Sequence.ID
Oct-10-2023-14:49:23,whole_genome_v2_nov-11-2021.csv,Wormbase.ID
Sep-15-2023-23:44:45,whole_genome_v2_nov-11-2021.csv,Wormbase.ID
Jan-06-2024-00:00:30,whole_genome_v2_nov-11-2021.csv,Wormbase.ID
Jun-12-2024-18:00:57,whole_genome_v2_nov-11-2021.csv,Sequence.ID
Jan-05-2024-19:00:49,whole_genome_v2_nov-11-2021.csv,Wormbase.ID
Feb-26-2024-20:41:42,whole_genome_v2_nov-11-2021.csv,Wormbase.ID
Apr-18-2024-08:39:37,whole_genome_v2_nov-11-2021.csv,Wormbase.ID
Jul-23-2024-13:15:17,whole_genome_v2_nov-11-2021.csv,Wormbase.ID
Aug-06-2024-09:53:31,whole_genome_v2_nov-11-2021.csv,Wormbase.ID
Aug-05-2024-03:01:07,whole_genome_v2_nov-11-2021.csv,Wormbase.ID
Aug-05-2024-03:00:57,whole_genome_v2_nov-11-2021.csv,Wormbase.ID
Aug-28-2024-17:41:45,whole_genome_v2_nov-11-2021.csv,Wormbase.ID
Apr-30-2024-02:18:53,whole_genome_v2_nov-11-2021.csv,Wormbase.ID
Apr-11-2024-20:18:26,whole_genome_v2_nov-11-2021.csv,Wormbase.ID
Sep-13-2024-15:43:23,whole_genome_v2_nov-11-2021.csv,Wormbase.ID
Oct-19-2023-16:58:44,whole_genome_v2_nov-11-2021.csv,Wormbase.ID
Mar-07-2024-00:39:49,whole_genome_v2_nov-11-2021.csv,Wormbase.ID
May-27-2024-14:25:41,whole_genome_v2_nov-11-2021.csv,Wormbase.ID
Aug-28-2024-17:27:26,whole_genome_v2_nov-11-2021.csv,Wormbase.ID
Sep-06-2023-02:40:10,whole_genome_v2_nov-11-2021.csv,Wormbase.ID
Aug-28-2024-17:28:40,whole_genome_v2_nov-11-2021.csv,Wormbase.ID
Mar-01-2024-17:09:19,ORF_only_v2_nov-11-2021.csv,Wormbase.ID
Apr-05-2024-04:25:13,whole_genome_v2_nov-11-2021.csv,Sequence.ID
Aug-21-2023-13:55:34,whole_genome_v2_nov-11-2021.csv,Wormbase.ID
Apr-18-2024-21:40:43,whole_genome_v2_nov-11-2021.csv,Wormbase.ID
Apr-18-2024-21:40:27,whole_genome_v2_nov-11-2021.csv,Wormbase.ID
Apr-18-2024-21:40:51,whole_genome_v2_nov-11-2021.csv,Wormbase.ID
Apr-18-2024-21:40:35,whole_genome_v2_nov-11-2021.csv,Wormbase.ID
Dec-13-2023-03:14:37,whole_genome_v2_nov-11-2021.csv,Sequence.ID
Jul-02-2024-19:41:32,whole_genome_v2_nov-11-2021.csv,Wormbase.ID
Jul-02-2024-19:40:38,whole_genome_v2_nov-11-2021.csv,Wormbase.ID
Jul-02-2024-19:41:50,whole_genome_v2_nov-11-2021.csv,Wormbase.ID
Jul-02-2024-19:41:41,whole_genome_v2_nov-11-2021.csv,Wormbase.ID
Jul-02-2024-19:42:08,whole_genome_v2_nov-11-2021.csv,Wormbase.ID
Jul-02-2024-19:41:05,whole_genome_v2_nov-11-2021.csv,Wormbase.ID
Jul-02-2024-19:41:23,whole_genome_v2_nov-11-2021.csv,Wormbase.ID
Jul-02-2024-19:41:59,whole_genome_v2_nov-11-2021.csv,Wormbase.ID
Jul-02-2024-19:40:47,whole_genome_v2_nov-11-2021.csv,Wormbase.ID
Jul-02-2024-19:40:56,whole_genome_v2_nov-11-2021.csv,Wormbase.ID
Jul-02-2024-19:41:14,whole_genome_v2_nov-11-2021.csv,Wormbase.ID
Jul-02-2024-19:42:17,whole_genome_v2_nov-11-2021.csv,Wormbase.ID
Sep-18-2023-17:12:23,whole_genome_v2_nov-11-2021.csv,Wormbase.ID
May-30-2024-14:31:22,whole_genome_v2_nov-11-2021.csv,Sequence.ID
Sep-18-2023-19:18:56,whole_genome_v2_nov-11-2021.csv,Wormbase.ID
Nov-20-2023-03:39:27,whole_genome_v2_nov-11-2021.csv,Sequence.ID
May-12-2024-17:36:25,whole_genome_v2_nov-11-2021.csv,Wormbase.ID
Sep-18-2023-18:00:41,whole_genome_v2_nov-11-2021.csv,Sequence.ID
Nov-09-2023-19:01:07,whole_genome_v2_nov-11-2021.csv,Wormbase.ID
Jul-21-2024-21:22:36,whole_genome_v2_nov-11-2021.csv,Wormbase.ID
Apr-01-2024-11:37:02,whole_genome_v2_nov-11-2021.csv,Wormbase.ID
Sep-13-2024-13:40:42,whole_genome_v2_nov-11-2021.csv,Wormbase.ID
Dec-28-2023-02:10:20,whole_genome_v2_nov-11-2021.csv,Wormbase.ID
Jan-30-2024-20:34:03,whole_genome_v2_nov-11-2021.csv,Wormbase.ID
Feb-20-2024-03:31:31,whole_genome_v2_nov-11-2021.csv,Sequence.ID
Feb-15-2024-12:17:20,whole_genome_v2_nov-11-2021.csv,Sequence.ID
Sep-14-2023-16:25:20,whole_genome_v2_nov-11-2021.csv,Wormbase.ID
Mar-22-2024-09:50:24,whole_genome_v2_nov-11-2021.csv,Sequence.ID
Nov-17-2023-15:01:13,whole_genome_v2_nov-11-2021.csv,Wormbase.ID
Jan-25-2024-12:01:42,whole_genome_v2_nov-11-2021.csv,Wormbase.ID
Aug-08-2023-02:27:42,whole_genome_v2_nov-11-2021.csv,Wormbase.ID
Aug-07-2023-21:37:46,whole_genome_v2_nov-11-2021.csv,Wormbase.ID
Apr-17-2024-18:16:14,whole_genome_v2_nov-11-2021.csv,Wormbase.ID
Apr-18-2024-22:47:55,whole_genome_v2_nov-11-2021.csv,Wormbase.ID
Dec-31-2023-11:27:35,whole_genome_v2_nov-11-2021.csv,Wormbase.ID
Mar-28-2024-14:37:58,whole_genome_v2_nov-11-2021.csv,Sequence.ID
Sep-23-2023-18:39:20,whole_genome_v2_nov-11-2021.csv,Wormbase.ID
Dec-27-2023-04:04:40,whole_genome_v2_nov-11-2021.csv,Wormbase.ID
Mar-02-2024-00:30:57,whole_genome_v2_nov-11-2021.csv,Wormbase.ID
Jan-05-2024-17:00:29,whole_genome_v2_nov-11-2021.csv,Wormbase.ID
Sep-11-2024-16:55:13,whole_genome_v2_nov-11-2021.csv,Sequence.ID
Aug-27-2023-15:51:35,whole_genome_v2_nov-11-2021.csv,Wormbase.ID
Jun-03-2024-11:25:01,whole_genome_v2_nov-11-2021.csv,Sequence.ID
Sep-27-2024-19:53:30,whole_genome_v2_nov-11-2021.csv,Sequence.ID
Oct-10-2024-15:28:09,whole_genome_v2_nov-11-2021.csv,Wormbase.ID
Sep-11-2024-19:37:13,whole_genome_v2_nov-11-2021.csv,Wormbase.ID
Aug-20-2023-19:14:55,whole_genome_v2_nov-11-2021.csv,Wormbase.ID
Jul-29-2024-10:40:56,whole_genome_v2_nov-11-2021.csv,Wormbase.ID
Jul-22-2024-17:08:51,whole_genome_v2_nov-11-2021.csv,Wormbase.ID
Aug-27-2024-07:17:19,whole_genome_v2_nov-11-2021.csv,Wormbase.ID
Apr-12-2024-05:30:55,whole_genome_v2_nov-11-2021.csv,Wormbase.ID
Jul-18-2024-18:48:59,whole_genome_v2_nov-11-2021.csv,Sequence.ID
Sep-25-2024-11:50:43,whole_genome_v2_nov-11-2021.csv,Wormbase.ID
Jul-08-2024-13:20:46,whole_genome_v2_nov-11-2021.csv,Sequence.ID
Jun-04-2024-12:52:41,whole_genome_v2_nov-11-2021.csv,Wormbase.ID
Aug-14-2023-15:24:57,whole_genome_v2_nov-11-2021.csv,Sequence.ID
Nov-02-2023-14:43:34,whole_genome_v2_nov-11-2021.csv,Wormbase.ID
Apr-17-2024-19:12:39,whole_genome_v2_nov-11-2021.csv,Wormbase.ID
Sep-19-2023-18:40:40,whole_genome_v2_nov-11-2021.csv,Wormbase.ID
Jul-21-2024-18:39:02,whole_genome_v2_nov-11-2021.csv,Wormbase.ID
Apr-29-2024-01:15:45,whole_genome_v2_nov-11-2021.csv,Wormbase.ID
Oct-12-2023-05:56:21,whole_genome_v2_nov-11-2021.csv,Wormbase.ID
Aug-26-2023-09:59:54,whole_genome_v2_nov-11-2021.csv,Wormbase.ID
Aug-06-2024-14:12:52,whole_genome_v2_nov-11-2021.csv,Wormbase.ID
Dec-09-2023-19:39:26,whole_genome_v2_nov-11-2021.csv,Sequence.ID
Apr-05-2024-16:00:22,whole_genome_v2_nov-11-2021.csv,Wormbase.ID
Apr-29-2024-04:43:01,whole_genome_v2_nov-11-2021.csv,Wormbase.ID
Nov-30-2023-00:41:59,whole_genome_v2_nov-11-2021.csv,Wormbase.ID
Sep-05-2024-13:30:50,whole_genome_v2_nov-11-2021.csv,Sequence.ID
Feb-09-2024-00:11:47,whole_genome_v2_nov-11-2021.csv,Wormbase.ID
Jul-24-2024-17:29:07,whole_genome_v2_nov-11-2021.csv,Wormbase.ID
Oct-23-2023-08:05:13,whole_genome_v2_nov-11-2021.csv,Wormbase.ID
Sep-10-2024-19:26:07,whole_genome_v2_nov-11-2021.csv,Wormbase.ID
Nov-15-2023-23:01:11,whole_genome_v2_nov-11-2021.csv,Wormbase.ID
Sep-28-2024-18:05:03,whole_genome_v2_nov-11-2021.csv,Sequence.ID
Sep-18-2023-17:23:34,whole_genome_v2_nov-11-2021.csv,Wormbase.ID
Jul-02-2024-20:34:00,whole_genome_v2_nov-11-2021.csv,Wormbase.ID
Oct-03-2023-14:04:36,whole_genome_v2_nov-11-2021.csv,Wormbase.ID
Aug-29-2024-06:56:55,whole_genome_v2_nov-11-2021.csv,Sequence.ID
Oct-10-2024-17:00:07,whole_genome_v2_nov-11-2021.csv,Wormbase.ID
Jan-30-2024-02:34:10,whole_genome_v2_nov-11-2021.csv,Wormbase.ID
Feb-28-2024-03:25:50,whole_genome_v2_nov-11-2021.csv,Wormbase.ID
Oct-20-2023-21:59:52,whole_genome_v2_nov-11-2021.csv,Wormbase.ID
Oct-04-2023-14:11:34,whole_genome_v2_nov-11-2021.csv,Wormbase.ID
Dec-13-2023-07:30:54,whole_genome_v2_nov-11-2021.csv,Wormbase.ID
Nov-13-2023-10:25:49,whole_genome_v2_nov-11-2021.csv,Wormbase.ID
Aug-15-2023-00:17:37,whole_genome_v2_nov-11-2021.csv,Sequence.ID
Jan-12-2024-13:05:46,whole_genome_v2_nov-11-2021.csv,Wormbase.ID
Jun-04-2024-12:45:37,whole_genome_v2_nov-11-2021.csv,Wormbase.ID
Feb-14-2024-21:12:57,whole_genome_v2_nov-11-2021.csv,Wormbase.ID
Dec-31-2023-02:03:56,whole_genome_v2_nov-11-2021.csv,Wormbase.ID
Oct-31-2023-07:52:46,whole_genome_v2_nov-11-2021.csv,Wormbase.ID
Aug-29-2024-20:12:07,whole_genome_v2_nov-11-2021.csv,Wormbase.ID
Feb-15-2024-10:31:37,whole_genome_v2_nov-11-2021.csv,Wormbase.ID
Feb-16-2024-15:31:43,whole_genome_v2_nov-11-2021.csv,Sequence.ID
Dec-05-2023-02:37:40,whole_genome_v2_nov-11-2021.csv,Wormbase.ID
Jul-10-2024-07:32:30,whole_genome_v2_nov-11-2021.csv,Sequence.ID
Jan-01-2024-20:10:40,whole_genome_v2_nov-11-2021.csv,Wormbase.ID
Oct-04-2023-15:41:32,whole_genome_v2_nov-11-2021.csv,Wormbase.ID
Nov-15-2023-01:14:59,whole_genome_v2_nov-11-2021.csv,Sequence.ID
Apr-21-2024-20:49:08,whole_genome_v2_nov-11-2021.csv,Wormbase.ID
Sep-27-2023-20:30:56,whole_genome_v2_nov-11-2021.csv,Wormbase.ID
Feb-07-2024-12:12:05,whole_genome_v2_nov-11-2021.csv,Wormbase.ID
Nov-03-2023-13:43:43,whole_genome_v2_nov-11-2021.csv,Wormbase.ID
Sep-18-2023-17:24:05,whole_genome_v2_nov-11-2021.csv,Sequence.ID
Mar-10-2024-00:00:18,ahringer_v1_jan-02-2019.csv,Wormbase.ID
Jan-26-2024-15:19:01,whole_genome_v2_nov-11-2021.csv,Wormbase.ID
Aug-20-2024-17:11:50,whole_genome_v2_nov-11-2021.csv,Wormbase.ID
Oct-02-2023-12:32:41,whole_genome_v2_nov-11-2021.csv,Wormbase.ID
Oct-02-2023-22:26:02,whole_genome_v2_nov-11-2021.csv,Sequence.ID
Feb-14-2024-14:39:06,whole_genome_v2_nov-11-2021.csv,Wormbase.ID
Oct-02-2024-18:47:01,whole_genome_v2_nov-11-2021.csv,Wormbase.ID
Jul-28-2024-01:14:38,whole_genome_v2_nov-11-2021.csv,Wormbase.ID
Jun-19-2024-17:31:32,whole_genome_v2_nov-11-2021.csv,Wormbase.ID
Aug-27-2024-17:50:11,whole_genome_v2_nov-11-2021.csv,Wormbase.ID
Aug-28-2024-17:26:23,whole_genome_v2_nov-11-2021.csv,Wormbase.ID
Aug-28-2023-16:06:45,whole_genome_v2_nov-11-2021.csv,Wormbase.ID
Mar-11-2024-05:29:54,whole_genome_v2_nov-11-2021.csv,Wormbase.ID
Sep-16-2023-23:12:47,whole_genome_v2_nov-11-2021.csv,Wormbase.ID
Nov-09-2023-21:39:00,whole_genome_v2_nov-11-2021.csv,Wormbase.ID
Jul-28-2024-17:19:30,whole_genome_v2_nov-11-2021.csv,Wormbase.ID
Feb-27-2024-18:58:41,whole_genome_v2_nov-11-2021.csv,Wormbase.ID
Sep-22-2023-15:01:13,whole_genome_v2_nov-11-2021.csv,Wormbase.ID
Aug-07-2023-23:07:28,whole_genome_v2_nov-11-2021.csv,Wormbase.ID
Sep-30-2024-05:48:11,whole_genome_v2_nov-11-2021.csv,Wormbase.ID
Jun-04-2024-12:55:09,whole_genome_v2_nov-11-2021.csv,Wormbase.ID
Mar-10-2024-22:55:37,whole_genome_v2_nov-11-2021.csv,Wormbase.ID
Jul-21-2024-21:20:36,whole_genome_v2_nov-11-2021.csv,Wormbase.ID
Aug-14-2023-00:08:22,whole_genome_v2_nov-11-2021.csv,Wormbase.ID
Dec-18-2023-20:14:39,whole_genome_v2_nov-11-2021.csv,Wormbase.ID
Jul-24-2024-19:18:43,whole_genome_v2_nov-11-2021.csv,Wormbase.ID
May-25-2024-09:35:20,whole_genome_v2_nov-11-2021.csv,Wormbase.ID
Sep-20-2023-11:50:38,whole_genome_v2_nov-11-2021.csv,Sequence.ID
Feb-27-2024-10:18:29,whole_genome_v2_nov-11-2021.csv,Wormbase.ID
Jun-26-2024-17:37:22,whole_genome_v2_nov-11-2021.csv,Wormbase.ID
Feb-03-2024-18:43:32,whole_genome_v2_nov-11-2021.csv,Sequence.ID
Jul-09-2024-15:47:50,whole_genome_v2_nov-11-2021.csv,Wormbase.ID
Aug-31-2023-06:57:11,whole_genome_v2_nov-11-2021.csv,Wormbase.ID
Feb-27-2024-18:08:50,ahringer_v2_nov-11-2021.csv,Wormbase.ID
May-23-2024-18:30:35,whole_genome_v2_nov-11-2021.csv,Wormbase.ID
May-17-2024-17:29:26,whole_genome_v2_nov-11-2021.csv,Wormbase.ID
Sep-18-2023-18:45:33,whole_genome_v2_nov-11-2021.csv,Wormbase.ID
Mar-12-2024-12:46:41,whole_genome_v2_nov-11-2021.csv,Wormbase.ID
Aug-15-2023-18:46:49,whole_genome_v2_nov-11-2021.csv,Wormbase.ID
Jun-04-2024-19:48:37,whole_genome_v2_nov-11-2021.csv,Wormbase.ID
Dec-19-2023-06:33:58,whole_genome_v2_nov-11-2021.csv,Sequence.ID
Jul-26-2024-18:15:21,whole_genome_v2_nov-11-2021.csv,Wormbase.ID
Aug-28-2024-17:46:31,whole_genome_v2_nov-11-2021.csv,Wormbase.ID
Feb-22-2024-15:18:43,whole_genome_v2_nov-11-2021.csv,Sequence.ID
Apr-19-2024-01:03:47,whole_genome_v2_nov-11-2021.csv,Wormbase.ID
Feb-21-2024-02:00:29,whole_genome_v2_nov-11-2021.csv,Wormbase.ID
Sep-19-2023-22:13:18,whole_genome_v2_nov-11-2021.csv,Wormbase.ID
Sep-18-2023-17:49:14,whole_genome_v2_nov-11-2021.csv,Wormbase.ID
Nov-30-2023-00:50:23,whole_genome_v2_nov-11-2021.csv,Wormbase.ID
Aug-27-2023-13:51:13,whole_genome_v2_nov-11-2021.csv,Wormbase.ID
Oct-30-2023-19:26:37,whole_genome_v2_nov-11-2021.csv,Wormbase.ID
Jul-10-2024-21:59:52,whole_genome_v2_nov-11-2021.csv,Wormbase.ID
Aug-05-2024-03:08:26,whole_genome_v2_nov-11-2021.csv,Sequence.ID
Aug-14-2023-00:01:52,whole_genome_v2_nov-11-2021.csv,Wormbase.ID
Aug-12-2023-13:24:28,whole_genome_v2_nov-11-2021.csv,Wormbase.ID
Feb-16-2024-14:51:18,whole_genome_v2_nov-11-2021.csv,Sequence.ID
Jan-11-2024-19:22:00,whole_genome_v2_nov-11-2021.csv,Wormbase.ID
Oct-08-2024-02:56:09,whole_genome_v2_nov-11-2021.csv,Sequence.ID
Feb-29-2024-14:43:38,whole_genome_v2_nov-11-2021.csv,Wormbase.ID
Oct-03-2024-13:10:20,whole_genome_v2_nov-11-2021.csv,Sequence.ID
Mar-07-2024-15:33:21,whole_genome_v2_nov-11-2021.csv,Wormbase.ID
Sep-18-2023-17:31:02,whole_genome_v2_nov-11-2021.csv,Wormbase.ID
Feb-14-2024-21:40:57,whole_genome_v2_nov-11-2021.csv,Wormbase.ID
Apr-16-2024-12:59:03,whole_genome_v2_nov-11-2021.csv,Wormbase.ID
Jan-12-2024-13:02:04,whole_genome_v2_nov-11-2021.csv,Wormbase.ID
Nov-08-2023-10:02:15,whole_genome_v2_nov-11-2021.csv,Sequence.ID
Oct-16-2024-06:30:05,whole_genome_v2_nov-11-2021.csv,Wormbase.ID
Aug-30-2024-08:46:48,whole_genome_v2_nov-11-2021.csv,Wormbase.ID
Aug-13-2023-23:24:44,whole_genome_v2_nov-11-2021.csv,Wormbase.ID
Feb-17-2024-13:18:37,whole_genome_v2_nov-11-2021.csv,Wormbase.ID
Dec-11-2023-20:14:27,whole_genome_v2_nov-11-2021.csv,Wormbase.ID
Apr-21-2024-14:11:55,whole_genome_v2_nov-11-2021.csv,Wormbase.ID
Apr-26-2024-22:48:03,whole_genome_v2_nov-11-2021.csv,Wormbase.ID
Oct-15-2024-21:13:43,whole_genome_v2_nov-11-2021.csv,Wormbase.ID
Feb-08-2024-16:20:03,whole_genome_v2_nov-11-2021.csv,Sequence.ID
Oct-18-2023-17:50:18,whole_genome_v2_nov-11-2021.csv,Wormbase.ID
Jul-28-2024-18:02:33,whole_genome_v2_nov-11-2021.csv,Wormbase.ID
Feb-08-2024-12:28:23,whole_genome_v2_nov-11-2021.csv,Sequence.ID
Jul-16-2024-15:10:13,whole_genome_v2_nov-11-2021.csv,Wormbase.ID
Nov-09-2023-08:14:57,whole_genome_v2_nov-11-2021.csv,Wormbase.ID
Nov-09-2023-08:14:50,whole_genome_v2_nov-11-2021.csv,Wormbase.ID
Nov-09-2023-08:14:42,whole_genome_v2_nov-11-2021.csv,Wormbase.ID
Nov-09-2023-08:15:05,whole_genome_v2_nov-11-2021.csv,Wormbase.ID
Oct-08-2024-12:57:03,whole_genome_v2_nov-11-2021.csv,Wormbase.ID
Nov-14-2023-16:36:48,whole_genome_v2_nov-11-2021.csv,Wormbase.ID
Aug-28-2023-00:25:47,whole_genome_v2_nov-11-2021.csv,Wormbase.ID
Aug-17-2024-18:35:25,whole_genome_v2_nov-11-2021.csv,Wormbase.ID
Oct-31-2023-03:59:14,whole_genome_v2_nov-11-2021.csv,Wormbase.ID
Apr-29-2024-18:43:15,whole_genome_v2_nov-11-2021.csv,Wormbase.ID
Aug-19-2024-06:57:43,whole_genome_v2_nov-11-2021.csv,Wormbase.ID
Apr-17-2024-19:19:19,whole_genome_v2_nov-11-2021.csv,Wormbase.ID
Sep-08-2023-15:02:04,whole_genome_v2_nov-11-2021.csv,Wormbase.ID
Feb-21-2024-20:09:54,whole_genome_v2_nov-11-2021.csv,Sequence.ID
Oct-10-2024-17:14:50,whole_genome_v2_nov-11-2021.csv,Wormbase.ID
Dec-30-2023-00:45:29,whole_genome_v2_nov-11-2021.csv,Wormbase.ID
Jun-30-2024-10:55:36,whole_genome_v2_nov-11-2021.csv,Sequence.ID
Sep-18-2023-17:14:59,whole_genome_v2_nov-11-2021.csv,Wormbase.ID
Mar-25-2024-01:48:24,whole_genome_v2_nov-11-2021.csv,Wormbase.ID
Dec-16-2023-15:46:05,whole_genome_v2_nov-11-2021.csv,Wormbase.ID
Jul-02-2024-20:43:06,whole_genome_v2_nov-11-2021.csv,Wormbase.ID
Sep-03-2024-21:06:57,whole_genome_v2_nov-11-2021.csv,Wormbase.ID
Apr-19-2024-15:43:20,whole_genome_v2_nov-11-2021.csv,Wormbase.ID
Oct-06-2023-00:39:02,whole_genome_v2_nov-11-2021.csv,Wormbase.ID
Oct-19-2023-17:46:30,whole_genome_v2_nov-11-2021.csv,Wormbase.ID
May-01-2024-18:47:18,whole_genome_v2_nov-11-2021.csv,Wormbase.ID
Sep-20-2023-17:51:53,whole_genome_v2_nov-11-2021.csv,Wormbase.ID
Mar-19-2024-10:24:42,whole_genome_v2_nov-11-2021.csv,Wormbase.ID
Apr-06-2024-16:20:35,whole_genome_v2_nov-11-2021.csv,Wormbase.ID
Oct-03-2023-20:54:19,whole_genome_v2_nov-11-2021.csv,Wormbase.ID
Sep-18-2023-17:13:15,whole_genome_v2_nov-11-2021.csv,Wormbase.ID
Sep-07-2023-08:43:22,whole_genome_v2_nov-11-2021.csv,Wormbase.ID
Feb-09-2024-14:40:47,whole_genome_v2_nov-11-2021.csv,Wormbase.ID
Jan-11-2024-16:28:27,whole_genome_v2_nov-11-2021.csv,Wormbase.ID
Jul-11-2024-07:17:03,whole_genome_v2_nov-11-2021.csv,Sequence.ID
Jul-21-2024-18:40:19,whole_genome_v2_nov-11-2021.csv,Wormbase.ID
May-14-2024-15:38:35,whole_genome_v2_nov-11-2021.csv,Wormbase.ID
Nov-30-2023-18:53:33,whole_genome_v2_nov-11-2021.csv,Wormbase.ID
Sep-18-2023-19:48:48,whole_genome_v2_nov-11-2021.csv,Wormbase.ID
Sep-14-2023-14:30:37,whole_genome_v2_nov-11-2021.csv,Wormbase.ID
Dec-14-2023-16:43:53,whole_genome_v2_nov-11-2021.csv,Wormbase.ID
Jul-25-2024-21:10:08,whole_genome_v2_nov-11-2021.csv,Wormbase.ID
Sep-18-2023-19:17:55,whole_genome_v2_nov-11-2021.csv,Wormbase.ID
Oct-24-2023-15:13:22,whole_genome_v2_nov-11-2021.csv,Wormbase.ID
Feb-29-2024-17:59:44,whole_genome_v2_nov-11-2021.csv,Wormbase.ID
Feb-22-2024-15:54:58,ORF_only_v2_nov-11-2021.csv,Wormbase.ID
Nov-13-2023-02:42:20,whole_genome_v2_nov-11-2021.csv,Sequence.ID
Sep-18-2023-17:25:03,whole_genome_v2_nov-11-2021.csv,Sequence.ID
Sep-29-2023-16:44:44,whole_genome_v2_nov-11-2021.csv,Wormbase.ID
Apr-08-2024-19:03:20,whole_genome_v2_nov-11-2021.csv,Wormbase.ID
Dec-13-2023-20:53:46,whole_genome_v2_nov-11-2021.csv,Wormbase.ID
Aug-12-2024-00:10:00,whole_genome_v2_nov-11-2021.csv,Wormbase.ID
Sep-13-2023-19:04:21,whole_genome_v2_nov-11-2021.csv,Wormbase.ID
Jan-31-2024-14:55:41,whole_genome_v2_nov-11-2021.csv,Wormbase.ID
May-09-2024-02:09:52,whole_genome_v2_nov-11-2021.csv,Wormbase.ID
Oct-01-2023-23:30:09,whole_genome_v2_nov-11-2021.csv,Wormbase.ID
Feb-27-2024-10:23:41,whole_genome_v2_nov-11-2021.csv,Wormbase.ID
Feb-29-2024-01:07:05,whole_genome_v2_nov-11-2021.csv,Wormbase.ID
Sep-01-2023-13:38:32,whole_genome_v2_nov-11-2021.csv,Sequence.ID
Nov-03-2023-18:59:12,whole_genome_v2_nov-11-2021.csv,Wormbase.ID
Apr-17-2024-15:47:27,whole_genome_v2_nov-11-2021.csv,Wormbase.ID
Sep-18-2023-17:28:20,whole_genome_v2_nov-11-2021.csv,Wormbase.ID
Feb-15-2024-11:22:18,whole_genome_v2_nov-11-2021.csv,Sequence.ID
Nov-13-2023-07:13:57,whole_genome_v2_nov-11-2021.csv,Wormbase.ID
Apr-22-2024-04:18:16,whole_genome_v2_nov-11-2021.csv,Sequence.ID
Feb-05-2024-19:53:32,whole_genome_v2_nov-11-2021.csv,Wormbase.ID
Aug-13-2024-15:04:27,whole_genome_v2_nov-11-2021.csv,Wormbase.ID
May-07-2024-19:15:28,whole_genome_v2_nov-11-2021.csv,Wormbase.ID
Aug-09-2023-19:40:34,whole_genome_v2_nov-11-2021.csv,Wormbase.ID
Feb-08-2024-12:32:37,whole_genome_v2_nov-11-2021.csv,Sequence.ID
Mar-20-2024-13:05:37,whole_genome_v2_nov-11-2021.csv,Sequence.ID
Oct-03-2024-11:14:47,whole_genome_v2_nov-11-2021.csv,Sequence.ID
May-03-2024-11:32:14,whole_genome_v2_nov-11-2021.csv,Sequence.ID
Apr-17-2024-13:36:56,whole_genome_v2_nov-11-2021.csv,Wormbase.ID
Jan-06-2024-00:01:24,whole_genome_v2_nov-11-2021.csv,Wormbase.ID
Aug-16-2023-20:21:28,whole_genome_v2_nov-11-2021.csv,Wormbase.ID
Feb-03-2024-17:50:39,whole_genome_v2_nov-11-2021.csv,Wormbase.ID
Aug-11-2023-15:12:59,whole_genome_v2_nov-11-2021.csv,Sequence.ID
Jan-12-2024-21:00:02,whole_genome_v2_nov-11-2021.csv,Wormbase.ID
Apr-26-2024-07:23:33,whole_genome_v2_nov-11-2021.csv,Wormbase.ID
Apr-17-2024-13:36:01,whole_genome_v2_nov-11-2021.csv,Wormbase.ID
Feb-14-2024-13:00:55,whole_genome_v2_nov-11-2021.csv,Sequence.ID
Sep-30-2024-14:19:55,whole_genome_v2_nov-11-2021.csv,Wormbase.ID
May-27-2024-13:19:45,whole_genome_v2_nov-11-2021.csv,Wormbase.ID
Aug-12-2024-17:27:50,whole_genome_v2_nov-11-2021.csv,Wormbase.ID
Aug-08-2023-23:24:03,whole_genome_v2_nov-11-2021.csv,Wormbase.ID
Apr-22-2024-16:52:24,whole_genome_v2_nov-11-2021.csv,Wormbase.ID
Oct-10-2024-16:57:53,whole_genome_v2_nov-11-2021.csv,Wormbase.ID
Dec-15-2023-03:26:06,whole_genome_v2_nov-11-2021.csv,Wormbase.ID
Sep-18-2023-16:29:08,whole_genome_v2_nov-11-2021.csv,Sequence.ID
Jul-22-2024-18:22:57,whole_genome_v2_nov-11-2021.csv,Wormbase.ID
Aug-11-2023-02:32:35,whole_genome_v2_nov-11-2021.csv,Wormbase.ID
Feb-22-2024-15:57:34,ORF_only_v2_nov-11-2021.csv,Wormbase.ID
Jan-26-2024-10:29:12,whole_genome_v2_nov-11-2021.csv,Wormbase.ID
Oct-08-2024-13:50:24,whole_genome_v2_nov-11-2021.csv,Wormbase.ID
Feb-15-2024-05:49:27,whole_genome_v2_nov-11-2021.csv,Wormbase.ID
Sep-25-2023-13:48:14,whole_genome_v2_nov-11-2021.csv,Wormbase.ID
Sep-27-2023-13:19:49,whole_genome_v2_nov-11-2021.csv,Wormbase.ID
Aug-14-2024-15:00:40,whole_genome_v2_nov-11-2021.csv,Wormbase.ID
Jul-18-2024-15:39:10,whole_genome_v2_nov-11-2021.csv,Wormbase.ID
Jul-18-2024-15:38:21,whole_genome_v2_nov-11-2021.csv,Wormbase.ID
Jul-18-2024-15:39:00,whole_genome_v2_nov-11-2021.csv,Wormbase.ID
Jul-18-2024-15:37:54,whole_genome_v2_nov-11-2021.csv,Wormbase.ID
Jul-18-2024-15:37:46,whole_genome_v2_nov-11-2021.csv,Wormbase.ID
Jul-18-2024-15:38:50,whole_genome_v2_nov-11-2021.csv,Wormbase.ID
Jul-18-2024-15:38:40,whole_genome_v2_nov-11-2021.csv,Wormbase.ID
Jul-18-2024-15:38:31,whole_genome_v2_nov-11-2021.csv,Wormbase.ID
Jul-18-2024-15:38:11,whole_genome_v2_nov-11-2021.csv,Wormbase.ID
Jul-18-2024-15:38:02,whole_genome_v2_nov-11-2021.csv,Wormbase.ID
Aug-22-2024-14:23:49,whole_genome_v2_nov-11-2021.csv,Wormbase.ID
Jan-25-2024-11:49:52,whole_genome_v2_nov-11-2021.csv,Wormbase.ID
Mar-05-2024-01:58:07,whole_genome_v2_nov-11-2021.csv,Wormbase.ID
Apr-22-2024-20:53:25,whole_genome_v2_nov-11-2021.csv,Wormbase.ID
Aug-13-2024-08:33:19,whole_genome_v2_nov-11-2021.csv,Wormbase.ID
Aug-14-2024-18:49:48,whole_genome_v2_nov-11-2021.csv,Wormbase.ID
Feb-28-2024-13:47:25,whole_genome_v2_nov-11-2021.csv,Sequence.ID
Sep-27-2023-16:48:29,whole_genome_v2_nov-11-2021.csv,Wormbase.ID
May-29-2024-16:09:51,whole_genome_v2_nov-11-2021.csv,Wormbase.ID
Aug-15-2023-12:55:05,whole_genome_v2_nov-11-2021.csv,Wormbase.ID
Aug-16-2023-15:19:58,ORF_only_v2_nov-11-2021.csv,Wormbase.ID
Aug-28-2024-21:47:54,whole_genome_v2_nov-11-2021.csv,Wormbase.ID
Oct-04-2023-06:24:21,whole_genome_v2_nov-11-2021.csv,Wormbase.ID
Feb-03-2024-17:40:46,whole_genome_v2_nov-11-2021.csv,Sequence.ID
Sep-18-2023-18:13:38,whole_genome_v2_nov-11-2021.csv,Sequence.ID
Jul-31-2024-13:27:23,whole_genome_v2_nov-11-2021.csv,Wormbase.ID
Oct-18-2023-16:35:47,whole_genome_v2_nov-11-2021.csv,Wormbase.ID
Sep-18-2023-17:12:40,ORF_only_v2_nov-11-2021.csv,Sequence.ID
May-17-2024-17:29:45,whole_genome_v2_nov-11-2021.csv,Wormbase.ID
Aug-28-2024-15:53:36,whole_genome_v2_nov-11-2021.csv,Wormbase.ID
Mar-28-2024-18:16:58,whole_genome_v2_nov-11-2021.csv,Sequence.ID
Jul-09-2024-22:11:49,whole_genome_v2_nov-11-2021.csv,Wormbase.ID
Aug-02-2024-19:38:51,whole_genome_v2_nov-11-2021.csv,Wormbase.ID
Sep-29-2023-16:43:03,whole_genome_v2_nov-11-2021.csv,Wormbase.ID
Feb-15-2024-05:58:06,whole_genome_v2_nov-11-2021.csv,Wormbase.ID
Apr-12-2024-11:27:44,whole_genome_v2_nov-11-2021.csv,Sequence.ID
Sep-01-2023-21:58:49,whole_genome_v2_nov-11-2021.csv,Sequence.ID
Apr-10-2024-13:35:48,whole_genome_v2_nov-11-2021.csv,Wormbase.ID
Mar-27-2024-10:35:14,whole_genome_v2_nov-11-2021.csv,Wormbase.ID
Jun-26-2024-15:16:11,whole_genome_v2_nov-11-2021.csv,Wormbase.ID
Jan-23-2024-02:17:52,whole_genome_v2_nov-11-2021.csv,Wormbase.ID
May-13-2024-06:44:26,whole_genome_v2_nov-11-2021.csv,Wormbase.ID
Sep-13-2024-01:44:08,whole_genome_v2_nov-11-2021.csv,Wormbase.ID
Sep-04-2023-14:23:02,whole_genome_v2_nov-11-2021.csv,Wormbase.ID
Dec-24-2023-01:43:46,whole_genome_v2_nov-11-2021.csv,Wormbase.ID
Jul-19-2024-12:22:08,whole_genome_v2_nov-11-2021.csv,Wormbase.ID
Oct-08-2024-13:01:30,whole_genome_v2_nov-11-2021.csv,Wormbase.ID
Jan-24-2024-04:58:25,whole_genome_v2_nov-11-2021.csv,Wormbase.ID
Oct-04-2023-16:13:01,whole_genome_v2_nov-11-2021.csv,Sequence.ID
Aug-05-2024-05:02:47,whole_genome_v2_nov-11-2021.csv,Wormbase.ID
Feb-28-2024-06:08:05,whole_genome_v2_nov-11-2021.csv,Wormbase.ID
Aug-28-2024-09:39:12,whole_genome_v2_nov-11-2021.csv,Wormbase.ID
Oct-03-2023-15:44:45,whole_genome_v2_nov-11-2021.csv,Sequence.ID
May-22-2024-15:56:57,whole_genome_v2_nov-11-2021.csv,Wormbase.ID
Aug-27-2024-17:50:14,whole_genome_v2_nov-11-2021.csv,Wormbase.ID
Apr-02-2024-17:11:13,whole_genome_v2_nov-11-2021.csv,Wormbase.ID
Feb-14-2024-13:49:45,whole_genome_v2_nov-11-2021.csv,Wormbase.ID
Dec-31-2023-03:12:31,whole_genome_v2_nov-11-2021.csv,Wormbase.ID
Sep-01-2023-13:50:36,whole_genome_v2_nov-11-2021.csv,Wormbase.ID
Apr-01-2024-05:15:31,whole_genome_v2_nov-11-2021.csv,Wormbase.ID
Apr-08-2024-19:01:29,whole_genome_v2_nov-11-2021.csv,Wormbase.ID
Aug-14-2024-08:03:08,whole_genome_v2_nov-11-2021.csv,Wormbase.ID
Apr-12-2024-20:26:32,whole_genome_v2_nov-11-2021.csv,Wormbase.ID
May-28-2024-16:55:39,whole_genome_v1_jul-03-2019.csv,Wormbase.ID
May-09-2024-02:19:53,whole_genome_v2_nov-11-2021.csv,Wormbase.ID
Mar-28-2024-14:44:48,whole_genome_v2_nov-11-2021.csv,Wormbase.ID
Nov-27-2023-08:54:42,whole_genome_v2_nov-11-2021.csv,Wormbase.ID
Aug-28-2024-18:03:51,whole_genome_v2_nov-11-2021.csv,Wormbase.ID
Aug-22-2024-18:55:48,whole_genome_v2_nov-11-2021.csv,Wormbase.ID
Aug-08-2023-22:46:32,whole_genome_v2_nov-11-2021.csv,Sequence.ID
Aug-05-2024-04:55:11,whole_genome_v2_nov-11-2021.csv,Wormbase.ID
Oct-05-2023-14:37:30,whole_genome_v2_nov-11-2021.csv,Sequence.ID
Feb-22-2024-17:05:38,whole_genome_v2_nov-11-2021.csv,Wormbase.ID
Sep-04-2023-13:38:38,whole_genome_v2_nov-11-2021.csv,Wormbase.ID
Jul-07-2024-05:26:25,whole_genome_v2_nov-11-2021.csv,Wormbase.ID
Sep-19-2023-17:45:54,whole_genome_v2_nov-11-2021.csv,Wormbase.ID
Jul-31-2024-13:27:10,whole_genome_v2_nov-11-2021.csv,Wormbase.ID
Mar-25-2024-08:55:47,whole_genome_v2_nov-11-2021.csv,Sequence.ID
Nov-30-2023-00:44:32,whole_genome_v2_nov-11-2021.csv,Wormbase.ID
Aug-09-2023-04:29:42,whole_genome_v2_nov-11-2021.csv,Wormbase.ID
May-10-2024-14:17:05,whole_genome_v2_nov-11-2021.csv,Wormbase.ID
Jan-30-2024-12:09:59,whole_genome_v2_nov-11-2021.csv,Wormbase.ID
Jan-02-2024-16:23:05,whole_genome_v2_nov-11-2021.csv,Wormbase.ID
Apr-10-2024-16:34:17,whole_genome_v2_nov-11-2021.csv,Sequence.ID
Mar-29-2024-19:03:10,whole_genome_v2_nov-11-2021.csv,Wormbase.ID
May-28-2024-14:38:14,whole_genome_v2_nov-11-2021.csv,Wormbase.ID
Mar-22-2024-07:08:21,whole_genome_v2_nov-11-2021.csv,Sequence.ID
Nov-09-2023-13:39:54,whole_genome_v2_nov-11-2021.csv,Wormbase.ID
Feb-14-2024-22:12:19,whole_genome_v2_nov-11-2021.csv,Wormbase.ID
Aug-16-2023-20:28:21,whole_genome_v2_nov-11-2021.csv,Wormbase.ID
Apr-09-2024-20:14:58,whole_genome_v2_nov-11-2021.csv,Wormbase.ID
Aug-20-2024-17:21:26,whole_genome_v2_nov-11-2021.csv,Wormbase.ID
Aug-20-2024-17:21:16,whole_genome_v2_nov-11-2021.csv,Wormbase.ID
Aug-19-2024-07:01:03,whole_genome_v2_nov-11-2021.csv,Wormbase.ID
Apr-02-2024-16:10:29,whole_genome_v2_nov-11-2021.csv,Wormbase.ID
Nov-27-2023-16:44:22,whole_genome_v2_nov-11-2021.csv,Wormbase.ID
Apr-08-2024-17:24:39,whole_genome_v2_nov-11-2021.csv,Wormbase.ID
Sep-10-2024-11:37:06,whole_genome_v2_nov-11-2021.csv,Wormbase.ID
Apr-01-2024-04:59:24,whole_genome_v2_nov-11-2021.csv,Wormbase.ID
Aug-08-2023-17:19:59,whole_genome_v2_nov-11-2021.csv,Wormbase.ID
May-24-2024-13:42:55,whole_genome_v2_nov-11-2021.csv,Wormbase.ID
Aug-11-2023-02:33:21,whole_genome_v2_nov-11-2021.csv,Wormbase.ID
Sep-15-2023-15:10:21,whole_genome_v2_nov-11-2021.csv,Wormbase.ID
Jun-12-2024-19:39:49,whole_genome_v2_nov-11-2021.csv,Sequence.ID
Aug-28-2023-17:38:55,whole_genome_v2_nov-11-2021.csv,Wormbase.ID
Apr-30-2024-14:28:14,whole_genome_v2_nov-11-2021.csv,Wormbase.ID
Aug-16-2024-14:41:36,whole_genome_v2_nov-11-2021.csv,Wormbase.ID
May-14-2024-21:00:16,whole_genome_v2_nov-11-2021.csv,Wormbase.ID
Dec-15-2023-11:19:33,whole_genome_v2_nov-11-2021.csv,Wormbase.ID
May-01-2024-21:35:33,whole_genome_v2_nov-11-2021.csv,Wormbase.ID
Oct-02-2023-15:43:14,whole_genome_v2_nov-11-2021.csv,Wormbase.ID
Feb-29-2024-10:31:35,whole_genome_v2_nov-11-2021.csv,Sequence.ID
Apr-26-2024-07:08:27,whole_genome_v2_nov-11-2021.csv,Wormbase.ID
Jul-10-2024-07:39:48,whole_genome_v2_nov-11-2021.csv,Sequence.ID
Mar-25-2024-00:51:03,whole_genome_v2_nov-11-2021.csv,Sequence.ID
Feb-27-2024-22:13:48,whole_genome_v2_nov-11-2021.csv,Wormbase.ID
Apr-17-2024-18:17:53,whole_genome_v2_nov-11-2021.csv,Wormbase.ID
Feb-28-2024-14:18:40,whole_genome_v2_nov-11-2021.csv,Sequence.ID
Sep-26-2023-14:01:29,whole_genome_v2_nov-11-2021.csv,Wormbase.ID
Apr-16-2024-19:47:03,whole_genome_v2_nov-11-2021.csv,Sequence.ID
Aug-23-2023-07:13:24,whole_genome_v2_nov-11-2021.csv,Wormbase.ID
Oct-19-2023-20:34:55,whole_genome_v2_nov-11-2021.csv,Wormbase.ID
Aug-28-2023-16:16:41,whole_genome_v2_nov-11-2021.csv,Wormbase.ID
Sep-25-2023-23:46:01,whole_genome_v2_nov-11-2021.csv,Wormbase.ID
Oct-06-2023-23:45:44,whole_genome_v2_nov-11-2021.csv,Wormbase.ID
Jun-11-2024-22:01:18,whole_genome_v2_nov-11-2021.csv,Wormbase.ID
Oct-10-2024-16:01:07,whole_genome_v2_nov-11-2021.csv,Sequence.ID
Jan-31-2024-11:05:51,whole_genome_v2_nov-11-2021.csv,Wormbase.ID
Jan-31-2024-11:05:35,whole_genome_v2_nov-11-2021.csv,Wormbase.ID
Jan-31-2024-11:05:28,whole_genome_v2_nov-11-2021.csv,Wormbase.ID
Jan-31-2024-11:05:43,whole_genome_v2_nov-11-2021.csv,Wormbase.ID
Mar-11-2024-03:58:03,whole_genome_v2_nov-11-2021.csv,Wormbase.ID
Feb-15-2024-04:57:33,whole_genome_v2_nov-11-2021.csv,Wormbase.ID
Jul-25-2024-06:30:01,whole_genome_v2_nov-11-2021.csv,Wormbase.ID
Jul-25-2024-06:29:53,whole_genome_v2_nov-11-2021.csv,Wormbase.ID
Jul-25-2024-06:29:43,whole_genome_v2_nov-11-2021.csv,Wormbase.ID
Apr-01-2024-14:50:09,whole_genome_v2_nov-11-2021.csv,Sequence.ID
Apr-30-2024-00:40:49,whole_genome_v2_nov-11-2021.csv,Wormbase.ID
Sep-19-2023-18:19:53,whole_genome_v2_nov-11-2021.csv,Wormbase.ID
Jul-22-2024-22:49:36,whole_genome_v2_nov-11-2021.csv,Wormbase.ID
Aug-06-2024-03:54:32,whole_genome_v2_nov-11-2021.csv,Sequence.ID
Feb-17-2024-13:29:38,whole_genome_v2_nov-11-2021.csv,Wormbase.ID
Apr-01-2024-05:03:17,whole_genome_v2_nov-11-2021.csv,Wormbase.ID
Jul-11-2024-19:09:09,whole_genome_v2_nov-11-2021.csv,Wormbase.ID
Sep-28-2023-23:35:51,whole_genome_v2_nov-11-2021.csv,Wormbase.ID
Jul-08-2024-13:20:31,whole_genome_v2_nov-11-2021.csv,Wormbase.ID
Apr-01-2024-08:37:29,whole_genome_v2_nov-11-2021.csv,Wormbase.ID
Apr-10-2024-18:34:01,whole_genome_v2_nov-11-2021.csv,Wormbase.ID
Sep-18-2023-17:11:46,whole_genome_v2_nov-11-2021.csv,Wormbase.ID
Oct-04-2023-17:53:09,whole_genome_v2_nov-11-2021.csv,Wormbase.ID
Oct-04-2023-17:53:25,whole_genome_v2_nov-11-2021.csv,Wormbase.ID
Oct-04-2023-17:52:53,whole_genome_v2_nov-11-2021.csv,Wormbase.ID
Oct-04-2023-17:53:17,whole_genome_v2_nov-11-2021.csv,Wormbase.ID
Oct-04-2023-17:51:35,whole_genome_v2_nov-11-2021.csv,Wormbase.ID
Oct-04-2023-17:51:43,whole_genome_v2_nov-11-2021.csv,Wormbase.ID
Oct-04-2023-17:52:07,whole_genome_v2_nov-11-2021.csv,Wormbase.ID
Oct-04-2023-17:52:22,whole_genome_v2_nov-11-2021.csv,Wormbase.ID
Oct-04-2023-17:51:51,whole_genome_v2_nov-11-2021.csv,Wormbase.ID
Oct-04-2023-17:52:30,whole_genome_v2_nov-11-2021.csv,Wormbase.ID
Oct-04-2023-17:53:01,whole_genome_v2_nov-11-2021.csv,Wormbase.ID
Oct-04-2023-17:51:27,whole_genome_v2_nov-11-2021.csv,Wormbase.ID
Oct-04-2023-17:52:45,whole_genome_v2_nov-11-2021.csv,Wormbase.ID
Oct-04-2023-17:51:59,whole_genome_v2_nov-11-2021.csv,Wormbase.ID
Oct-04-2023-17:52:14,whole_genome_v2_nov-11-2021.csv,Wormbase.ID
Oct-04-2023-17:52:38,whole_genome_v2_nov-11-2021.csv,Wormbase.ID
Apr-11-2024-18:24:16,whole_genome_v2_nov-11-2021.csv,Wormbase.ID
Dec-27-2023-05:48:11,whole_genome_v2_nov-11-2021.csv,Wormbase.ID
Sep-27-2023-16:52:09,whole_genome_v2_nov-11-2021.csv,Wormbase.ID
Dec-12-2023-16:19:47,whole_genome_v2_nov-11-2021.csv,Wormbase.ID
Apr-09-2024-10:17:59,ORF_only_v2_nov-11-2021.csv,Wormbase.ID
Mar-06-2024-01:39:14,whole_genome_v2_nov-11-2021.csv,Sequence.ID
Sep-16-2024-00:45:38,whole_genome_v2_nov-11-2021.csv,Wormbase.ID
Feb-28-2024-14:36:42,whole_genome_v2_nov-11-2021.csv,Sequence.ID
Jul-26-2024-06:05:59,whole_genome_v2_nov-11-2021.csv,Wormbase.ID
Nov-22-2023-16:20:30,ORF_only_v2_nov-11-2021.csv,Wormbase.ID
Aug-28-2023-21:23:15,whole_genome_v2_nov-11-2021.csv,Wormbase.ID
Dec-05-2023-02:38:58,whole_genome_v2_nov-11-2021.csv,Wormbase.ID
Aug-04-2024-06:53:21,whole_genome_v2_nov-11-2021.csv,Wormbase.ID
Sep-10-2024-14:03:41,whole_genome_v2_nov-11-2021.csv,Sequence.ID
Sep-28-2023-14:24:26,whole_genome_v2_nov-11-2021.csv,Wormbase.ID
Mar-27-2024-10:39:19,whole_genome_v2_nov-11-2021.csv,Wormbase.ID
Feb-15-2024-23:25:10,whole_genome_v2_nov-11-2021.csv,Wormbase.ID
Jul-18-2024-19:26:08,whole_genome_v2_nov-11-2021.csv,Wormbase.ID
Sep-10-2024-17:10:46,whole_genome_v2_nov-11-2021.csv,Wormbase.ID
May-29-2024-16:11:01,whole_genome_v2_nov-11-2021.csv,Sequence.ID
Jul-19-2024-10:51:16,whole_genome_v2_nov-11-2021.csv,Wormbase.ID
Aug-14-2023-15:23:12,whole_genome_v2_nov-11-2021.csv,Sequence.ID
Jun-30-2024-06:12:16,whole_genome_v2_nov-11-2021.csv,Wormbase.ID
Apr-12-2024-14:41:16,whole_genome_v2_nov-11-2021.csv,Wormbase.ID
Feb-16-2024-22:06:26,whole_genome_v2_nov-11-2021.csv,Wormbase.ID
Oct-20-2023-04:01:47,whole_genome_v2_nov-11-2021.csv,Wormbase.ID
Jun-21-2024-16:38:59,whole_genome_v2_nov-11-2021.csv,Sequence.ID
Apr-29-2024-18:42:49,whole_genome_v2_nov-11-2021.csv,Wormbase.ID
Mar-25-2024-00:52:50,whole_genome_v2_nov-11-2021.csv,Wormbase.ID
May-22-2024-16:00:01,whole_genome_v2_nov-11-2021.csv,Wormbase.ID
May-05-2024-17:26:41,whole_genome_v2_nov-11-2021.csv,Wormbase.ID
Mar-25-2024-07:31:42,whole_genome_v2_nov-11-2021.csv,Sequence.ID
Sep-28-2023-03:35:56,whole_genome_v2_nov-11-2021.csv,Wormbase.ID
Sep-19-2024-12:29:25,whole_genome_v2_nov-11-2021.csv,Wormbase.ID
Mar-02-2024-16:34:15,whole_genome_v2_nov-11-2021.csv,Wormbase.ID
Jun-19-2024-06:10:49,whole_genome_v2_nov-11-2021.csv,Wormbase.ID
Aug-07-2023-23:04:26,whole_genome_v2_nov-11-2021.csv,Wormbase.ID
Aug-07-2023-17:11:10,whole_genome_v2_nov-11-2021.csv,Wormbase.ID
Jan-01-2024-21:47:31,whole_genome_v2_nov-11-2021.csv,Wormbase.ID
Jun-03-2024-21:00:21,whole_genome_v2_nov-11-2021.csv,Wormbase.ID
Feb-22-2024-17:00:05,whole_genome_v2_nov-11-2021.csv,Wormbase.ID
Nov-10-2023-03:08:55,whole_genome_v2_nov-11-2021.csv,Sequence.ID
Mar-15-2024-18:48:32,whole_genome_v2_nov-11-2021.csv,Wormbase.ID
Sep-18-2023-17:14:43,whole_genome_v2_nov-11-2021.csv,Wormbase.ID
Jun-26-2024-16:24:31,whole_genome_v2_nov-11-2021.csv,Wormbase.ID
Oct-03-2023-14:01:29,whole_genome_v2_nov-11-2021.csv,Sequence.ID
Jul-23-2024-23:19:55,whole_genome_v2_nov-11-2021.csv,Wormbase.ID
Sep-09-2024-18:36:17,whole_genome_v2_nov-11-2021.csv,Wormbase.ID
Oct-07-2024-14:07:10,whole_genome_v2_nov-11-2021.csv,Wormbase.ID
Aug-29-2024-17:09:20,whole_genome_v2_nov-11-2021.csv,Wormbase.ID
May-17-2024-14:45:00,whole_genome_v2_nov-11-2021.csv,Wormbase.ID
Jun-25-2024-12:06:24,whole_genome_v2_nov-11-2021.csv,Sequence.ID
Aug-28-2024-17:17:55,whole_genome_v2_nov-11-2021.csv,Wormbase.ID
Feb-08-2024-17:31:56,whole_genome_v2_nov-11-2021.csv,Wormbase.ID
Jan-23-2024-14:06:13,whole_genome_v2_nov-11-2021.csv,Sequence.ID
Jun-03-2024-14:33:15,whole_genome_v2_nov-11-2021.csv,Wormbase.ID
Jan-25-2024-18:08:59,whole_genome_v2_nov-11-2021.csv,Wormbase.ID
Nov-27-2023-16:47:18,whole_genome_v2_nov-11-2021.csv,Wormbase.ID
Oct-10-2024-10:25:25,whole_genome_v2_nov-11-2021.csv,Wormbase.ID
Mar-15-2024-14:18:55,whole_genome_v2_nov-11-2021.csv,Sequence.ID
Jan-28-2024-17:25:33,whole_genome_v2_nov-11-2021.csv,Wormbase.ID
Mar-01-2024-16:46:14,whole_genome_v2_nov-11-2021.csv,Wormbase.ID
Feb-27-2024-18:09:07,whole_genome_v2_nov-11-2021.csv,Wormbase.ID
Jan-11-2024-04:56:10,whole_genome_v2_nov-11-2021.csv,Sequence.ID
Sep-25-2023-14:55:41,whole_genome_v2_nov-11-2021.csv,Wormbase.ID
Sep-07-2023-10:10:04,whole_genome_v2_nov-11-2021.csv,Wormbase.ID
Sep-19-2023-18:32:27,whole_genome_v2_nov-11-2021.csv,Wormbase.ID
Feb-02-2024-01:54:03,whole_genome_v2_nov-11-2021.csv,Sequence.ID
Aug-29-2024-13:49:25,whole_genome_v2_nov-11-2021.csv,Sequence.ID
Feb-27-2024-10:00:07,whole_genome_v2_nov-11-2021.csv,Sequence.ID
Jan-25-2024-18:57:27,whole_genome_v2_nov-11-2021.csv,Wormbase.ID
May-02-2024-19:59:27,whole_genome_v2_nov-11-2021.csv,Wormbase.ID
May-26-2024-12:55:40,whole_genome_v2_nov-11-2021.csv,Wormbase.ID
Sep-27-2023-16:02:55,whole_genome_v2_nov-11-2021.csv,Wormbase.ID
Sep-18-2023-16:36:03,whole_genome_v2_nov-11-2021.csv,Wormbase.ID
Nov-24-2023-08:22:35,whole_genome_v2_nov-11-2021.csv,Wormbase.ID
Jul-03-2024-12:33:18,whole_genome_v2_nov-11-2021.csv,Wormbase.ID
Jun-13-2024-18:39:52,whole_genome_v2_nov-11-2021.csv,Wormbase.ID
Aug-31-2023-14:36:52,whole_genome_v2_nov-11-2021.csv,Wormbase.ID
Nov-03-2023-13:28:20,whole_genome_v2_nov-11-2021.csv,Wormbase.ID
May-16-2024-18:48:16,whole_genome_v2_nov-11-2021.csv,Wormbase.ID
Jan-29-2024-19:31:44,whole_genome_v2_nov-11-2021.csv,Wormbase.ID
Jul-30-2024-14:34:50,whole_genome_v2_nov-11-2021.csv,Wormbase.ID
Sep-20-2023-00:28:09,whole_genome_v2_nov-11-2021.csv,Wormbase.ID
Feb-22-2024-17:03:13,whole_genome_v2_nov-11-2021.csv,Wormbase.ID
Aug-23-2024-13:49:28,whole_genome_v2_nov-11-2021.csv,Wormbase.ID
Jun-04-2024-09:44:32,whole_genome_v2_nov-11-2021.csv,Wormbase.ID
Aug-28-2024-17:29:27,whole_genome_v2_nov-11-2021.csv,Wormbase.ID
Aug-20-2023-19:32:01,whole_genome_v2_nov-11-2021.csv,Wormbase.ID
Sep-19-2023-17:34:36,whole_genome_v2_nov-11-2021.csv,Wormbase.ID
Mar-15-2024-14:10:00,whole_genome_v2_nov-11-2021.csv,Sequence.ID
Aug-22-2024-18:32:14,whole_genome_v2_nov-11-2021.csv,Wormbase.ID
Oct-08-2023-15:36:37,whole_genome_v2_nov-11-2021.csv,Sequence.ID
Nov-15-2023-22:54:44,whole_genome_v2_nov-11-2021.csv,Wormbase.ID
Feb-17-2024-13:23:41,whole_genome_v2_nov-11-2021.csv,Wormbase.ID
Oct-04-2023-14:55:20,whole_genome_v2_nov-11-2021.csv,Wormbase.ID
Sep-13-2024-15:05:27,whole_genome_v2_nov-11-2021.csv,Wormbase.ID
Sep-16-2024-00:59:52,whole_genome_v2_nov-11-2021.csv,Wormbase.ID
Dec-12-2023-16:33:43,whole_genome_v2_nov-11-2021.csv,Wormbase.ID
Sep-03-2023-15:49:19,whole_genome_v2_nov-11-2021.csv,Wormbase.ID
Jun-17-2024-18:51:00,whole_genome_v2_nov-11-2021.csv,Wormbase.ID
Aug-01-2024-19:30:53,whole_genome_v2_nov-11-2021.csv,Wormbase.ID
Oct-16-2024-20:16:29,whole_genome_v2_nov-11-2021.csv,Wormbase.ID
Dec-14-2023-13:16:09,whole_genome_v2_nov-11-2021.csv,Wormbase.ID
Aug-08-2023-12:34:09,whole_genome_v2_nov-11-2021.csv,Wormbase.ID
May-15-2024-23:02:23,whole_genome_v2_nov-11-2021.csv,Wormbase.ID
Mar-27-2024-11:21:46,whole_genome_v2_nov-11-2021.csv,Wormbase.ID
Oct-19-2023-20:36:09,whole_genome_v2_nov-11-2021.csv,Wormbase.ID
Dec-18-2023-15:06:26,whole_genome_v2_nov-11-2021.csv,Wormbase.ID
Nov-09-2023-21:26:10,whole_genome_v2_nov-11-2021.csv,Wormbase.ID
Feb-27-2024-09:29:38,whole_genome_v2_nov-11-2021.csv,Wormbase.ID
Mar-05-2024-02:18:01,whole_genome_v2_nov-11-2021.csv,Wormbase.ID
Feb-28-2024-14:14:33,whole_genome_v2_nov-11-2021.csv,Sequence.ID
Oct-20-2023-03:35:03,whole_genome_v2_nov-11-2021.csv,Wormbase.ID
Mar-25-2024-19:40:22,whole_genome_v2_nov-11-2021.csv,Wormbase.ID
Apr-12-2024-00:20:53,whole_genome_v2_nov-11-2021.csv,Wormbase.ID
Jun-27-2024-20:43:24,whole_genome_v2_nov-11-2021.csv,Wormbase.ID
Oct-02-2023-02:54:42,whole_genome_v2_nov-11-2021.csv,Wormbase.ID
Jun-27-2024-21:03:54,whole_genome_v2_nov-11-2021.csv,Wormbase.ID
Apr-11-2024-03:31:49,whole_genome_v2_nov-11-2021.csv,Wormbase.ID
Feb-09-2024-17:38:59,whole_genome_v2_nov-11-2021.csv,Wormbase.ID
Oct-12-2023-20:26:53,whole_genome_v2_nov-11-2021.csv,Wormbase.ID
Dec-03-2023-18:27:14,whole_genome_v2_nov-11-2021.csv,Sequence.ID
Feb-21-2024-02:13:04,whole_genome_v2_nov-11-2021.csv,Wormbase.ID
Sep-19-2023-18:39:32,whole_genome_v2_nov-11-2021.csv,Wormbase.ID
Sep-19-2023-15:09:36,whole_genome_v2_nov-11-2021.csv,Wormbase.ID
Jul-05-2024-09:33:16,whole_genome_v2_nov-11-2021.csv,Wormbase.ID
Jan-16-2024-07:25:52,whole_genome_v2_nov-11-2021.csv,Wormbase.ID
Feb-28-2024-14:29:16,whole_genome_v2_nov-11-2021.csv,Sequence.ID
Apr-08-2024-18:22:35,whole_genome_v2_nov-11-2021.csv,Sequence.ID
Aug-23-2024-21:38:45,whole_genome_v2_nov-11-2021.csv,Wormbase.ID
Apr-02-2024-09:35:28,whole_genome_v2_nov-11-2021.csv,Wormbase.ID
Jul-25-2024-16:51:42,whole_genome_v2_nov-11-2021.csv,Wormbase.ID
Aug-16-2023-15:40:13,whole_genome_v2_nov-11-2021.csv,Wormbase.ID
Nov-27-2023-10:47:43,whole_genome_v2_nov-11-2021.csv,Wormbase.ID
Jun-11-2024-22:02:04,whole_genome_v2_nov-11-2021.csv,Wormbase.ID
Feb-03-2024-19:41:54,whole_genome_v2_nov-11-2021.csv,Wormbase.ID
Sep-19-2024-12:52:21,whole_genome_v2_nov-11-2021.csv,Wormbase.ID
Nov-15-2023-19:18:56,whole_genome_v2_nov-11-2021.csv,Wormbase.ID
Nov-23-2023-11:00:35,whole_genome_v2_nov-11-2021.csv,Wormbase.ID
Jan-12-2024-13:26:16,whole_genome_v2_nov-11-2021.csv,Wormbase.ID
Feb-06-2024-13:03:34,whole_genome_v2_nov-11-2021.csv,Sequence.ID
Oct-07-2024-18:54:59,whole_genome_v2_nov-11-2021.csv,Wormbase.ID
Aug-08-2023-15:13:51,whole_genome_v2_nov-11-2021.csv,Sequence.ID
Jan-15-2024-20:06:58,whole_genome_v2_nov-11-2021.csv,Sequence.ID
Sep-22-2023-17:12:26,whole_genome_v2_nov-11-2021.csv,Wormbase.ID
Aug-12-2024-00:40:35,whole_genome_v2_nov-11-2021.csv,Wormbase.ID
Nov-30-2023-18:18:29,whole_genome_v2_nov-11-2021.csv,Wormbase.ID
Sep-19-2023-18:07:18,whole_genome_v2_nov-11-2021.csv,Wormbase.ID
Feb-27-2024-09:03:49,whole_genome_v2_nov-11-2021.csv,Wormbase.ID
Aug-06-2023-19:47:51,whole_genome_v2_nov-11-2021.csv,Wormbase.ID
Feb-14-2024-18:03:11,whole_genome_v2_nov-11-2021.csv,Wormbase.ID
Sep-13-2024-01:18:13,whole_genome_v2_nov-11-2021.csv,Wormbase.ID
Aug-28-2024-17:44:11,whole_genome_v2_nov-11-2021.csv,Wormbase.ID
Apr-11-2024-03:51:13,whole_genome_v2_nov-11-2021.csv,Wormbase.ID
Jun-27-2024-08:35:34,whole_genome_v2_nov-11-2021.csv,Wormbase.ID
Dec-18-2023-15:52:55,whole_genome_v2_nov-11-2021.csv,Wormbase.ID
Apr-11-2024-20:14:45,whole_genome_v2_nov-11-2021.csv,Sequence.ID
Oct-10-2024-00:10:47,whole_genome_v2_nov-11-2021.csv,Wormbase.ID
Jul-19-2024-12:14:14,whole_genome_v2_nov-11-2021.csv,Wormbase.ID
May-09-2024-18:00:38,whole_genome_v2_nov-11-2021.csv,Wormbase.ID
Apr-20-2024-17:08:07,whole_genome_v2_nov-11-2021.csv,Wormbase.ID
Aug-28-2023-21:29:09,whole_genome_v2_nov-11-2021.csv,Wormbase.ID
Apr-01-2024-08:54:31,whole_genome_v2_nov-11-2021.csv,Wormbase.ID
Oct-11-2024-13:46:44,whole_genome_v2_nov-11-2021.csv,Wormbase.ID
Mar-11-2024-05:28:06,whole_genome_v2_nov-11-2021.csv,Wormbase.ID
Feb-15-2024-22:18:48,whole_genome_v2_nov-11-2021.csv,Wormbase.ID
Mar-01-2024-16:52:54,whole_genome_v2_nov-11-2021.csv,Wormbase.ID
Jul-30-2024-16:10:08,whole_genome_v2_nov-11-2021.csv,Wormbase.ID
May-17-2024-07:27:13,whole_genome_v2_nov-11-2021.csv,Wormbase.ID
Feb-09-2024-17:58:56,whole_genome_v2_nov-11-2021.csv,Wormbase.ID
Aug-03-2024-22:37:29,whole_genome_v2_nov-11-2021.csv,Wormbase.ID
Aug-29-2024-20:16:35,whole_genome_v2_nov-11-2021.csv,Wormbase.ID
Apr-03-2024-07:37:27,whole_genome_v2_nov-11-2021.csv,Wormbase.ID
Sep-10-2024-06:30:10,whole_genome_v2_nov-11-2021.csv,Wormbase.ID
Nov-28-2023-13:14:43,whole_genome_v2_nov-11-2021.csv,Sequence.ID
Sep-14-2023-15:48:59,whole_genome_v2_nov-11-2021.csv,Wormbase.ID
Mar-22-2024-09:48:46,whole_genome_v2_nov-11-2021.csv,Sequence.ID
Aug-02-2024-19:32:12,whole_genome_v2_nov-11-2021.csv,Wormbase.ID
Sep-13-2023-19:56:28,whole_genome_v2_nov-11-2021.csv,Wormbase.ID
Oct-27-2023-01:45:01,whole_genome_v2_nov-11-2021.csv,Wormbase.ID
Mar-09-2024-13:32:04,ahringer_v2_nov-11-2021.csv,Sequence.ID
May-28-2024-14:47:04,whole_genome_v2_nov-11-2021.csv,Wormbase.ID
Oct-20-2023-04:00:25,whole_genome_v2_nov-11-2021.csv,Wormbase.ID
Dec-18-2023-23:27:31,whole_genome_v2_nov-11-2021.csv,Wormbase.ID
Sep-03-2023-00:11:55,whole_genome_v2_nov-11-2021.csv,Wormbase.ID
Aug-09-2023-04:16:51,whole_genome_v2_nov-11-2021.csv,Wormbase.ID
May-02-2024-01:08:49,whole_genome_v2_nov-11-2021.csv,Sequence.ID
Jun-23-2024-01:55:14,orfeome_v2_nov-11-2021.csv,Wormbase.ID
Dec-12-2023-16:25:25,whole_genome_v2_nov-11-2021.csv,Wormbase.ID
Aug-10-2023-21:24:27,whole_genome_v2_nov-11-2021.csv,Sequence.ID
Jan-09-2024-13:45:30,whole_genome_v2_nov-11-2021.csv,Wormbase.ID
Dec-09-2023-19:40:45,whole_genome_v2_nov-11-2021.csv,Sequence.ID
Sep-27-2023-16:18:36,whole_genome_v2_nov-11-2021.csv,Wormbase.ID
Sep-13-2023-16:03:55,whole_genome_v2_nov-11-2021.csv,Wormbase.ID
Oct-10-2024-17:01:38,whole_genome_v2_nov-11-2021.csv,Wormbase.ID
Dec-26-2023-12:07:50,whole_genome_v2_nov-11-2021.csv,Sequence.ID
Mar-05-2024-01:58:31,whole_genome_v2_nov-11-2021.csv,Wormbase.ID
Nov-27-2023-10:17:16,whole_genome_v2_nov-11-2021.csv,Wormbase.ID
Aug-28-2024-17:00:58,whole_genome_v2_nov-11-2021.csv,Wormbase.ID
Sep-14-2023-12:54:16,whole_genome_v2_nov-11-2021.csv,Sequence.ID
May-10-2024-12:39:08,whole_genome_v2_nov-11-2021.csv,Wormbase.ID
Oct-12-2023-17:57:45,whole_genome_v2_nov-11-2021.csv,Wormbase.ID
Dec-04-2023-20:41:25,whole_genome_v2_nov-11-2021.csv,Sequence.ID
Feb-16-2024-16:32:02,whole_genome_v2_nov-11-2021.csv,Sequence.ID
Sep-02-2023-23:34:21,whole_genome_v2_nov-11-2021.csv,Wormbase.ID
Apr-18-2024-22:55:18,whole_genome_v2_nov-11-2021.csv,Wormbase.ID
Feb-08-2024-16:18:00,whole_genome_v2_nov-11-2021.csv,Wormbase.ID
Mar-27-2024-15:26:17,whole_genome_v2_nov-11-2021.csv,Wormbase.ID
Aug-11-2023-03:57:28,whole_genome_v2_nov-11-2021.csv,Sequence.ID
Aug-28-2024-17:56:27,whole_genome_v2_nov-11-2021.csv,Wormbase.ID
Dec-05-2023-19:47:31,whole_genome_v2_nov-11-2021.csv,Wormbase.ID
Jun-12-2024-17:54:07,whole_genome_v2_nov-11-2021.csv,Wormbase.ID
Oct-10-2024-05:51:55,whole_genome_v2_nov-11-2021.csv,Wormbase.ID
Sep-18-2023-17:30:14,whole_genome_v2_nov-11-2021.csv,Wormbase.ID
Oct-10-2024-15:29:59,whole_genome_v2_nov-11-2021.csv,Wormbase.ID
Sep-27-2024-16:34:35,whole_genome_v2_nov-11-2021.csv,Wormbase.ID
Feb-27-2024-09:09:53,whole_genome_v2_nov-11-2021.csv,Wormbase.ID
Sep-13-2023-17:53:53,whole_genome_v2_nov-11-2021.csv,Wormbase.ID
Sep-19-2023-17:45:19,whole_genome_v2_nov-11-2021.csv,Wormbase.ID
Dec-14-2023-13:00:33,whole_genome_v2_nov-11-2021.csv,Wormbase.ID
Sep-07-2023-08:45:39,whole_genome_v2_nov-11-2021.csv,Wormbase.ID
Mar-27-2024-10:36:52,whole_genome_v2_nov-11-2021.csv,Wormbase.ID
Jul-20-2024-13:15:24,whole_genome_v2_nov-11-2021.csv,Wormbase.ID
Nov-30-2023-18:13:34,whole_genome_v2_nov-11-2021.csv,Sequence.ID
Mar-15-2024-14:28:57,whole_genome_v2_nov-11-2021.csv,Sequence.ID
Feb-27-2024-09:31:53,whole_genome_v2_nov-11-2021.csv,Wormbase.ID
Apr-12-2024-08:35:10,whole_genome_v2_nov-11-2021.csv,Sequence.ID
Feb-21-2024-15:39:02,whole_genome_v2_nov-11-2021.csv,Wormbase.ID
Jun-17-2024-11:16:47,whole_genome_v2_nov-11-2021.csv,Wormbase.ID
Apr-29-2024-18:10:32,whole_genome_v2_nov-11-2021.csv,Wormbase.ID
Oct-12-2024-20:37:45,whole_genome_v2_nov-11-2021.csv,Wormbase.ID
Jul-22-2024-17:17:57,whole_genome_v2_nov-11-2021.csv,Wormbase.ID
Jul-18-2024-18:42:35,whole_genome_v2_nov-11-2021.csv,Sequence.ID
Sep-18-2023-22:19:52,whole_genome_v2_nov-11-2021.csv,Sequence.ID
Feb-15-2024-09:14:35,whole_genome_v2_nov-11-2021.csv,Wormbase.ID
Sep-30-2024-05:48:18,whole_genome_v2_nov-11-2021.csv,Wormbase.ID
Mar-19-2024-16:48:26,whole_genome_v2_nov-11-2021.csv,Wormbase.ID
Oct-04-2023-19:04:14,whole_genome_v2_nov-11-2021.csv,Wormbase.ID
Oct-04-2023-19:04:44,whole_genome_v2_nov-11-2021.csv,Wormbase.ID
Oct-04-2023-19:04:59,whole_genome_v2_nov-11-2021.csv,Wormbase.ID
Oct-04-2023-19:04:37,whole_genome_v2_nov-11-2021.csv,Wormbase.ID
Oct-04-2023-19:04:06,whole_genome_v2_nov-11-2021.csv,Wormbase.ID
Oct-04-2023-19:04:52,whole_genome_v2_nov-11-2021.csv,Wormbase.ID
Oct-04-2023-19:04:22,whole_genome_v2_nov-11-2021.csv,Wormbase.ID
Oct-04-2023-19:04:29,whole_genome_v2_nov-11-2021.csv,Wormbase.ID
Aug-27-2024-17:58:54,whole_genome_v2_nov-11-2021.csv,Wormbase.ID
Jul-11-2024-17:01:25,whole_genome_v2_nov-11-2021.csv,Wormbase.ID
Oct-13-2023-17:33:41,whole_genome_v2_nov-11-2021.csv,Wormbase.ID
Apr-11-2024-13:31:24,whole_genome_v2_nov-11-2021.csv,Sequence.ID
Nov-14-2023-15:34:43,whole_genome_v2_nov-11-2021.csv,Wormbase.ID
Sep-11-2024-19:34:53,whole_genome_v2_nov-11-2021.csv,Wormbase.ID
Sep-22-2023-08:50:24,whole_genome_v2_nov-11-2021.csv,Sequence.ID
Jun-20-2024-11:38:55,ahringer_v1_jan-02-2019.csv,Wormbase.ID
Feb-19-2024-15:05:39,whole_genome_v2_nov-11-2021.csv,Wormbase.ID
Aug-21-2023-15:12:51,ORF_only_v2_nov-11-2021.csv,Wormbase.ID
Aug-28-2023-02:07:11,whole_genome_v2_nov-11-2021.csv,Wormbase.ID
Sep-18-2023-17:12:09,whole_genome_v2_nov-11-2021.csv,Wormbase.ID
Jun-29-2024-12:13:51,whole_genome_v2_nov-11-2021.csv,Sequence.ID
Sep-19-2023-17:51:15,whole_genome_v2_nov-11-2021.csv,Sequence.ID
Dec-07-2023-10:23:42,whole_genome_v2_nov-11-2021.csv,Wormbase.ID
Jan-01-2024-20:06:05,whole_genome_v2_nov-11-2021.csv,Wormbase.ID
Dec-07-2023-21:34:28,whole_genome_v2_nov-11-2021.csv,Wormbase.ID
Aug-27-2024-21:21:04,whole_genome_v2_nov-11-2021.csv,Wormbase.ID
Jul-31-2024-13:20:00,whole_genome_v2_nov-11-2021.csv,Wormbase.ID
Mar-01-2024-13:50:00,whole_genome_v2_nov-11-2021.csv,Wormbase.ID
Sep-05-2024-21:01:18,whole_genome_v2_nov-11-2021.csv,Wormbase.ID
Apr-23-2024-17:40:16,whole_genome_v2_nov-11-2021.csv,Wormbase.ID
Oct-03-2024-14:17:01,whole_genome_v2_nov-11-2021.csv,Sequence.ID
Nov-15-2023-22:56:51,whole_genome_v2_nov-11-2021.csv,Wormbase.ID
Jul-19-2024-12:24:06,whole_genome_v2_nov-11-2021.csv,Wormbase.ID
Feb-17-2024-13:25:21,whole_genome_v2_nov-11-2021.csv,Wormbase.ID
Sep-09-2024-13:03:50,whole_genome_v2_nov-11-2021.csv,Wormbase.ID
Nov-22-2023-06:53:21,whole_genome_v2_nov-11-2021.csv,Wormbase.ID
Sep-05-2024-14:07:55,whole_genome_v2_nov-11-2021.csv,Wormbase.ID
Sep-13-2023-18:51:57,whole_genome_v2_nov-11-2021.csv,Wormbase.ID
Jul-24-2024-06:19:54,whole_genome_v2_nov-11-2021.csv,Wormbase.ID
Feb-07-2024-12:50:55,whole_genome_v2_nov-11-2021.csv,Sequence.ID
Aug-06-2024-21:58:47,whole_genome_v2_nov-11-2021.csv,Wormbase.ID
Dec-01-2023-19:08:38,whole_genome_v2_nov-11-2021.csv,Wormbase.ID
Sep-05-2024-13:20:54,whole_genome_v2_nov-11-2021.csv,Wormbase.ID
Sep-13-2023-19:12:24,whole_genome_v2_nov-11-2021.csv,Wormbase.ID
Sep-05-2023-07:54:59,whole_genome_v2_nov-11-2021.csv,Sequence.ID
Apr-17-2024-13:42:24,whole_genome_v2_nov-11-2021.csv,Sequence.ID
Sep-27-2023-16:36:27,whole_genome_v2_nov-11-2021.csv,Wormbase.ID
Sep-07-2023-13:13:37,whole_genome_v2_nov-11-2021.csv,Wormbase.ID
Sep-19-2024-22:17:22,whole_genome_v2_nov-11-2021.csv,Wormbase.ID
Sep-05-2024-21:19:54,whole_genome_v2_nov-11-2021.csv,Wormbase.ID
Aug-08-2023-16:24:26,whole_genome_v2_nov-11-2021.csv,Wormbase.ID
Feb-16-2024-15:29:14,whole_genome_v2_nov-11-2021.csv,Sequence.ID
Jun-25-2024-09:28:44,whole_genome_v2_nov-11-2021.csv,Wormbase.ID
Apr-24-2024-08:00:13,whole_genome_v2_nov-11-2021.csv,Wormbase.ID
Apr-24-2024-07:59:56,whole_genome_v2_nov-11-2021.csv,Wormbase.ID
Apr-24-2024-08:00:05,whole_genome_v2_nov-11-2021.csv,Wormbase.ID
Apr-24-2024-07:59:48,whole_genome_v2_nov-11-2021.csv,Wormbase.ID
Jun-23-2024-01:56:01,whole_genome_v2_nov-11-2021.csv,Wormbase.ID
Mar-10-2024-16:21:00,whole_genome_v2_nov-11-2021.csv,Sequence.ID
Mar-04-2024-13:14:49,whole_genome_v2_nov-11-2021.csv,Wormbase.ID
Sep-18-2023-17:12:44,whole_genome_v2_nov-11-2021.csv,Wormbase.ID
Sep-18-2024-09:36:48,whole_genome_v2_nov-11-2021.csv,Wormbase.ID
Sep-20-2024-15:31:01,whole_genome_v2_nov-11-2021.csv,Wormbase.ID
Feb-15-2024-09:20:44,whole_genome_v2_nov-11-2021.csv,Wormbase.ID
Feb-23-2024-23:07:35,whole_genome_v2_nov-11-2021.csv,Wormbase.ID
Jul-26-2024-16:08:15,whole_genome_v2_nov-11-2021.csv,Wormbase.ID
Sep-06-2024-11:45:07,whole_genome_v2_nov-11-2021.csv,Wormbase.ID
Jan-26-2024-11:48:52,whole_genome_v2_nov-11-2021.csv,Wormbase.ID
Feb-15-2024-13:38:33,whole_genome_v2_nov-11-2021.csv,Sequence.ID
Sep-27-2023-16:11:46,whole_genome_v2_nov-11-2021.csv,Wormbase.ID
Aug-23-2024-21:47:26,whole_genome_v2_nov-11-2021.csv,Wormbase.ID
Dec-11-2023-18:45:29,whole_genome_v2_nov-11-2021.csv,Wormbase.ID
Jan-26-2024-14:55:57,whole_genome_v2_nov-11-2021.csv,Wormbase.ID
Sep-05-2024-22:37:15,whole_genome_v2_nov-11-2021.csv,Wormbase.ID
Aug-20-2023-19:44:15,whole_genome_v2_nov-11-2021.csv,Wormbase.ID
Aug-08-2023-02:01:21,whole_genome_v2_nov-11-2021.csv,Wormbase.ID
Apr-19-2024-18:54:03,whole_genome_v2_nov-11-2021.csv,Wormbase.ID
Apr-30-2024-14:33:48,whole_genome_v2_nov-11-2021.csv,Wormbase.ID
Jun-14-2024-10:41:20,whole_genome_v2_nov-11-2021.csv,Wormbase.ID
May-07-2024-21:50:52,whole_genome_v2_nov-11-2021.csv,Sequence.ID
Sep-29-2023-01:25:30,whole_genome_v2_nov-11-2021.csv,Wormbase.ID
Apr-23-2024-20:57:33,whole_genome_v2_nov-11-2021.csv,Wormbase.ID
Apr-15-2024-02:19:49,whole_genome_v2_nov-11-2021.csv,Wormbase.ID
Aug-08-2023-21:07:26,whole_genome_v2_nov-11-2021.csv,Wormbase.ID
Oct-07-2023-16:19:13,whole_genome_v2_nov-11-2021.csv,Wormbase.ID
Sep-08-2023-15:00:06,whole_genome_v2_nov-11-2021.csv,Wormbase.ID
Aug-11-2023-15:36:22,whole_genome_v2_nov-11-2021.csv,Wormbase.ID
Dec-12-2023-13:25:38,whole_genome_v2_nov-11-2021.csv,Wormbase.ID
Apr-17-2024-17:58:01,whole_genome_v2_nov-11-2021.csv,Wormbase.ID
Aug-28-2023-17:45:30,whole_genome_v2_nov-11-2021.csv,Wormbase.ID
Jul-29-2024-07:12:56,whole_genome_v2_nov-11-2021.csv,Sequence.ID
Dec-05-2023-02:26:22,whole_genome_v2_nov-11-2021.csv,Wormbase.ID
Aug-23-2024-08:23:58,whole_genome_v2_nov-11-2021.csv,Sequence.ID
Aug-29-2024-14:54:58,whole_genome_v2_nov-11-2021.csv,Wormbase.ID
Sep-21-2024-01:03:28,whole_genome_v2_nov-11-2021.csv,Sequence.ID
Feb-08-2024-01:37:50,whole_genome_v2_nov-11-2021.csv,Wormbase.ID
Apr-03-2024-17:24:46,whole_genome_v2_nov-11-2021.csv,Wormbase.ID
Sep-18-2023-17:16:59,whole_genome_v2_nov-11-2021.csv,Wormbase.ID
Apr-17-2024-16:00:38,whole_genome_v2_nov-11-2021.csv,Wormbase.ID
Sep-18-2023-17:21:26,whole_genome_v2_nov-11-2021.csv,Wormbase.ID
Feb-01-2024-18:24:54,whole_genome_v2_nov-11-2021.csv,Wormbase.ID
Mar-19-2024-12:46:02,whole_genome_v2_nov-11-2021.csv,Wormbase.ID
Sep-18-2023-17:14:46,whole_genome_v2_nov-11-2021.csv,Wormbase.ID
Oct-05-2023-19:54:11,whole_genome_v2_nov-11-2021.csv,Wormbase.ID
Sep-07-2023-14:36:48,whole_genome_v2_nov-11-2021.csv,Wormbase.ID
Jan-29-2024-02:10:33,whole_genome_v2_nov-11-2021.csv,Wormbase.ID
Jun-28-2024-18:40:19,whole_genome_v2_nov-11-2021.csv,Wormbase.ID
Dec-14-2023-12:27:33,whole_genome_v2_nov-11-2021.csv,Wormbase.ID
Sep-30-2023-01:41:46,whole_genome_v2_nov-11-2021.csv,Wormbase.ID
Jun-27-2024-21:16:32,whole_genome_v2_nov-11-2021.csv,Wormbase.ID
Oct-06-2023-01:00:58,whole_genome_v2_nov-11-2021.csv,Wormbase.ID
Sep-27-2023-19:51:25,whole_genome_v2_nov-11-2021.csv,Wormbase.ID
Apr-09-2024-20:03:30,whole_genome_v2_nov-11-2021.csv,Wormbase.ID
Feb-05-2024-01:58:22,whole_genome_v2_nov-11-2021.csv,Wormbase.ID
Mar-26-2024-16:57:32,whole_genome_v2_nov-11-2021.csv,Wormbase.ID
Jul-29-2024-20:29:38,whole_genome_v2_nov-11-2021.csv,Wormbase.ID
Jan-26-2024-10:08:39,whole_genome_v2_nov-11-2021.csv,Sequence.ID
Apr-26-2024-22:45:00,whole_genome_v2_nov-11-2021.csv,Wormbase.ID
Oct-30-2023-09:41:21,whole_genome_v2_nov-11-2021.csv,Wormbase.ID
Apr-18-2024-07:26:21,whole_genome_v2_nov-11-2021.csv,Wormbase.ID
Mar-01-2024-18:31:05,whole_genome_v2_nov-11-2021.csv,Wormbase.ID
Aug-14-2023-15:29:48,whole_genome_v2_nov-11-2021.csv,Wormbase.ID
Aug-28-2024-17:21:11,whole_genome_v2_nov-11-2021.csv,Wormbase.ID
Aug-13-2024-15:18:17,whole_genome_v2_nov-11-2021.csv,Wormbase.ID
Feb-21-2024-15:26:00,whole_genome_v2_nov-11-2021.csv,Wormbase.ID
Sep-24-2024-19:58:59,whole_genome_v2_nov-11-2021.csv,Wormbase.ID
Aug-13-2024-08:27:05,whole_genome_v2_nov-11-2021.csv,Wormbase.ID
Sep-27-2023-13:57:31,whole_genome_v2_nov-11-2021.csv,Sequence.ID
Oct-19-2023-15:41:31,whole_genome_v2_nov-11-2021.csv,Wormbase.ID
Jan-25-2024-16:33:41,whole_genome_v2_nov-11-2021.csv,Wormbase.ID
Oct-10-2024-16:54:19,whole_genome_v2_nov-11-2021.csv,Wormbase.ID
Apr-10-2024-13:58:43,whole_genome_v2_nov-11-2021.csv,Sequence.ID
Aug-06-2024-21:38:17,whole_genome_v2_nov-11-2021.csv,Wormbase.ID
Mar-25-2024-07:42:31,whole_genome_v2_nov-11-2021.csv,Sequence.ID
Sep-13-2024-05:44:16,whole_genome_v2_nov-11-2021.csv,Wormbase.ID
Sep-20-2023-11:49:36,whole_genome_v2_nov-11-2021.csv,Wormbase.ID
Apr-15-2024-03:29:36,whole_genome_v2_nov-11-2021.csv,Wormbase.ID
Sep-21-2024-01:42:35,whole_genome_v2_nov-11-2021.csv,Sequence.ID
Oct-25-2023-18:08:24,whole_genome_v2_nov-11-2021.csv,Wormbase.ID
Feb-17-2024-16:14:30,whole_genome_v2_nov-11-2021.csv,Wormbase.ID
Dec-28-2023-01:06:07,whole_genome_v2_nov-11-2021.csv,Wormbase.ID
Dec-14-2023-17:13:35,whole_genome_v2_nov-11-2021.csv,Sequence.ID
Nov-09-2023-21:37:56,whole_genome_v2_nov-11-2021.csv,Wormbase.ID
Mar-01-2024-02:02:07,whole_genome_v2_nov-11-2021.csv,Wormbase.ID
Nov-24-2023-21:16:40,whole_genome_v2_nov-11-2021.csv,Sequence.ID
Nov-17-2023-13:39:12,whole_genome_v2_nov-11-2021.csv,Wormbase.ID
Oct-11-2024-14:03:42,whole_genome_v2_nov-11-2021.csv,Wormbase.ID
Mar-12-2024-00:44:10,whole_genome_v2_nov-11-2021.csv,Wormbase.ID
Apr-21-2024-14:18:57,whole_genome_v2_nov-11-2021.csv,Wormbase.ID
Feb-28-2024-22:40:57,whole_genome_v2_nov-11-2021.csv,Wormbase.ID
Oct-04-2023-15:40:29,whole_genome_v2_nov-11-2021.csv,Wormbase.ID
Nov-03-2023-21:23:17,whole_genome_v2_nov-11-2021.csv,Wormbase.ID
Aug-07-2023-17:28:00,whole_genome_v2_nov-11-2021.csv,Sequence.ID
Sep-03-2023-18:17:14,whole_genome_v2_nov-11-2021.csv,Wormbase.ID
May-01-2024-18:55:18,whole_genome_v2_nov-11-2021.csv,Wormbase.ID
Oct-02-2023-18:21:19,whole_genome_v2_nov-11-2021.csv,Wormbase.ID
Dec-07-2023-20:54:16,whole_genome_v2_nov-11-2021.csv,Wormbase.ID
Feb-29-2024-09:56:01,whole_genome_v2_nov-11-2021.csv,Sequence.ID
Apr-11-2024-15:12:55,whole_genome_v2_nov-11-2021.csv,Wormbase.ID
Feb-29-2024-10:28:19,whole_genome_v2_nov-11-2021.csv,Sequence.ID
May-10-2024-19:32:22,whole_genome_v2_nov-11-2021.csv,Wormbase.ID
Jul-10-2024-07:58:36,whole_genome_v2_nov-11-2021.csv,Wormbase.ID
Oct-09-2024-22:02:28,whole_genome_v2_nov-11-2021.csv,Wormbase.ID
Sep-11-2024-13:43:05,whole_genome_v2_nov-11-2021.csv,Sequence.ID
Aug-09-2023-23:56:54,whole_genome_v2_nov-11-2021.csv,Sequence.ID
Apr-20-2024-01:24:55,whole_genome_v2_nov-11-2021.csv,Wormbase.ID
Apr-18-2024-13:46:14,whole_genome_v2_nov-11-2021.csv,Wormbase.ID
Aug-26-2024-17:48:27,whole_genome_v2_nov-11-2021.csv,Wormbase.ID
Aug-29-2023-12:45:44,whole_genome_v2_nov-11-2021.csv,Wormbase.ID
Feb-15-2024-18:37:33,whole_genome_v2_nov-11-2021.csv,Sequence.ID
Jul-07-2024-04:36:45,whole_genome_v2_nov-11-2021.csv,Wormbase.ID
Mar-09-2024-18:01:02,whole_genome_v2_nov-11-2021.csv,Wormbase.ID
Mar-07-2024-15:34:49,whole_genome_v2_nov-11-2021.csv,Wormbase.ID
Sep-18-2023-17:17:16,whole_genome_v2_nov-11-2021.csv,Sequence.ID
Apr-30-2024-09:25:48,whole_genome_v2_nov-11-2021.csv,Wormbase.ID
Apr-30-2024-14:41:06,whole_genome_v2_nov-11-2021.csv,Wormbase.ID
Sep-18-2023-17:26:15,whole_genome_v2_nov-11-2021.csv,Wormbase.ID
Jul-28-2024-17:21:35,whole_genome_v2_nov-11-2021.csv,Wormbase.ID
Sep-19-2023-15:11:57,whole_genome_v2_nov-11-2021.csv,Wormbase.ID
Dec-01-2023-19:01:55,whole_genome_v2_nov-11-2021.csv,Wormbase.ID
Aug-22-2024-14:28:28,whole_genome_v2_nov-11-2021.csv,Wormbase.ID
Sep-16-2024-18:51:03,whole_genome_v2_nov-11-2021.csv,Wormbase.ID
Sep-10-2024-11:41:28,whole_genome_v2_nov-11-2021.csv,Wormbase.ID
Aug-20-2023-12:26:53,whole_genome_v2_nov-11-2021.csv,Wormbase.ID
Mar-12-2024-01:34:18,whole_genome_v2_nov-11-2021.csv,Wormbase.ID
Mar-28-2024-14:52:01,whole_genome_v2_nov-11-2021.csv,Wormbase.ID
Dec-15-2023-15:29:11,whole_genome_v2_nov-11-2021.csv,Wormbase.ID
Sep-27-2023-18:23:01,whole_genome_v2_nov-11-2021.csv,Wormbase.ID
Jan-24-2024-22:22:15,whole_genome_v2_nov-11-2021.csv,Wormbase.ID
Jun-20-2024-11:22:47,ahringer_v1_jan-02-2019.csv,Wormbase.ID
Jan-05-2024-18:56:02,whole_genome_v2_nov-11-2021.csv,Wormbase.ID
Mar-12-2024-17:09:46,whole_genome_v2_nov-11-2021.csv,Wormbase.ID
Sep-20-2024-03:42:26,whole_genome_v2_nov-11-2021.csv,Sequence.ID
Sep-25-2023-20:42:19,whole_genome_v2_nov-11-2021.csv,Wormbase.ID
Jun-14-2024-03:46:45,whole_genome_v2_nov-11-2021.csv,Wormbase.ID
Nov-14-2023-15:52:24,whole_genome_v2_nov-11-2021.csv,Wormbase.ID
Sep-18-2023-17:17:33,whole_genome_v2_nov-11-2021.csv,Wormbase.ID
Aug-07-2023-17:09:35,whole_genome_v2_nov-11-2021.csv,Wormbase.ID
Feb-15-2024-21:36:30,whole_genome_v2_nov-11-2021.csv,Wormbase.ID
Sep-13-2024-14:48:49,whole_genome_v2_nov-11-2021.csv,Wormbase.ID
Nov-21-2023-18:21:28,whole_genome_v2_nov-11-2021.csv,Wormbase.ID
Jul-16-2024-06:39:29,whole_genome_v2_nov-11-2021.csv,Sequence.ID
Aug-28-2024-17:27:26,whole_genome_v2_nov-11-2021.csv,Wormbase.ID
Nov-01-2023-07:45:24,whole_genome_v2_nov-11-2021.csv,Wormbase.ID
Jan-11-2024-19:54:55,whole_genome_v2_nov-11-2021.csv,Wormbase.ID
Oct-06-2024-21:29:18,whole_genome_v2_nov-11-2021.csv,Wormbase.ID
Sep-21-2023-09:57:23,whole_genome_v2_nov-11-2021.csv,Wormbase.ID
Mar-02-2024-00:05:12,whole_genome_v2_nov-11-2021.csv,Wormbase.ID
Feb-08-2024-19:35:22,whole_genome_v2_nov-11-2021.csv,Wormbase.ID
Jul-09-2024-22:14:06,whole_genome_v2_nov-11-2021.csv,Wormbase.ID
Jul-24-2024-19:39:50,whole_genome_v2_nov-11-2021.csv,Wormbase.ID
Jul-03-2024-17:06:08,whole_genome_v2_nov-11-2021.csv,Wormbase.ID
Sep-11-2023-18:46:15,whole_genome_v2_nov-11-2021.csv,Wormbase.ID
May-20-2024-10:28:05,whole_genome_v2_nov-11-2021.csv,Wormbase.ID
Feb-22-2024-23:52:26,whole_genome_v2_nov-11-2021.csv,Wormbase.ID
Oct-29-2023-02:00:34,whole_genome_v2_nov-11-2021.csv,Sequence.ID
Apr-16-2024-05:35:44,whole_genome_v2_nov-11-2021.csv,Wormbase.ID
Aug-06-2024-08:41:25,whole_genome_v2_nov-11-2021.csv,Wormbase.ID
Oct-02-2023-06:02:31,whole_genome_v2_nov-11-2021.csv,Wormbase.ID
Jul-24-2024-17:54:29,whole_genome_v2_nov-11-2021.csv,Wormbase.ID
Dec-01-2023-00:44:38,whole_genome_v2_nov-11-2021.csv,Wormbase.ID
Mar-25-2024-07:29:22,whole_genome_v2_nov-11-2021.csv,Sequence.ID
Aug-29-2024-20:55:32,whole_genome_v2_nov-11-2021.csv,Wormbase.ID
Nov-14-2023-09:40:59,whole_genome_v2_nov-11-2021.csv,Wormbase.ID
Sep-15-2023-13:45:26,whole_genome_v2_nov-11-2021.csv,Wormbase.ID
Jul-31-2024-13:30:35,whole_genome_v2_nov-11-2021.csv,Wormbase.ID
Oct-02-2023-12:10:48,whole_genome_v2_nov-11-2021.csv,Wormbase.ID
Apr-22-2024-19:27:19,whole_genome_v2_nov-11-2021.csv,Sequence.ID
Feb-28-2024-21:38:05,whole_genome_v2_nov-11-2021.csv,Wormbase.ID
Jul-28-2024-16:38:37,whole_genome_v2_nov-11-2021.csv,Wormbase.ID
Apr-15-2024-12:05:50,whole_genome_v2_nov-11-2021.csv,Wormbase.ID
Oct-03-2024-20:01:43,whole_genome_v2_nov-11-2021.csv,Wormbase.ID
Aug-28-2024-17:36:54,whole_genome_v2_nov-11-2021.csv,Wormbase.ID
Apr-10-2024-17:01:51,whole_genome_v2_nov-11-2021.csv,Wormbase.ID
Oct-07-2024-21:52:09,whole_genome_v2_nov-11-2021.csv,Wormbase.ID
Oct-15-2024-17:08:20,whole_genome_v2_nov-11-2021.csv,Sequence.ID
Feb-18-2024-17:25:20,whole_genome_v2_nov-11-2021.csv,Wormbase.ID
Apr-03-2024-07:26:59,whole_genome_v2_nov-11-2021.csv,Sequence.ID
May-01-2024-19:18:07,whole_genome_v2_nov-11-2021.csv,Wormbase.ID
Nov-16-2023-17:00:54,whole_genome_v2_nov-11-2021.csv,Wormbase.ID
Mar-28-2024-11:40:49,whole_genome_v2_nov-11-2021.csv,Wormbase.ID
Apr-05-2024-16:15:52,whole_genome_v2_nov-11-2021.csv,Wormbase.ID
Aug-28-2024-17:20:57,whole_genome_v2_nov-11-2021.csv,Wormbase.ID
Sep-12-2023-05:42:19,whole_genome_v2_nov-11-2021.csv,Wormbase.ID
Nov-03-2023-18:40:26,whole_genome_v2_nov-11-2021.csv,Wormbase.ID
Jan-11-2024-19:20:52,whole_genome_v2_nov-11-2021.csv,Wormbase.ID
Aug-08-2023-01:29:33,whole_genome_v2_nov-11-2021.csv,Wormbase.ID
Aug-20-2024-20:00:19,whole_genome_v2_nov-11-2021.csv,Wormbase.ID
Aug-20-2024-20:05:59,whole_genome_v2_nov-11-2021.csv,Wormbase.ID
Jun-04-2024-12:44:08,whole_genome_v2_nov-11-2021.csv,Wormbase.ID
Aug-31-2023-22:16:37,whole_genome_v2_nov-11-2021.csv,Wormbase.ID
Apr-17-2024-13:31:01,whole_genome_v2_nov-11-2021.csv,Wormbase.ID
Aug-16-2023-19:58:46,whole_genome_v2_nov-11-2021.csv,Wormbase.ID
Sep-08-2023-12:18:36,whole_genome_v2_nov-11-2021.csv,Wormbase.ID
Mar-09-2024-22:27:07,whole_genome_v2_nov-11-2021.csv,Wormbase.ID
Jul-24-2024-03:05:37,whole_genome_v2_nov-11-2021.csv,Wormbase.ID
Feb-09-2024-19:10:10,whole_genome_v2_nov-11-2021.csv,Wormbase.ID
Jun-27-2024-17:36:04,whole_genome_v2_nov-11-2021.csv,Wormbase.ID
Jul-22-2024-06:51:26,whole_genome_v2_nov-11-2021.csv,Wormbase.ID
Feb-29-2024-10:43:22,whole_genome_v2_nov-11-2021.csv,Sequence.ID
Apr-26-2024-12:41:40,whole_genome_v2_nov-11-2021.csv,Wormbase.ID
Aug-09-2023-03:25:04,whole_genome_v2_nov-11-2021.csv,Wormbase.ID
Jul-22-2024-01:35:05,whole_genome_v2_nov-11-2021.csv,Wormbase.ID
Feb-21-2024-15:09:41,whole_genome_v2_nov-11-2021.csv,Sequence.ID
Aug-28-2023-09:33:22,whole_genome_v2_nov-11-2021.csv,Wormbase.ID
Jan-18-2024-21:10:50,whole_genome_v2_nov-11-2021.csv,Wormbase.ID
Aug-08-2023-22:28:26,whole_genome_v2_nov-11-2021.csv,Sequence.ID
Nov-01-2023-15:12:54,whole_genome_v2_nov-11-2021.csv,Sequence.ID
Mar-01-2024-10:35:27,whole_genome_v2_nov-11-2021.csv,Wormbase.ID
Jul-15-2024-09:28:22,whole_genome_v2_nov-11-2021.csv,Wormbase.ID
Jun-03-2024-11:51:42,whole_genome_v2_nov-11-2021.csv,Sequence.ID
Aug-13-2024-15:10:33,whole_genome_v2_nov-11-2021.csv,Wormbase.ID
Feb-15-2024-17:06:30,whole_genome_v2_nov-11-2021.csv,Wormbase.ID
Jan-19-2024-19:37:42,whole_genome_v2_nov-11-2021.csv,Wormbase.ID
Dec-12-2023-14:52:13,whole_genome_v2_nov-11-2021.csv,Sequence.ID
Dec-26-2023-11:51:43,whole_genome_v2_nov-11-2021.csv,Sequence.ID
Nov-28-2023-08:06:44,whole_genome_v2_nov-11-2021.csv,Wormbase.ID
Apr-01-2024-12:01:30,whole_genome_v2_nov-11-2021.csv,Wormbase.ID
Apr-04-2024-14:51:23,whole_genome_v2_nov-11-2021.csv,Wormbase.ID
Sep-19-2023-20:15:34,whole_genome_v2_nov-11-2021.csv,Wormbase.ID
Feb-19-2024-19:59:46,whole_genome_v2_nov-11-2021.csv,Wormbase.ID
Aug-07-2023-18:05:25,whole_genome_v2_nov-11-2021.csv,Sequence.ID
Feb-28-2024-13:37:45,whole_genome_v2_nov-11-2021.csv,Sequence.ID
May-17-2024-13:47:05,whole_genome_v2_nov-11-2021.csv,Wormbase.ID
Feb-22-2024-15:57:06,ORF_only_v2_nov-11-2021.csv,Wormbase.ID
Aug-13-2024-11:33:41,whole_genome_v2_nov-11-2021.csv,Wormbase.ID
Mar-29-2024-16:07:45,whole_genome_v2_nov-11-2021.csv,Wormbase.ID
Oct-15-2023-19:03:14,whole_genome_v2_nov-11-2021.csv,Sequence.ID
Sep-18-2023-17:32:34,whole_genome_v2_nov-11-2021.csv,Wormbase.ID
Sep-03-2023-19:21:15,whole_genome_v2_nov-11-2021.csv,Wormbase.ID
Feb-08-2024-16:14:48,whole_genome_v2_nov-11-2021.csv,Wormbase.ID
May-04-2024-15:50:09,whole_genome_v2_nov-11-2021.csv,Wormbase.ID
Apr-30-2024-17:40:02,whole_genome_v2_nov-11-2021.csv,Wormbase.ID
Jan-26-2024-09:00:05,whole_genome_v2_nov-11-2021.csv,Wormbase.ID
Apr-20-2024-17:07:11,whole_genome_v2_nov-11-2021.csv,Wormbase.ID
Apr-12-2024-02:12:20,whole_genome_v2_nov-11-2021.csv,Sequence.ID
Dec-06-2023-17:24:57,whole_genome_v2_nov-11-2021.csv,Wormbase.ID
Oct-08-2024-16:17:56,whole_genome_v2_nov-11-2021.csv,Wormbase.ID
Sep-18-2023-17:19:48,whole_genome_v2_nov-11-2021.csv,Wormbase.ID
Aug-21-2024-21:03:29,whole_genome_v2_nov-11-2021.csv,Wormbase.ID
Apr-12-2024-19:38:57,whole_genome_v2_nov-11-2021.csv,Wormbase.ID
May-16-2024-10:17:23,whole_genome_v2_nov-11-2021.csv,Sequence.ID
Feb-05-2024-13:58:12,whole_genome_v2_nov-11-2021.csv,Wormbase.ID
Aug-27-2024-14:39:58,whole_genome_v2_nov-11-2021.csv,Wormbase.ID
Dec-21-2023-20:57:08,whole_genome_v2_nov-11-2021.csv,Wormbase.ID
Feb-02-2024-21:51:51,whole_genome_v2_nov-11-2021.csv,Wormbase.ID
Nov-09-2023-21:26:14,whole_genome_v2_nov-11-2021.csv,Wormbase.ID
Jul-19-2024-12:16:22,whole_genome_v2_nov-11-2021.csv,Wormbase.ID
Jul-18-2024-18:33:35,whole_genome_v2_nov-11-2021.csv,Sequence.ID
Nov-14-2023-16:23:45,whole_genome_v2_nov-11-2021.csv,Wormbase.ID
May-28-2024-14:23:42,whole_genome_v2_nov-11-2021.csv,Wormbase.ID
May-24-2024-13:43:59,whole_genome_v2_nov-11-2021.csv,Wormbase.ID
Jun-13-2024-20:47:18,whole_genome_v2_nov-11-2021.csv,Wormbase.ID
Jan-16-2024-07:53:04,whole_genome_v2_nov-11-2021.csv,Wormbase.ID
Feb-07-2024-10:12:35,whole_genome_v2_nov-11-2021.csv,Sequence.ID
Mar-06-2024-15:30:11,whole_genome_v2_nov-11-2021.csv,Wormbase.ID
Aug-16-2023-16:07:53,whole_genome_v2_nov-11-2021.csv,Sequence.ID
Oct-16-2023-19:15:06,whole_genome_v2_nov-11-2021.csv,Wormbase.ID
Mar-02-2024-00:28:35,whole_genome_v2_nov-11-2021.csv,Wormbase.ID
Oct-07-2023-20:10:59,whole_genome_v2_nov-11-2021.csv,Wormbase.ID
Nov-09-2023-22:05:43,whole_genome_v2_nov-11-2021.csv,Wormbase.ID
Mar-05-2024-19:47:33,whole_genome_v2_nov-11-2021.csv,Wormbase.ID
Mar-20-2024-12:53:40,whole_genome_v2_nov-11-2021.csv,Sequence.ID
Oct-07-2024-08:09:23,whole_genome_v2_nov-11-2021.csv,Sequence.ID
Apr-11-2024-03:47:57,whole_genome_v2_nov-11-2021.csv,Wormbase.ID
Sep-29-2023-16:38:41,whole_genome_v2_nov-11-2021.csv,Wormbase.ID
Aug-11-2023-03:15:11,whole_genome_v2_nov-11-2021.csv,Wormbase.ID
Jan-08-2024-13:30:23,whole_genome_v2_nov-11-2021.csv,Wormbase.ID
Sep-10-2024-17:17:33,whole_genome_v2_nov-11-2021.csv,Wormbase.ID
Sep-30-2024-14:33:48,whole_genome_v2_nov-11-2021.csv,Wormbase.ID
Sep-19-2024-10:41:27,whole_genome_v2_nov-11-2021.csv,Wormbase.ID
Jul-16-2024-16:37:55,whole_genome_v2_nov-11-2021.csv,Wormbase.ID
Feb-29-2024-18:09:16,whole_genome_v2_nov-11-2021.csv,Wormbase.ID
Aug-12-2023-02:39:44,whole_genome_v2_nov-11-2021.csv,Wormbase.ID
Apr-17-2024-19:14:38,whole_genome_v2_nov-11-2021.csv,Wormbase.ID
Aug-29-2024-13:01:44,whole_genome_v2_nov-11-2021.csv,Wormbase.ID
Aug-13-2023-19:17:12,whole_genome_v2_nov-11-2021.csv,Wormbase.ID
Aug-29-2024-02:28:46,whole_genome_v2_nov-11-2021.csv,Wormbase.ID
Jul-31-2024-17:24:34,whole_genome_v2_nov-11-2021.csv,Wormbase.ID
Nov-21-2023-21:49:05,whole_genome_v2_nov-11-2021.csv,Sequence.ID
Jul-22-2024-05:53:06,whole_genome_v2_nov-11-2021.csv,Wormbase.ID
Oct-18-2023-16:19:22,whole_genome_v2_nov-11-2021.csv,Wormbase.ID
Feb-03-2024-18:35:01,whole_genome_v2_nov-11-2021.csv,Wormbase.ID
Aug-07-2024-19:40:17,whole_genome_v2_nov-11-2021.csv,Wormbase.ID
Aug-06-2024-14:15:35,whole_genome_v2_nov-11-2021.csv,Wormbase.ID
Jul-03-2024-15:37:34,ORF_only_v2_nov-11-2021.csv,Sequence.ID
Sep-07-2023-18:16:46,whole_genome_v2_nov-11-2021.csv,Wormbase.ID
May-28-2024-14:15:23,whole_genome_v2_nov-11-2021.csv,Wormbase.ID
Sep-29-2023-18:42:07,whole_genome_v2_nov-11-2021.csv,Wormbase.ID
May-05-2024-00:25:12,whole_genome_v2_nov-11-2021.csv,Wormbase.ID
Nov-27-2023-16:32:56,whole_genome_v2_nov-11-2021.csv,Wormbase.ID
Feb-13-2024-22:50:03,whole_genome_v2_nov-11-2021.csv,Wormbase.ID
Feb-14-2024-23:00:02,whole_genome_v2_nov-11-2021.csv,Wormbase.ID
Aug-29-2024-17:08:45,whole_genome_v2_nov-11-2021.csv,Wormbase.ID
Oct-25-2023-09:31:49,whole_genome_v2_nov-11-2021.csv,Sequence.ID
Mar-02-2024-00:04:03,whole_genome_v2_nov-11-2021.csv,Wormbase.ID
Oct-12-2024-20:39:05,whole_genome_v2_nov-11-2021.csv,Wormbase.ID
Aug-31-2023-22:15:08,whole_genome_v2_nov-11-2021.csv,Wormbase.ID
Feb-27-2024-10:10:56,whole_genome_v2_nov-11-2021.csv,Wormbase.ID
Nov-14-2023-13:59:31,whole_genome_v2_nov-11-2021.csv,Wormbase.ID
Nov-14-2023-14:01:03,whole_genome_v2_nov-11-2021.csv,Wormbase.ID
Nov-14-2023-13:59:06,whole_genome_v2_nov-11-2021.csv,Wormbase.ID
Nov-14-2023-14:01:45,whole_genome_v2_nov-11-2021.csv,Wormbase.ID
Nov-14-2023-14:00:22,whole_genome_v2_nov-11-2021.csv,Wormbase.ID
Nov-14-2023-13:59:15,whole_genome_v2_nov-11-2021.csv,Wormbase.ID
Nov-14-2023-14:00:03,whole_genome_v2_nov-11-2021.csv,Wormbase.ID
Nov-14-2023-14:00:53,whole_genome_v2_nov-11-2021.csv,Wormbase.ID
Nov-14-2023-14:01:29,whole_genome_v2_nov-11-2021.csv,Wormbase.ID
Nov-14-2023-14:00:29,whole_genome_v2_nov-11-2021.csv,Wormbase.ID
Nov-14-2023-13:59:23,whole_genome_v2_nov-11-2021.csv,Wormbase.ID
Nov-14-2023-14:01:37,whole_genome_v2_nov-11-2021.csv,Wormbase.ID
Nov-14-2023-14:00:37,whole_genome_v2_nov-11-2021.csv,Wormbase.ID
Nov-14-2023-13:59:39,whole_genome_v2_nov-11-2021.csv,Wormbase.ID
Nov-14-2023-14:01:21,whole_genome_v2_nov-11-2021.csv,Wormbase.ID
Nov-14-2023-14:01:12,whole_genome_v2_nov-11-2021.csv,Wormbase.ID
Nov-14-2023-14:00:45,whole_genome_v2_nov-11-2021.csv,Wormbase.ID
Nov-14-2023-14:00:13,whole_genome_v2_nov-11-2021.csv,Wormbase.ID
Nov-14-2023-13:59:47,whole_genome_v2_nov-11-2021.csv,Wormbase.ID
Nov-14-2023-13:59:55,whole_genome_v2_nov-11-2021.csv,Wormbase.ID
May-01-2024-13:26:12,whole_genome_v2_nov-11-2021.csv,Wormbase.ID
May-01-2024-13:25:55,whole_genome_v2_nov-11-2021.csv,Wormbase.ID
May-01-2024-13:26:04,whole_genome_v2_nov-11-2021.csv,Wormbase.ID
Aug-06-2023-23:42:09,whole_genome_v2_nov-11-2021.csv,Wormbase.ID
Dec-13-2023-11:31:18,whole_genome_v2_nov-11-2021.csv,Wormbase.ID
Feb-16-2024-20:29:52,whole_genome_v2_nov-11-2021.csv,Wormbase.ID
Mar-28-2024-19:35:16,whole_genome_v2_nov-11-2021.csv,Wormbase.ID
Sep-18-2023-17:28:11,whole_genome_v2_nov-11-2021.csv,Sequence.ID
Mar-20-2024-15:20:39,whole_genome_v2_nov-11-2021.csv,Sequence.ID
Sep-12-2023-16:43:03,whole_genome_v2_nov-11-2021.csv,Wormbase.ID
Aug-15-2024-04:10:00,ORF_only_v2_nov-11-2021.csv,Wormbase.ID
Aug-31-2023-15:13:32,whole_genome_v2_nov-11-2021.csv,Wormbase.ID
Sep-13-2023-19:55:04,whole_genome_v2_nov-11-2021.csv,Wormbase.ID
Nov-23-2023-15:00:38,ORF_only_v2_nov-11-2021.csv,Wormbase.ID
Oct-16-2023-18:04:04,whole_genome_v2_nov-11-2021.csv,Wormbase.ID
Aug-05-2024-12:29:01,whole_genome_v2_nov-11-2021.csv,Wormbase.ID
Oct-02-2023-19:32:46,whole_genome_v2_nov-11-2021.csv,Wormbase.ID
Jul-25-2024-14:58:54,whole_genome_v2_nov-11-2021.csv,Wormbase.ID
Aug-22-2024-08:54:54,whole_genome_v2_nov-11-2021.csv,Wormbase.ID
Sep-18-2023-17:32:38,whole_genome_v2_nov-11-2021.csv,Sequence.ID
Oct-04-2023-23:29:29,whole_genome_v2_nov-11-2021.csv,Wormbase.ID
Jul-04-2024-12:17:23,whole_genome_v2_nov-11-2021.csv,Wormbase.ID
Jul-08-2024-20:35:43,whole_genome_v2_nov-11-2021.csv,Wormbase.ID
Aug-29-2024-15:33:33,whole_genome_v2_nov-11-2021.csv,Wormbase.ID
Feb-28-2024-13:53:29,whole_genome_v2_nov-11-2021.csv,Sequence.ID
Dec-18-2023-15:53:00,whole_genome_v2_nov-11-2021.csv,Sequence.ID
Jun-25-2024-19:35:39,whole_genome_v2_nov-11-2021.csv,Wormbase.ID
Jun-25-2024-19:36:12,whole_genome_v2_nov-11-2021.csv,Wormbase.ID
Jun-25-2024-19:36:00,whole_genome_v2_nov-11-2021.csv,Wormbase.ID
Jun-25-2024-19:35:28,whole_genome_v2_nov-11-2021.csv,Wormbase.ID
Jun-25-2024-19:35:49,whole_genome_v2_nov-11-2021.csv,Wormbase.ID
Aug-27-2024-18:43:12,whole_genome_v2_nov-11-2021.csv,Wormbase.ID
Oct-30-2023-09:58:24,whole_genome_v2_nov-11-2021.csv,Wormbase.ID
Dec-18-2023-05:12:53,whole_genome_v2_nov-11-2021.csv,Sequence.ID
Feb-22-2024-15:39:43,whole_genome_v2_nov-11-2021.csv,Sequence.ID
Aug-11-2023-22:56:18,whole_genome_v2_nov-11-2021.csv,Wormbase.ID
Aug-03-2024-19:59:09,whole_genome_v2_nov-11-2021.csv,Wormbase.ID
Oct-12-2023-16:18:22,whole_genome_v2_nov-11-2021.csv,Wormbase.ID
Nov-14-2023-16:45:07,whole_genome_v2_nov-11-2021.csv,Wormbase.ID
Apr-21-2024-14:04:04,whole_genome_v2_nov-11-2021.csv,Wormbase.ID
Aug-25-2024-04:32:26,whole_genome_v2_nov-11-2021.csv,Wormbase.ID
Feb-17-2024-17:08:40,whole_genome_v2_nov-11-2021.csv,Wormbase.ID
Sep-03-2023-17:41:03,whole_genome_v2_nov-11-2021.csv,Sequence.ID
Feb-19-2024-20:43:59,whole_genome_v2_nov-11-2021.csv,Wormbase.ID
Nov-23-2023-19:10:47,whole_genome_v2_nov-11-2021.csv,Sequence.ID
Oct-03-2023-05:27:00,ORF_only_v2_nov-11-2021.csv,Wormbase.ID
Nov-30-2023-18:55:36,whole_genome_v2_nov-11-2021.csv,Wormbase.ID
Jul-15-2024-13:24:29,whole_genome_v1_jul-03-2019.csv,Wormbase.ID
Aug-28-2024-17:49:02,whole_genome_v2_nov-11-2021.csv,Wormbase.ID
May-10-2024-19:38:41,whole_genome_v2_nov-11-2021.csv,Wormbase.ID
Aug-19-2024-15:27:18,whole_genome_v2_nov-11-2021.csv,Wormbase.ID
Apr-02-2024-23:02:58,whole_genome_v2_nov-11-2021.csv,Wormbase.ID
May-21-2024-18:25:25,whole_genome_v2_nov-11-2021.csv,Wormbase.ID
Aug-19-2023-18:19:06,whole_genome_v2_nov-11-2021.csv,Wormbase.ID
Apr-18-2024-19:27:27,whole_genome_v2_nov-11-2021.csv,Wormbase.ID
Sep-22-2023-05:20:44,whole_genome_v2_nov-11-2021.csv,Sequence.ID
Aug-22-2024-20:25:47,whole_genome_v2_nov-11-2021.csv,Wormbase.ID
Sep-15-2023-13:38:20,whole_genome_v2_nov-11-2021.csv,Wormbase.ID
Aug-28-2023-15:39:15,whole_genome_v2_nov-11-2021.csv,Wormbase.ID
Mar-23-2024-15:29:16,whole_genome_v2_nov-11-2021.csv,Wormbase.ID
Sep-12-2023-05:43:08,whole_genome_v2_nov-11-2021.csv,Wormbase.ID
Feb-21-2024-15:27:36,whole_genome_v2_nov-11-2021.csv,Wormbase.ID
Apr-17-2024-18:19:16,whole_genome_v2_nov-11-2021.csv,Wormbase.ID
Sep-18-2023-17:12:13,whole_genome_v2_nov-11-2021.csv,Wormbase.ID
Jul-18-2024-18:03:24,whole_genome_v2_nov-11-2021.csv,Wormbase.ID
Apr-22-2024-20:57:09,whole_genome_v2_nov-11-2021.csv,Wormbase.ID
Nov-14-2023-16:40:33,whole_genome_v2_nov-11-2021.csv,Wormbase.ID
Aug-28-2024-17:31:34,whole_genome_v2_nov-11-2021.csv,Wormbase.ID
Jul-09-2024-18:39:42,whole_genome_v2_nov-11-2021.csv,Wormbase.ID
Aug-26-2024-15:15:33,whole_genome_v2_nov-11-2021.csv,Wormbase.ID
Jun-27-2024-17:28:25,whole_genome_v2_nov-11-2021.csv,Wormbase.ID
Aug-19-2024-16:34:42,whole_genome_v2_nov-11-2021.csv,Wormbase.ID
Apr-20-2024-01:05:36,whole_genome_v2_nov-11-2021.csv,Wormbase.ID
Nov-16-2023-16:53:39,whole_genome_v2_nov-11-2021.csv,Wormbase.ID
Dec-12-2023-16:20:54,whole_genome_v2_nov-11-2021.csv,Wormbase.ID
Feb-29-2024-10:44:42,whole_genome_v2_nov-11-2021.csv,Sequence.ID
May-14-2024-17:03:45,whole_genome_v2_nov-11-2021.csv,Sequence.ID
Dec-26-2023-00:27:24,whole_genome_v2_nov-11-2021.csv,Wormbase.ID
Jan-19-2024-05:26:35,whole_genome_v2_nov-11-2021.csv,Wormbase.ID
Sep-18-2023-17:16:47,whole_genome_v1_jul-03-2019.csv,Wormbase.ID
Aug-28-2024-17:18:50,whole_genome_v2_nov-11-2021.csv,Wormbase.ID
Sep-25-2023-05:22:28,whole_genome_v2_nov-11-2021.csv,Wormbase.ID
Oct-05-2023-18:51:20,whole_genome_v2_nov-11-2021.csv,Wormbase.ID
Mar-10-2024-00:01:44,ahringer_v1_jan-02-2019.csv,Wormbase.ID
Jan-27-2024-18:53:12,whole_genome_v2_nov-11-2021.csv,Sequence.ID
Jul-24-2024-17:58:34,whole_genome_v2_nov-11-2021.csv,Wormbase.ID
Apr-09-2024-14:43:22,whole_genome_v2_nov-11-2021.csv,Wormbase.ID
Aug-31-2023-08:00:55,whole_genome_v2_nov-11-2021.csv,Wormbase.ID
Oct-04-2023-15:40:08,whole_genome_v2_nov-11-2021.csv,Sequence.ID
Jun-11-2024-11:57:21,whole_genome_v2_nov-11-2021.csv,Wormbase.ID
Jul-02-2024-12:53:19,whole_genome_v2_nov-11-2021.csv,Wormbase.ID
Sep-25-2023-21:02:06,whole_genome_v2_nov-11-2021.csv,Wormbase.ID
Mar-19-2024-12:55:46,whole_genome_v2_nov-11-2021.csv,Wormbase.ID
Aug-11-2023-02:29:18,whole_genome_v2_nov-11-2021.csv,Wormbase.ID
Oct-27-2023-15:52:08,whole_genome_v2_nov-11-2021.csv,Wormbase.ID
Jun-18-2024-04:27:23,whole_genome_v2_nov-11-2021.csv,Sequence.ID
Sep-18-2023-17:38:05,whole_genome_v2_nov-11-2021.csv,Sequence.ID
May-20-2024-11:21:18,whole_genome_v2_nov-11-2021.csv,Wormbase.ID
Jul-17-2024-17:19:19,whole_genome_v2_nov-11-2021.csv,Wormbase.ID
Feb-09-2024-08:12:14,whole_genome_v2_nov-11-2021.csv,Sequence.ID
Nov-30-2023-12:56:26,whole_genome_v2_nov-11-2021.csv,Wormbase.ID
Dec-18-2023-16:39:07,whole_genome_v1_jul-03-2019.csv,Wormbase.ID
Jul-02-2024-12:38:20,whole_genome_v2_nov-11-2021.csv,Wormbase.ID
Feb-14-2024-13:48:09,whole_genome_v2_nov-11-2021.csv,Wormbase.ID
Aug-28-2024-15:11:49,whole_genome_v2_nov-11-2021.csv,Wormbase.ID
Mar-22-2024-18:00:28,whole_genome_v2_nov-11-2021.csv,Wormbase.ID
Mar-07-2024-00:44:08,whole_genome_v2_nov-11-2021.csv,Wormbase.ID
Jan-29-2024-20:35:47,whole_genome_v2_nov-11-2021.csv,Wormbase.ID
Jan-08-2024-12:00:38,whole_genome_v2_nov-11-2021.csv,Wormbase.ID
Oct-03-2023-14:13:02,whole_genome_v2_nov-11-2021.csv,Sequence.ID
Apr-25-2024-23:43:51,whole_genome_v2_nov-11-2021.csv,Wormbase.ID
Aug-22-2023-18:41:24,whole_genome_v2_nov-11-2021.csv,Wormbase.ID
Sep-18-2023-17:12:39,whole_genome_v2_nov-11-2021.csv,Sequence.ID
Oct-19-2023-16:57:52,whole_genome_v2_nov-11-2021.csv,Wormbase.ID
Jul-08-2024-17:57:39,whole_genome_v2_nov-11-2021.csv,Wormbase.ID
May-09-2024-01:59:38,whole_genome_v2_nov-11-2021.csv,Wormbase.ID
Nov-02-2023-15:56:43,whole_genome_v2_nov-11-2021.csv,Wormbase.ID
Dec-16-2023-15:52:41,whole_genome_v2_nov-11-2021.csv,Wormbase.ID
Sep-21-2023-13:38:00,whole_genome_v2_nov-11-2021.csv,Wormbase.ID
May-10-2024-19:24:59,whole_genome_v2_nov-11-2021.csv,Wormbase.ID
Sep-29-2023-15:13:48,whole_genome_v2_nov-11-2021.csv,Sequence.ID
Mar-27-2024-15:32:05,whole_genome_v2_nov-11-2021.csv,Wormbase.ID
Feb-08-2024-01:37:28,whole_genome_v2_nov-11-2021.csv,Wormbase.ID
May-28-2024-14:03:58,whole_genome_v2_nov-11-2021.csv,Wormbase.ID
Jun-04-2024-12:55:52,whole_genome_v2_nov-11-2021.csv,Wormbase.ID
Oct-06-2023-11:55:29,whole_genome_v1_jul-03-2019.csv,Wormbase.ID
Feb-14-2024-10:31:07,whole_genome_v2_nov-11-2021.csv,Wormbase.ID
Jul-17-2024-13:19:57,whole_genome_v2_nov-11-2021.csv,Wormbase.ID
Feb-27-2024-10:19:07,whole_genome_v2_nov-11-2021.csv,Wormbase.ID
Dec-18-2023-16:38:14,ahringer_v2_nov-11-2021.csv,Wormbase.ID
Feb-16-2024-15:45:07,whole_genome_v2_nov-11-2021.csv,Sequence.ID
Nov-30-2023-00:36:30,whole_genome_v2_nov-11-2021.csv,Wormbase.ID
Oct-17-2024-11:23:04,whole_genome_v2_nov-11-2021.csv,Wormbase.ID
Sep-13-2023-16:01:14,whole_genome_v2_nov-11-2021.csv,Wormbase.ID
Oct-26-2023-18:46:49,whole_genome_v2_nov-11-2021.csv,Wormbase.ID
Nov-07-2023-20:08:11,whole_genome_v2_nov-11-2021.csv,Wormbase.ID
Sep-20-2023-21:48:05,whole_genome_v2_nov-11-2021.csv,Wormbase.ID
Apr-17-2024-18:01:10,whole_genome_v2_nov-11-2021.csv,Wormbase.ID
Nov-27-2023-09:27:03,whole_genome_v2_nov-11-2021.csv,Wormbase.ID
Dec-18-2023-14:12:04,whole_genome_v2_nov-11-2021.csv,Wormbase.ID
Apr-16-2024-13:06:13,whole_genome_v2_nov-11-2021.csv,Wormbase.ID
Sep-30-2024-14:01:13,whole_genome_v2_nov-11-2021.csv,Wormbase.ID
Aug-13-2024-15:58:32,whole_genome_v2_nov-11-2021.csv,Wormbase.ID
Dec-16-2023-15:25:06,whole_genome_v2_nov-11-2021.csv,Wormbase.ID
May-23-2024-15:58:43,whole_genome_v2_nov-11-2021.csv,Wormbase.ID
Dec-11-2023-14:38:23,whole_genome_v2_nov-11-2021.csv,Wormbase.ID
Jul-30-2024-20:39:00,whole_genome_v2_nov-11-2021.csv,Wormbase.ID
Mar-24-2024-21:00:13,whole_genome_v2_nov-11-2021.csv,Sequence.ID
Mar-28-2024-04:14:16,whole_genome_v2_nov-11-2021.csv,Wormbase.ID
Oct-05-2023-05:24:24,whole_genome_v2_nov-11-2021.csv,Wormbase.ID
Sep-13-2023-16:03:37,whole_genome_v2_nov-11-2021.csv,Wormbase.ID
Aug-29-2024-17:17:50,whole_genome_v2_nov-11-2021.csv,Wormbase.ID
Mar-28-2024-14:44:51,whole_genome_v2_nov-11-2021.csv,Wormbase.ID
Oct-01-2024-14:23:08,whole_genome_v2_nov-11-2021.csv,Wormbase.ID
Sep-19-2023-17:40:51,whole_genome_v2_nov-11-2021.csv,Wormbase.ID
Aug-07-2023-23:58:20,whole_genome_v2_nov-11-2021.csv,Wormbase.ID
Sep-05-2024-12:37:59,whole_genome_v2_nov-11-2021.csv,Wormbase.ID
Sep-18-2023-21:37:43,whole_genome_v2_nov-11-2021.csv,Wormbase.ID
Feb-03-2024-18:36:15,whole_genome_v2_nov-11-2021.csv,Wormbase.ID
Dec-03-2023-19:36:26,whole_genome_v2_nov-11-2021.csv,Wormbase.ID
Jan-18-2024-13:07:29,whole_genome_v2_nov-11-2021.csv,Sequence.ID
Aug-11-2023-23:02:52,whole_genome_v2_nov-11-2021.csv,Wormbase.ID
Jun-26-2024-16:49:46,whole_genome_v2_nov-11-2021.csv,Wormbase.ID
Oct-10-2024-17:02:35,whole_genome_v2_nov-11-2021.csv,Wormbase.ID
Apr-09-2024-14:40:11,whole_genome_v2_nov-11-2021.csv,Wormbase.ID
Oct-16-2024-02:02:11,whole_genome_v2_nov-11-2021.csv,Sequence.ID
Aug-16-2024-16:55:04,whole_genome_v2_nov-11-2021.csv,Wormbase.ID
Sep-27-2023-17:13:24,whole_genome_v2_nov-11-2021.csv,Wormbase.ID
Oct-11-2024-20:07:36,whole_genome_v2_nov-11-2021.csv,Wormbase.ID
Oct-05-2023-13:20:36,whole_genome_v2_nov-11-2021.csv,Wormbase.ID
Sep-13-2023-16:05:32,whole_genome_v2_nov-11-2021.csv,Wormbase.ID
Dec-28-2023-01:58:33,whole_genome_v2_nov-11-2021.csv,Wormbase.ID
Jul-15-2024-22:34:34,whole_genome_v2_nov-11-2021.csv,Wormbase.ID
Sep-18-2023-17:10:31,whole_genome_v2_nov-11-2021.csv,Wormbase.ID
Sep-25-2024-11:22:52,whole_genome_v2_nov-11-2021.csv,Wormbase.ID
Sep-18-2023-17:23:49,whole_genome_v2_nov-11-2021.csv,Sequence.ID
Sep-28-2023-14:27:28,whole_genome_v2_nov-11-2021.csv,Wormbase.ID
Sep-28-2024-20:59:19,whole_genome_v2_nov-11-2021.csv,Wormbase.ID
Sep-15-2024-00:40:44,whole_genome_v2_nov-11-2021.csv,Wormbase.ID
Oct-12-2023-20:20:43,whole_genome_v2_nov-11-2021.csv,Wormbase.ID
Sep-29-2023-01:23:25,whole_genome_v2_nov-11-2021.csv,Wormbase.ID
Jan-11-2024-13:27:29,whole_genome_v2_nov-11-2021.csv,Wormbase.ID
Nov-14-2023-16:35:36,whole_genome_v2_nov-11-2021.csv,Wormbase.ID
Sep-22-2023-16:29:15,whole_genome_v2_nov-11-2021.csv,Wormbase.ID
Sep-18-2023-17:07:59,whole_genome_v2_nov-11-2021.csv,Wormbase.ID
Jul-15-2024-20:35:12,whole_genome_v2_nov-11-2021.csv,Wormbase.ID
Aug-07-2023-23:44:43,whole_genome_v2_nov-11-2021.csv,Wormbase.ID
Jun-24-2024-13:38:47,whole_genome_v2_nov-11-2021.csv,Sequence.ID
Jun-02-2024-14:50:10,whole_genome_v2_nov-11-2021.csv,Wormbase.ID
Jun-04-2024-19:53:10,whole_genome_v2_nov-11-2021.csv,Wormbase.ID
Mar-02-2024-16:36:00,whole_genome_v2_nov-11-2021.csv,Wormbase.ID
Jul-07-2024-05:04:59,whole_genome_v2_nov-11-2021.csv,Wormbase.ID
Sep-16-2024-11:16:32,whole_genome_v2_nov-11-2021.csv,Wormbase.ID
Mar-19-2024-14:14:16,whole_genome_v2_nov-11-2021.csv,Wormbase.ID
Dec-18-2023-07:57:14,whole_genome_v2_nov-11-2021.csv,Sequence.ID
Sep-18-2023-17:30:14,whole_genome_v2_nov-11-2021.csv,Sequence.ID
Nov-10-2023-03:23:47,whole_genome_v2_nov-11-2021.csv,Wormbase.ID
Mar-01-2024-10:33:21,whole_genome_v2_nov-11-2021.csv,Wormbase.ID
Aug-05-2024-05:16:02,whole_genome_v2_nov-11-2021.csv,Wormbase.ID
Sep-18-2023-17:13:59,whole_genome_v2_nov-11-2021.csv,Sequence.ID
Aug-31-2024-23:48:07,whole_genome_v2_nov-11-2021.csv,Wormbase.ID
Jan-20-2024-09:49:46,whole_genome_v2_nov-11-2021.csv,Wormbase.ID
Oct-10-2024-16:54:05,whole_genome_v2_nov-11-2021.csv,Wormbase.ID
Apr-24-2024-03:11:48,whole_genome_v2_nov-11-2021.csv,Wormbase.ID
Aug-08-2023-17:53:18,whole_genome_v2_nov-11-2021.csv,Wormbase.ID
Nov-09-2023-21:15:19,whole_genome_v2_nov-11-2021.csv,Wormbase.ID
Aug-13-2024-15:09:49,whole_genome_v2_nov-11-2021.csv,Wormbase.ID
Sep-25-2023-23:43:21,whole_genome_v2_nov-11-2021.csv,Wormbase.ID
Sep-20-2023-15:02:52,whole_genome_v2_nov-11-2021.csv,Wormbase.ID
Oct-11-2024-21:29:27,whole_genome_v2_nov-11-2021.csv,Wormbase.ID
Aug-28-2024-17:19:45,whole_genome_v2_nov-11-2021.csv,Wormbase.ID
Apr-24-2024-12:32:24,whole_genome_v2_nov-11-2021.csv,Wormbase.ID
Oct-07-2023-12:27:59,whole_genome_v2_nov-11-2021.csv,Sequence.ID
Jan-12-2024-21:29:51,whole_genome_v2_nov-11-2021.csv,Wormbase.ID
Oct-26-2023-18:19:08,whole_genome_v2_nov-11-2021.csv,Wormbase.ID
Sep-10-2023-09:47:33,whole_genome_v2_nov-11-2021.csv,Wormbase.ID
Dec-27-2023-17:50:52,whole_genome_v2_nov-11-2021.csv,Wormbase.ID
Sep-21-2023-14:02:05,whole_genome_v2_nov-11-2021.csv,Wormbase.ID
Jun-19-2024-13:27:13,whole_genome_v2_nov-11-2021.csv,Wormbase.ID
Feb-21-2024-15:10:42,whole_genome_v2_nov-11-2021.csv,Wormbase.ID
Sep-12-2023-12:01:07,whole_genome_v2_nov-11-2021.csv,Wormbase.ID
Oct-03-2024-09:21:50,whole_genome_v2_nov-11-2021.csv,Sequence.ID
Apr-01-2024-22:02:32,whole_genome_v2_nov-11-2021.csv,Wormbase.ID
Sep-10-2024-19:21:27,whole_genome_v2_nov-11-2021.csv,Wormbase.ID
Apr-03-2024-09:07:30,whole_genome_v2_nov-11-2021.csv,Sequence.ID
Jun-29-2024-23:48:03,whole_genome_v2_nov-11-2021.csv,Wormbase.ID
Apr-22-2024-23:39:13,whole_genome_v2_nov-11-2021.csv,Wormbase.ID
Oct-03-2023-13:54:50,whole_genome_v2_nov-11-2021.csv,Wormbase.ID
Aug-30-2023-03:12:55,whole_genome_v2_nov-11-2021.csv,Wormbase.ID
Sep-20-2023-08:59:37,whole_genome_v2_nov-11-2021.csv,Wormbase.ID
Nov-02-2023-15:00:37,whole_genome_v2_nov-11-2021.csv,Wormbase.ID
Nov-28-2023-15:58:24,whole_genome_v2_nov-11-2021.csv,Wormbase.ID
Apr-30-2024-02:52:06,whole_genome_v2_nov-11-2021.csv,Wormbase.ID
May-27-2024-13:31:26,whole_genome_v2_nov-11-2021.csv,Wormbase.ID
Apr-17-2024-13:39:39,whole_genome_v2_nov-11-2021.csv,Wormbase.ID
May-29-2024-16:04:38,whole_genome_v2_nov-11-2021.csv,Wormbase.ID
Feb-07-2024-20:53:14,whole_genome_v2_nov-11-2021.csv,Sequence.ID
Aug-17-2023-17:10:53,whole_genome_v2_nov-11-2021.csv,Sequence.ID
Oct-24-2023-07:14:53,whole_genome_v2_nov-11-2021.csv,Wormbase.ID
Sep-05-2023-16:58:12,whole_genome_v2_nov-11-2021.csv,Wormbase.ID
Aug-08-2023-20:53:00,whole_genome_v2_nov-11-2021.csv,Wormbase.ID
Jul-15-2024-09:39:41,whole_genome_v2_nov-11-2021.csv,Wormbase.ID
Jul-15-2024-09:39:51,whole_genome_v2_nov-11-2021.csv,Wormbase.ID
Jul-25-2024-10:47:44,whole_genome_v2_nov-11-2021.csv,Wormbase.ID
Oct-29-2023-02:43:34,whole_genome_v2_nov-11-2021.csv,Wormbase.ID
Jul-28-2024-17:09:20,whole_genome_v2_nov-11-2021.csv,Wormbase.ID
Oct-08-2024-16:53:05,whole_genome_v2_nov-11-2021.csv,Wormbase.ID
Jul-10-2024-07:25:19,whole_genome_v2_nov-11-2021.csv,Wormbase.ID
May-16-2024-10:23:09,whole_genome_v2_nov-11-2021.csv,Sequence.ID
Apr-27-2024-00:59:49,whole_genome_v2_nov-11-2021.csv,Wormbase.ID
Oct-24-2023-13:44:21,whole_genome_v2_nov-11-2021.csv,Wormbase.ID
Aug-07-2024-19:43:19,whole_genome_v2_nov-11-2021.csv,Wormbase.ID
Mar-19-2024-17:14:37,whole_genome_v2_nov-11-2021.csv,Wormbase.ID
Oct-02-2023-21:59:40,whole_genome_v2_nov-11-2021.csv,Wormbase.ID
Jun-29-2024-13:42:39,whole_genome_v2_nov-11-2021.csv,Sequence.ID
Apr-30-2024-10:25:20,whole_genome_v2_nov-11-2021.csv,Wormbase.ID
Apr-16-2024-13:03:53,whole_genome_v2_nov-11-2021.csv,Wormbase.ID
Dec-12-2023-18:15:53,whole_genome_v2_nov-11-2021.csv,Wormbase.ID
Aug-28-2024-20:36:40,whole_genome_v2_nov-11-2021.csv,Wormbase.ID
Mar-28-2024-18:22:07,whole_genome_v2_nov-11-2021.csv,Wormbase.ID
Oct-07-2024-04:40:48,whole_genome_v2_nov-11-2021.csv,Wormbase.ID
Sep-20-2024-14:39:38,whole_genome_v2_nov-11-2021.csv,Wormbase.ID
Dec-20-2023-14:55:20,whole_genome_v2_nov-11-2021.csv,Wormbase.ID
Dec-29-2023-16:43:33,whole_genome_v2_nov-11-2021.csv,Wormbase.ID
Sep-13-2024-14:44:48,whole_genome_v2_nov-11-2021.csv,Wormbase.ID
Oct-10-2024-02:36:01,whole_genome_v2_nov-11-2021.csv,Wormbase.ID
Sep-09-2024-06:04:05,whole_genome_v2_nov-11-2021.csv,Wormbase.ID
Mar-22-2024-14:30:35,whole_genome_v2_nov-11-2021.csv,Sequence.ID
Aug-28-2024-17:17:17,whole_genome_v2_nov-11-2021.csv,Wormbase.ID
Aug-28-2024-09:42:34,whole_genome_v2_nov-11-2021.csv,Wormbase.ID
Aug-22-2023-19:03:17,whole_genome_v2_nov-11-2021.csv,Wormbase.ID
Jul-25-2024-18:45:16,whole_genome_v2_nov-11-2021.csv,Wormbase.ID
Sep-18-2023-22:32:15,whole_genome_v2_nov-11-2021.csv,Wormbase.ID
Feb-16-2024-15:33:05,whole_genome_v2_nov-11-2021.csv,Sequence.ID
Apr-17-2024-19:08:09,whole_genome_v2_nov-11-2021.csv,Wormbase.ID
Apr-17-2024-15:49:06,whole_genome_v2_nov-11-2021.csv,Wormbase.ID
Mar-31-2024-03:07:54,whole_genome_v2_nov-11-2021.csv,Sequence.ID
Nov-19-2023-23:41:46,whole_genome_v2_nov-11-2021.csv,Wormbase.ID
Feb-22-2024-15:32:02,whole_genome_v2_nov-11-2021.csv,Sequence.ID
Aug-14-2024-12:01:16,whole_genome_v2_nov-11-2021.csv,Wormbase.ID
May-23-2024-19:42:42,whole_genome_v2_nov-11-2021.csv,Wormbase.ID
Nov-05-2023-14:05:28,whole_genome_v2_nov-11-2021.csv,Wormbase.ID
Sep-18-2023-10:01:01,whole_genome_v2_nov-11-2021.csv,Wormbase.ID
Sep-18-2023-10:01:28,whole_genome_v2_nov-11-2021.csv,Wormbase.ID
Sep-18-2023-10:00:24,whole_genome_v2_nov-11-2021.csv,Wormbase.ID
Sep-18-2023-10:00:52,whole_genome_v2_nov-11-2021.csv,Wormbase.ID
Sep-18-2023-10:01:19,whole_genome_v2_nov-11-2021.csv,Wormbase.ID
Sep-18-2023-10:01:36,whole_genome_v2_nov-11-2021.csv,Wormbase.ID
Sep-18-2023-10:01:10,whole_genome_v2_nov-11-2021.csv,Wormbase.ID
Sep-18-2023-10:01:45,whole_genome_v2_nov-11-2021.csv,Wormbase.ID
Sep-18-2023-10:00:43,whole_genome_v2_nov-11-2021.csv,Wormbase.ID
Sep-18-2023-10:00:32,whole_genome_v2_nov-11-2021.csv,Wormbase.ID
Jul-11-2024-15:00:36,whole_genome_v2_nov-11-2021.csv,Wormbase.ID
Feb-28-2024-13:26:29,whole_genome_v2_nov-11-2021.csv,Wormbase.ID
Oct-08-2024-16:50:09,whole_genome_v2_nov-11-2021.csv,Wormbase.ID
Mar-29-2024-23:12:14,whole_genome_v2_nov-11-2021.csv,Wormbase.ID
Sep-18-2023-17:20:25,whole_genome_v2_nov-11-2021.csv,Wormbase.ID
Oct-02-2023-06:05:26,whole_genome_v2_nov-11-2021.csv,Wormbase.ID
Mar-01-2024-10:55:47,whole_genome_v2_nov-11-2021.csv,Wormbase.ID
Jul-18-2024-20:09:56,whole_genome_v2_nov-11-2021.csv,Wormbase.ID
Dec-20-2023-09:32:21,whole_genome_v2_nov-11-2021.csv,Sequence.ID
Mar-27-2024-10:37:43,whole_genome_v2_nov-11-2021.csv,Wormbase.ID
Feb-02-2024-21:09:39,whole_genome_v2_nov-11-2021.csv,Sequence.ID
Aug-13-2024-20:04:50,whole_genome_v2_nov-11-2021.csv,Wormbase.ID
Jun-24-2024-18:03:39,whole_genome_v2_nov-11-2021.csv,Wormbase.ID
Nov-28-2023-13:20:51,whole_genome_v1_jul-03-2019.csv,Wormbase.ID
Feb-20-2024-15:37:49,whole_genome_v2_nov-11-2021.csv,Sequence.ID
Nov-30-2023-04:48:46,whole_genome_v2_nov-11-2021.csv,Wormbase.ID
Apr-08-2024-17:22:15,whole_genome_v2_nov-11-2021.csv,Wormbase.ID
Aug-28-2024-18:26:05,whole_genome_v2_nov-11-2021.csv,Wormbase.ID
Dec-03-2023-19:31:38,whole_genome_v2_nov-11-2021.csv,Wormbase.ID
Feb-26-2024-20:41:07,whole_genome_v2_nov-11-2021.csv,Wormbase.ID
May-28-2024-18:00:10,whole_genome_v2_nov-11-2021.csv,Wormbase.ID
Aug-11-2023-23:06:44,whole_genome_v2_nov-11-2021.csv,Wormbase.ID
Dec-18-2023-20:37:56,whole_genome_v2_nov-11-2021.csv,Wormbase.ID
Sep-13-2024-15:47:56,whole_genome_v2_nov-11-2021.csv,Wormbase.ID
Sep-09-2024-15:56:34,whole_genome_v2_nov-11-2021.csv,Wormbase.ID
Dec-15-2023-16:39:40,whole_genome_v2_nov-11-2021.csv,Wormbase.ID
Jan-14-2024-21:15:35,whole_genome_v2_nov-11-2021.csv,Wormbase.ID
Nov-16-2023-17:53:15,whole_genome_v2_nov-11-2021.csv,Wormbase.ID
Jan-11-2024-19:06:50,whole_genome_v2_nov-11-2021.csv,Wormbase.ID
Aug-31-2023-18:35:21,whole_genome_v2_nov-11-2021.csv,Wormbase.ID
Aug-13-2024-20:06:56,whole_genome_v2_nov-11-2021.csv,Wormbase.ID
May-01-2024-13:47:56,whole_genome_v2_nov-11-2021.csv,Wormbase.ID
Oct-06-2023-01:03:01,whole_genome_v2_nov-11-2021.csv,Wormbase.ID
Aug-17-2024-18:45:12,whole_genome_v2_nov-11-2021.csv,Wormbase.ID
Aug-16-2023-20:00:48,whole_genome_v2_nov-11-2021.csv,Wormbase.ID
Mar-07-2024-02:18:24,whole_genome_v2_nov-11-2021.csv,Sequence.ID
Jul-31-2024-13:27:17,whole_genome_v2_nov-11-2021.csv,Wormbase.ID
Feb-09-2024-00:11:27,whole_genome_v2_nov-11-2021.csv,Wormbase.ID
May-10-2024-06:44:22,whole_genome_v2_nov-11-2021.csv,Wormbase.ID
Sep-29-2023-18:50:23,whole_genome_v2_nov-11-2021.csv,Wormbase.ID
Oct-24-2023-17:08:27,whole_genome_v2_nov-11-2021.csv,Wormbase.ID
May-28-2024-22:02:55,whole_genome_v2_nov-11-2021.csv,Wormbase.ID
Dec-12-2023-13:22:59,whole_genome_v2_nov-11-2021.csv,Wormbase.ID
Sep-11-2024-13:48:57,whole_genome_v2_nov-11-2021.csv,Wormbase.ID
Sep-11-2023-23:21:02,whole_genome_v2_nov-11-2021.csv,Wormbase.ID
May-28-2024-16:30:16,whole_genome_v2_nov-11-2021.csv,Wormbase.ID
May-28-2024-16:29:24,whole_genome_v2_nov-11-2021.csv,Wormbase.ID
May-28-2024-16:30:05,whole_genome_v2_nov-11-2021.csv,Wormbase.ID
May-28-2024-16:28:55,whole_genome_v2_nov-11-2021.csv,Wormbase.ID
May-28-2024-16:28:44,whole_genome_v2_nov-11-2021.csv,Wormbase.ID
May-28-2024-16:29:55,whole_genome_v2_nov-11-2021.csv,Wormbase.ID
May-28-2024-16:29:45,whole_genome_v2_nov-11-2021.csv,Wormbase.ID
May-28-2024-16:30:25,whole_genome_v2_nov-11-2021.csv,Wormbase.ID
May-28-2024-16:29:34,whole_genome_v2_nov-11-2021.csv,Wormbase.ID
May-28-2024-16:29:15,whole_genome_v2_nov-11-2021.csv,Wormbase.ID
May-28-2024-16:29:05,whole_genome_v2_nov-11-2021.csv,Wormbase.ID
Sep-19-2023-15:33:24,whole_genome_v2_nov-11-2021.csv,Wormbase.ID
Sep-18-2023-17:13:18,whole_genome_v2_nov-11-2021.csv,Wormbase.ID
Aug-29-2024-03:23:25,whole_genome_v2_nov-11-2021.csv,Wormbase.ID
Dec-14-2023-01:55:57,whole_genome_v2_nov-11-2021.csv,Wormbase.ID
Aug-31-2023-00:16:29,whole_genome_v2_nov-11-2021.csv,Wormbase.ID
Sep-13-2024-05:37:56,whole_genome_v2_nov-11-2021.csv,Wormbase.ID
Jun-24-2024-16:32:31,whole_genome_v2_nov-11-2021.csv,Wormbase.ID
Jul-08-2024-11:51:28,whole_genome_v2_nov-11-2021.csv,Wormbase.ID
Jan-17-2024-15:13:50,whole_genome_v2_nov-11-2021.csv,Wormbase.ID
Jan-08-2024-06:43:50,whole_genome_v2_nov-11-2021.csv,Wormbase.ID
Apr-18-2024-12:09:23,whole_genome_v2_nov-11-2021.csv,Sequence.ID
Jan-30-2024-16:18:03,whole_genome_v2_nov-11-2021.csv,Wormbase.ID
Sep-25-2023-20:00:57,whole_genome_v2_nov-11-2021.csv,Wormbase.ID
Oct-02-2024-20:54:43,whole_genome_v2_nov-11-2021.csv,Wormbase.ID
Nov-29-2023-17:40:20,whole_genome_v2_nov-11-2021.csv,Wormbase.ID
Sep-10-2023-01:21:44,whole_genome_v2_nov-11-2021.csv,Wormbase.ID
May-10-2024-11:57:09,whole_genome_v2_nov-11-2021.csv,Wormbase.ID
Feb-27-2024-17:57:58,whole_genome_v2_nov-11-2021.csv,Wormbase.ID
Jun-21-2024-11:33:40,whole_genome_v2_nov-11-2021.csv,Wormbase.ID
Apr-23-2024-20:40:18,whole_genome_v2_nov-11-2021.csv,Sequence.ID
Jul-16-2024-21:21:42,whole_genome_v2_nov-11-2021.csv,Wormbase.ID
Apr-17-2024-14:45:26,whole_genome_v2_nov-11-2021.csv,Wormbase.ID
Oct-11-2023-13:33:49,whole_genome_v2_nov-11-2021.csv,Wormbase.ID
Oct-11-2023-13:33:57,whole_genome_v2_nov-11-2021.csv,Wormbase.ID
May-17-2024-14:40:10,whole_genome_v2_nov-11-2021.csv,Wormbase.ID
Sep-05-2024-10:08:42,whole_genome_v2_nov-11-2021.csv,Sequence.ID
Feb-15-2024-13:57:12,whole_genome_v2_nov-11-2021.csv,Sequence.ID
Aug-28-2024-17:29:33,whole_genome_v2_nov-11-2021.csv,Wormbase.ID
Oct-02-2023-13:49:59,whole_genome_v2_nov-11-2021.csv,Wormbase.ID
Feb-21-2024-21:38:16,whole_genome_v2_nov-11-2021.csv,Wormbase.ID
Sep-16-2024-00:07:00,whole_genome_v2_nov-11-2021.csv,Wormbase.ID
Apr-16-2024-13:13:01,whole_genome_v2_nov-11-2021.csv,Wormbase.ID
Nov-14-2023-15:59:12,whole_genome_v2_nov-11-2021.csv,Wormbase.ID
Jul-20-2024-13:10:55,whole_genome_v2_nov-11-2021.csv,Wormbase.ID
Apr-26-2024-07:25:21,whole_genome_v2_nov-11-2021.csv,Wormbase.ID
Aug-28-2024-17:03:21,whole_genome_v2_nov-11-2021.csv,Wormbase.ID
Nov-15-2023-16:34:14,whole_genome_v2_nov-11-2021.csv,Wormbase.ID
May-22-2024-15:55:38,whole_genome_v2_nov-11-2021.csv,Wormbase.ID
May-29-2024-15:57:45,whole_genome_v2_nov-11-2021.csv,Wormbase.ID
Aug-07-2024-08:58:13,whole_genome_v2_nov-11-2021.csv,Wormbase.ID
Oct-20-2023-18:57:07,whole_genome_v2_nov-11-2021.csv,Wormbase.ID
Jun-24-2024-19:43:55,whole_genome_v2_nov-11-2021.csv,Wormbase.ID
Oct-03-2023-20:47:06,whole_genome_v2_nov-11-2021.csv,Wormbase.ID
Jul-09-2024-22:54:36,whole_genome_v2_nov-11-2021.csv,Wormbase.ID
Oct-01-2024-15:47:21,whole_genome_v2_nov-11-2021.csv,Sequence.ID
Oct-05-2023-19:50:17,whole_genome_v2_nov-11-2021.csv,Wormbase.ID
Jul-03-2024-20:37:04,whole_genome_v2_nov-11-2021.csv,Wormbase.ID
Jul-01-2024-14:25:00,whole_genome_v2_nov-11-2021.csv,Sequence.ID
Aug-28-2023-19:42:17,whole_genome_v2_nov-11-2021.csv,Wormbase.ID
Dec-30-2023-22:23:40,whole_genome_v2_nov-11-2021.csv,Wormbase.ID
Feb-20-2024-12:54:47,whole_genome_v2_nov-11-2021.csv,Sequence.ID
Aug-04-2024-13:43:05,whole_genome_v2_nov-11-2021.csv,Wormbase.ID
Sep-18-2023-17:13:06,whole_genome_v2_nov-11-2021.csv,Sequence.ID
Sep-12-2024-16:59:41,whole_genome_v2_nov-11-2021.csv,Wormbase.ID
Aug-21-2023-14:16:42,whole_genome_v2_nov-11-2021.csv,Wormbase.ID
Aug-21-2023-14:16:52,whole_genome_v2_nov-11-2021.csv,Wormbase.ID
Aug-21-2023-14:16:25,whole_genome_v2_nov-11-2021.csv,Wormbase.ID
Aug-21-2023-14:16:33,whole_genome_v2_nov-11-2021.csv,Wormbase.ID
Jul-03-2024-08:09:50,whole_genome_v2_nov-11-2021.csv,Wormbase.ID
Nov-14-2023-09:39:58,whole_genome_v2_nov-11-2021.csv,Wormbase.ID
Jun-04-2024-19:48:06,whole_genome_v2_nov-11-2021.csv,Wormbase.ID
Jul-25-2024-20:23:48,whole_genome_v2_nov-11-2021.csv,Wormbase.ID
Oct-09-2024-15:42:16,whole_genome_v2_nov-11-2021.csv,Wormbase.ID
Oct-13-2024-07:21:11,whole_genome_v2_nov-11-2021.csv,Wormbase.ID
May-02-2024-21:45:25,whole_genome_v2_nov-11-2021.csv,Sequence.ID
Oct-28-2023-21:20:11,whole_genome_v2_nov-11-2021.csv,Wormbase.ID
May-20-2024-19:42:27,whole_genome_v2_nov-11-2021.csv,Wormbase.ID
May-24-2024-17:38:01,whole_genome_v2_nov-11-2021.csv,Sequence.ID
Feb-09-2024-12:50:22,whole_genome_v2_nov-11-2021.csv,Sequence.ID
Aug-28-2023-21:15:04,whole_genome_v2_nov-11-2021.csv,Wormbase.ID
May-28-2024-07:03:15,whole_genome_v2_nov-11-2021.csv,Wormbase.ID
Sep-22-2023-20:27:21,whole_genome_v2_nov-11-2021.csv,Wormbase.ID
Sep-19-2023-03:14:07,whole_genome_v2_nov-11-2021.csv,Wormbase.ID
Sep-27-2023-20:21:23,whole_genome_v2_nov-11-2021.csv,Wormbase.ID
Sep-11-2023-16:21:00,whole_genome_v2_nov-11-2021.csv,Wormbase.ID
Apr-22-2024-20:36:33,whole_genome_v2_nov-11-2021.csv,Sequence.ID
Nov-29-2023-19:41:44,whole_genome_v2_nov-11-2021.csv,Wormbase.ID
Apr-09-2024-20:16:13,whole_genome_v2_nov-11-2021.csv,Wormbase.ID
Oct-06-2023-00:40:56,whole_genome_v2_nov-11-2021.csv,Wormbase.ID
Feb-10-2024-19:23:23,whole_genome_v2_nov-11-2021.csv,Sequence.ID
Jan-28-2024-18:49:23,whole_genome_v2_nov-11-2021.csv,Wormbase.ID
Sep-11-2023-15:25:37,whole_genome_v2_nov-11-2021.csv,Wormbase.ID
Sep-19-2023-22:45:40,ORF_only_v2_nov-11-2021.csv,Wormbase.ID
Sep-21-2023-08:57:55,whole_genome_v2_nov-11-2021.csv,Sequence.ID
Feb-08-2024-02:01:32,whole_genome_v2_nov-11-2021.csv,Wormbase.ID
May-22-2024-16:00:14,whole_genome_v2_nov-11-2021.csv,Wormbase.ID
Oct-22-2023-20:23:50,whole_genome_v2_nov-11-2021.csv,Wormbase.ID
Jul-07-2024-16:16:25,whole_genome_v2_nov-11-2021.csv,Wormbase.ID
Aug-17-2023-18:58:34,whole_genome_v2_nov-11-2021.csv,Wormbase.ID
Jul-15-2024-23:11:45,whole_genome_v2_nov-11-2021.csv,Wormbase.ID
Nov-30-2023-03:57:48,whole_genome_v2_nov-11-2021.csv,Wormbase.ID
Apr-30-2024-00:10:32,whole_genome_v2_nov-11-2021.csv,Wormbase.ID
Sep-10-2024-19:29:57,whole_genome_v2_nov-11-2021.csv,Wormbase.ID
Sep-10-2024-19:30:06,whole_genome_v2_nov-11-2021.csv,Wormbase.ID
Sep-10-2024-19:30:37,whole_genome_v2_nov-11-2021.csv,Wormbase.ID
Sep-10-2024-19:30:21,whole_genome_v2_nov-11-2021.csv,Wormbase.ID
Sep-10-2024-19:30:13,whole_genome_v2_nov-11-2021.csv,Wormbase.ID
Sep-10-2024-19:30:29,whole_genome_v2_nov-11-2021.csv,Wormbase.ID
Nov-02-2023-14:31:57,whole_genome_v2_nov-11-2021.csv,Wormbase.ID
Sep-06-2023-03:15:04,whole_genome_v2_nov-11-2021.csv,Wormbase.ID
Nov-09-2023-08:41:35,whole_genome_v2_nov-11-2021.csv,Wormbase.ID
Nov-09-2023-08:41:27,whole_genome_v2_nov-11-2021.csv,Wormbase.ID
Nov-09-2023-08:41:19,whole_genome_v2_nov-11-2021.csv,Wormbase.ID
Nov-09-2023-08:41:43,whole_genome_v2_nov-11-2021.csv,Wormbase.ID
Jul-25-2024-19:34:02,whole_genome_v2_nov-11-2021.csv,Wormbase.ID
Dec-05-2023-15:48:05,whole_genome_v2_nov-11-2021.csv,Wormbase.ID
Sep-07-2024-05:29:17,whole_genome_v2_nov-11-2021.csv,Wormbase.ID
Aug-05-2024-03:07:32,whole_genome_v2_nov-11-2021.csv,Sequence.ID
Aug-28-2024-21:50:05,whole_genome_v2_nov-11-2021.csv,Wormbase.ID
Jun-04-2024-12:51:39,whole_genome_v2_nov-11-2021.csv,Wormbase.ID
Jan-08-2024-12:26:54,whole_genome_v2_nov-11-2021.csv,Sequence.ID
Sep-20-2023-09:04:22,whole_genome_v2_nov-11-2021.csv,Wormbase.ID
Oct-04-2023-23:36:31,whole_genome_v2_nov-11-2021.csv,Wormbase.ID
Sep-18-2023-17:14:15,whole_genome_v2_nov-11-2021.csv,Wormbase.ID
Sep-12-2023-21:58:52,whole_genome_v2_nov-11-2021.csv,Wormbase.ID
Sep-27-2023-17:26:06,whole_genome_v2_nov-11-2021.csv,Wormbase.ID
Mar-19-2024-08:36:03,whole_genome_v2_nov-11-2021.csv,Sequence.ID
Aug-30-2023-19:36:07,whole_genome_v2_nov-11-2021.csv,Wormbase.ID
Oct-03-2023-14:20:43,whole_genome_v2_nov-11-2021.csv,Wormbase.ID
Dec-24-2023-05:35:52,whole_genome_v2_nov-11-2021.csv,Wormbase.ID
Aug-15-2024-16:06:09,whole_genome_v2_nov-11-2021.csv,Wormbase.ID
Jun-03-2024-11:37:38,whole_genome_v2_nov-11-2021.csv,Sequence.ID
Apr-17-2024-11:51:55,whole_genome_v2_nov-11-2021.csv,Wormbase.ID
Apr-02-2024-09:08:16,whole_genome_v2_nov-11-2021.csv,Wormbase.ID
Sep-27-2023-19:19:30,whole_genome_v2_nov-11-2021.csv,Wormbase.ID
Sep-28-2023-03:38:22,whole_genome_v2_nov-11-2021.csv,Wormbase.ID
Oct-11-2023-19:13:54,whole_genome_v2_nov-11-2021.csv,Wormbase.ID
Sep-27-2023-13:38:53,whole_genome_v2_nov-11-2021.csv,Sequence.ID
Nov-17-2023-15:47:49,whole_genome_v2_nov-11-2021.csv,Wormbase.ID
Aug-28-2024-15:11:13,whole_genome_v2_nov-11-2021.csv,Wormbase.ID
Feb-17-2024-13:21:32,whole_genome_v2_nov-11-2021.csv,Wormbase.ID
Apr-30-2024-13:28:11,whole_genome_v2_nov-11-2021.csv,Wormbase.ID
Dec-12-2023-16:29:01,whole_genome_v2_nov-11-2021.csv,Wormbase.ID
Feb-15-2024-12:14:42,whole_genome_v2_nov-11-2021.csv,Sequence.ID
Aug-19-2024-12:58:26,whole_genome_v2_nov-11-2021.csv,Wormbase.ID
Aug-07-2024-19:38:54,whole_genome_v2_nov-11-2021.csv,Wormbase.ID
Feb-27-2024-09:31:12,whole_genome_v2_nov-11-2021.csv,Wormbase.ID
Apr-18-2024-00:38:04,whole_genome_v2_nov-11-2021.csv,Wormbase.ID
Apr-18-2024-00:37:46,whole_genome_v2_nov-11-2021.csv,Wormbase.ID
Apr-18-2024-00:38:13,whole_genome_v2_nov-11-2021.csv,Wormbase.ID
Apr-18-2024-00:37:55,whole_genome_v2_nov-11-2021.csv,Wormbase.ID
Apr-18-2024-22:49:11,whole_genome_v2_nov-11-2021.csv,Wormbase.ID
Oct-24-2023-16:49:28,whole_genome_v2_nov-11-2021.csv,Wormbase.ID
Jul-26-2024-04:04:59,whole_genome_v2_nov-11-2021.csv,Sequence.ID
Sep-10-2023-12:08:08,whole_genome_v2_nov-11-2021.csv,Wormbase.ID
Aug-13-2023-03:33:16,whole_genome_v2_nov-11-2021.csv,Wormbase.ID
Oct-02-2024-21:09:57,whole_genome_v2_nov-11-2021.csv,Wormbase.ID
Jul-25-2024-19:25:44,whole_genome_v2_nov-11-2021.csv,Wormbase.ID
Sep-10-2024-18:21:06,whole_genome_v2_nov-11-2021.csv,Wormbase.ID
Sep-27-2023-14:09:01,orfeome_v1_jan-31-2019.csv,Sequence.ID
Sep-05-2024-16:59:21,whole_genome_v2_nov-11-2021.csv,Wormbase.ID
Jun-21-2024-11:32:22,whole_genome_v2_nov-11-2021.csv,Wormbase.ID
Aug-13-2024-20:02:12,whole_genome_v2_nov-11-2021.csv,Wormbase.ID
Jun-30-2024-07:28:53,whole_genome_v2_nov-11-2021.csv,Wormbase.ID
Feb-21-2024-11:53:10,whole_genome_v2_nov-11-2021.csv,Wormbase.ID
Mar-21-2024-17:18:10,whole_genome_v2_nov-11-2021.csv,Wormbase.ID
Dec-18-2023-15:50:15,whole_genome_v2_nov-11-2021.csv,Sequence.ID
May-23-2024-12:40:27,whole_genome_v2_nov-11-2021.csv,Wormbase.ID
Apr-30-2024-14:13:26,whole_genome_v2_nov-11-2021.csv,Wormbase.ID
Jul-23-2024-03:58:37,whole_genome_v2_nov-11-2021.csv,Wormbase.ID
Jul-15-2024-21:09:37,whole_genome_v2_nov-11-2021.csv,Wormbase.ID
Jan-24-2024-11:43:57,whole_genome_v2_nov-11-2021.csv,Wormbase.ID
Aug-19-2024-16:43:51,whole_genome_v2_nov-11-2021.csv,Wormbase.ID
Dec-13-2023-23:37:01,whole_genome_v2_nov-11-2021.csv,Sequence.ID
Feb-17-2024-15:29:04,whole_genome_v2_nov-11-2021.csv,Wormbase.ID
Sep-20-2024-14:20:57,whole_genome_v2_nov-11-2021.csv,Wormbase.ID
Feb-28-2024-09:08:36,whole_genome_v2_nov-11-2021.csv,Wormbase.ID
Apr-03-2024-12:11:17,whole_genome_v2_nov-11-2021.csv,Wormbase.ID
Mar-20-2024-13:11:48,whole_genome_v2_nov-11-2021.csv,Sequence.ID
Oct-27-2023-17:10:51,whole_genome_v2_nov-11-2021.csv,Wormbase.ID
Apr-02-2024-08:38:19,whole_genome_v2_nov-11-2021.csv,Wormbase.ID
Dec-21-2023-08:52:33,whole_genome_v2_nov-11-2021.csv,Wormbase.ID
Jun-14-2024-15:54:21,whole_genome_v2_nov-11-2021.csv,Wormbase.ID
Feb-09-2024-13:38:33,whole_genome_v2_nov-11-2021.csv,Sequence.ID
Oct-08-2024-13:14:49,whole_genome_v2_nov-11-2021.csv,Wormbase.ID
Sep-11-2024-17:21:50,whole_genome_v2_nov-11-2021.csv,Wormbase.ID
May-17-2024-08:31:10,whole_genome_v2_nov-11-2021.csv,Sequence.ID
Feb-29-2024-14:47:59,whole_genome_v2_nov-11-2021.csv,Wormbase.ID
Jun-11-2024-21:57:38,whole_genome_v2_nov-11-2021.csv,Wormbase.ID
Jan-13-2024-21:09:29,whole_genome_v2_nov-11-2021.csv,Sequence.ID
Oct-05-2023-14:36:44,whole_genome_v2_nov-11-2021.csv,Wormbase.ID
Jul-23-2024-21:31:00,whole_genome_v2_nov-11-2021.csv,Wormbase.ID
Mar-19-2024-14:36:29,whole_genome_v2_nov-11-2021.csv,Wormbase.ID
Jul-01-2024-16:21:25,whole_genome_v2_nov-11-2021.csv,Wormbase.ID
Aug-08-2023-01:06:38,whole_genome_v2_nov-11-2021.csv,Wormbase.ID
Oct-16-2024-15:06:16,whole_genome_v2_nov-11-2021.csv,Sequence.ID
Feb-07-2024-10:14:26,whole_genome_v2_nov-11-2021.csv,Sequence.ID
Feb-15-2024-08:20:08,whole_genome_v2_nov-11-2021.csv,Sequence.ID
Jul-09-2024-09:52:49,whole_genome_v2_nov-11-2021.csv,Wormbase.ID
Apr-10-2024-16:40:52,whole_genome_v2_nov-11-2021.csv,Wormbase.ID
Feb-21-2024-20:31:42,whole_genome_v2_nov-11-2021.csv,Sequence.ID
Aug-25-2023-07:35:23,whole_genome_v2_nov-11-2021.csv,Wormbase.ID
Jul-09-2024-15:30:32,whole_genome_v2_nov-11-2021.csv,Wormbase.ID
Oct-10-2024-01:04:48,whole_genome_v2_nov-11-2021.csv,Wormbase.ID
Jan-26-2024-18:40:28,whole_genome_v2_nov-11-2021.csv,Wormbase.ID
Aug-28-2024-17:14:43,whole_genome_v2_nov-11-2021.csv,Wormbase.ID
Sep-22-2023-05:20:12,whole_genome_v2_nov-11-2021.csv,Sequence.ID
Oct-12-2024-18:13:39,whole_genome_v2_nov-11-2021.csv,Wormbase.ID
Jul-07-2024-05:30:26,whole_genome_v2_nov-11-2021.csv,Wormbase.ID
Aug-28-2023-19:20:41,whole_genome_v2_nov-11-2021.csv,Wormbase.ID
Aug-01-2024-08:14:03,whole_genome_v2_nov-11-2021.csv,Wormbase.ID
Aug-25-2023-02:30:50,whole_genome_v2_nov-11-2021.csv,Wormbase.ID
Aug-01-2024-19:21:47,whole_genome_v2_nov-11-2021.csv,Wormbase.ID
Nov-17-2023-16:48:19,whole_genome_v2_nov-11-2021.csv,Wormbase.ID
Nov-21-2023-15:21:14,whole_genome_v2_nov-11-2021.csv,Wormbase.ID
Jan-11-2024-09:03:03,whole_genome_v2_nov-11-2021.csv,Wormbase.ID
Apr-20-2024-01:19:01,whole_genome_v2_nov-11-2021.csv,Wormbase.ID
Mar-09-2024-23:59:05,ahringer_v2_nov-11-2021.csv,Wormbase.ID
Mar-19-2024-12:56:44,whole_genome_v2_nov-11-2021.csv,Wormbase.ID
Feb-29-2024-17:59:32,whole_genome_v2_nov-11-2021.csv,Wormbase.ID
May-16-2024-18:49:53,whole_genome_v2_nov-11-2021.csv,Wormbase.ID
Nov-22-2023-10:14:29,whole_genome_v2_nov-11-2021.csv,Sequence.ID
Feb-27-2024-14:25:42,whole_genome_v2_nov-11-2021.csv,Wormbase.ID
May-06-2024-14:11:56,whole_genome_v2_nov-11-2021.csv,Sequence.ID
Aug-28-2024-15:39:18,whole_genome_v2_nov-11-2021.csv,Wormbase.ID
Jul-16-2024-00:17:17,whole_genome_v2_nov-11-2021.csv,Wormbase.ID
Jul-16-2024-00:17:09,whole_genome_v2_nov-11-2021.csv,Wormbase.ID
Jul-16-2024-00:17:34,whole_genome_v2_nov-11-2021.csv,Wormbase.ID
Jul-16-2024-00:17:42,whole_genome_v2_nov-11-2021.csv,Wormbase.ID
Jul-16-2024-00:17:26,whole_genome_v2_nov-11-2021.csv,Wormbase.ID
Jul-16-2024-00:16:59,whole_genome_v2_nov-11-2021.csv,Wormbase.ID
Jul-16-2024-00:16:41,whole_genome_v2_nov-11-2021.csv,Wormbase.ID
Jul-16-2024-00:16:50,whole_genome_v2_nov-11-2021.csv,Wormbase.ID
Feb-21-2024-21:34:29,whole_genome_v2_nov-11-2021.csv,Wormbase.ID
Aug-08-2023-22:54:41,whole_genome_v2_nov-11-2021.csv,Sequence.ID
Jul-25-2024-10:38:35,whole_genome_v2_nov-11-2021.csv,Wormbase.ID
Jun-15-2024-05:08:04,whole_genome_v2_nov-11-2021.csv,Sequence.ID
Oct-19-2023-17:50:16,whole_genome_v2_nov-11-2021.csv,Wormbase.ID
Dec-18-2023-16:39:53,orfeome_v1_jan-31-2019.csv,Wormbase.ID
Jul-25-2024-21:21:40,whole_genome_v2_nov-11-2021.csv,Wormbase.ID
Feb-01-2024-18:55:55,whole_genome_v2_nov-11-2021.csv,Sequence.ID
Jul-22-2024-17:30:46,whole_genome_v2_nov-11-2021.csv,Wormbase.ID
Mar-07-2024-00:39:04,whole_genome_v2_nov-11-2021.csv,Wormbase.ID
Mar-27-2024-21:37:09,whole_genome_v2_nov-11-2021.csv,Wormbase.ID
Oct-11-2023-19:51:59,whole_genome_v2_nov-11-2021.csv,Sequence.ID
Feb-27-2024-18:29:41,whole_genome_v2_nov-11-2021.csv,Wormbase.ID
Feb-17-2024-18:25:44,whole_genome_v2_nov-11-2021.csv,Wormbase.ID
Sep-06-2023-02:20:12,whole_genome_v2_nov-11-2021.csv,Wormbase.ID
Jan-25-2024-16:56:15,whole_genome_v2_nov-11-2021.csv,Wormbase.ID
Aug-14-2023-16:01:10,whole_genome_v2_nov-11-2021.csv,Wormbase.ID
Apr-17-2024-19:20:57,whole_genome_v2_nov-11-2021.csv,Wormbase.ID
Aug-27-2024-17:47:31,whole_genome_v2_nov-11-2021.csv,Wormbase.ID
Mar-11-2024-17:51:52,whole_genome_v2_nov-11-2021.csv,Wormbase.ID
Oct-07-2024-08:16:50,whole_genome_v2_nov-11-2021.csv,Sequence.ID
Aug-23-2024-14:36:13,whole_genome_v2_nov-11-2021.csv,Sequence.ID
Sep-16-2024-14:14:38,whole_genome_v2_nov-11-2021.csv,Wormbase.ID
Mar-28-2024-19:07:15,whole_genome_v2_nov-11-2021.csv,Wormbase.ID
Feb-22-2024-18:11:49,whole_genome_v2_nov-11-2021.csv,Sequence.ID
Aug-28-2023-17:10:04,whole_genome_v2_nov-11-2021.csv,Wormbase.ID
Apr-22-2024-22:28:45,whole_genome_v2_nov-11-2021.csv,Wormbase.ID
May-05-2024-16:56:40,whole_genome_v2_nov-11-2021.csv,Wormbase.ID
Dec-23-2023-16:09:03,whole_genome_v2_nov-11-2021.csv,Wormbase.ID
Oct-02-2023-20:41:51,whole_genome_v2_nov-11-2021.csv,Wormbase.ID
Nov-01-2023-15:31:14,whole_genome_v2_nov-11-2021.csv,Wormbase.ID
Mar-02-2024-22:42:21,whole_genome_v2_nov-11-2021.csv,Wormbase.ID
Aug-22-2023-01:50:22,whole_genome_v2_nov-11-2021.csv,Wormbase.ID
Sep-22-2023-14:01:33,whole_genome_v2_nov-11-2021.csv,Wormbase.ID
Apr-02-2024-21:10:43,whole_genome_v2_nov-11-2021.csv,Wormbase.ID
Apr-01-2024-15:01:51,whole_genome_v2_nov-11-2021.csv,Wormbase.ID
Sep-19-2023-18:39:41,whole_genome_v2_nov-11-2021.csv,Wormbase.ID
Mar-18-2024-20:01:03,whole_genome_v2_nov-11-2021.csv,Wormbase.ID
Feb-07-2024-14:52:43,whole_genome_v2_nov-11-2021.csv,Sequence.ID
Jun-19-2024-06:05:21,whole_genome_v2_nov-11-2021.csv,Wormbase.ID
Sep-27-2023-18:28:05,whole_genome_v2_nov-11-2021.csv,Wormbase.ID
Sep-27-2023-15:24:49,whole_genome_v2_nov-11-2021.csv,Wormbase.ID
Jun-20-2024-09:22:58,whole_genome_v2_nov-11-2021.csv,Wormbase.ID
Jul-02-2024-12:50:58,whole_genome_v2_nov-11-2021.csv,Wormbase.ID
Feb-21-2024-21:33:08,whole_genome_v2_nov-11-2021.csv,Wormbase.ID
Oct-13-2024-18:27:46,whole_genome_v2_nov-11-2021.csv,Wormbase.ID
Apr-26-2024-07:16:32,whole_genome_v2_nov-11-2021.csv,Wormbase.ID
Feb-08-2024-01:57:23,whole_genome_v2_nov-11-2021.csv,Wormbase.ID
Jul-23-2024-19:32:53,whole_genome_v2_nov-11-2021.csv,Wormbase.ID
Nov-30-2023-11:36:18,whole_genome_v2_nov-11-2021.csv,Wormbase.ID
Sep-03-2023-19:45:33,whole_genome_v2_nov-11-2021.csv,Wormbase.ID
Feb-14-2024-03:50:38,whole_genome_v2_nov-11-2021.csv,Wormbase.ID
Jul-10-2024-14:23:21,whole_genome_v2_nov-11-2021.csv,Wormbase.ID
Jul-31-2024-13:57:47,whole_genome_v2_nov-11-2021.csv,Wormbase.ID
Mar-09-2024-23:17:30,ahringer_v2_nov-11-2021.csv,Sequence.ID
Aug-14-2023-13:22:39,whole_genome_v2_nov-11-2021.csv,Wormbase.ID
Apr-06-2024-15:36:48,whole_genome_v2_nov-11-2021.csv,Wormbase.ID
Apr-09-2024-19:47:38,whole_genome_v2_nov-11-2021.csv,Wormbase.ID
Oct-31-2023-04:11:39,whole_genome_v2_nov-11-2021.csv,Wormbase.ID
Aug-28-2023-22:59:02,whole_genome_v2_nov-11-2021.csv,Wormbase.ID
Mar-22-2024-10:48:04,whole_genome_v2_nov-11-2021.csv,Sequence.ID
Jan-31-2024-09:50:15,whole_genome_v2_nov-11-2021.csv,Wormbase.ID
Sep-23-2024-08:27:31,whole_genome_v2_nov-11-2021.csv,Wormbase.ID
Jul-18-2024-18:35:26,whole_genome_v2_nov-11-2021.csv,Sequence.ID
Oct-16-2023-20:14:51,whole_genome_v2_nov-11-2021.csv,Wormbase.ID
Sep-13-2024-13:40:11,whole_genome_v2_nov-11-2021.csv,Sequence.ID
Sep-20-2023-14:03:39,whole_genome_v2_nov-11-2021.csv,Wormbase.ID
Apr-22-2024-21:26:29,whole_genome_v2_nov-11-2021.csv,Wormbase.ID
Jul-20-2024-03:11:09,whole_genome_v2_nov-11-2021.csv,Wormbase.ID
Sep-27-2024-16:34:04,whole_genome_v2_nov-11-2021.csv,Wormbase.ID
Sep-13-2024-20:49:12,whole_genome_v2_nov-11-2021.csv,Wormbase.ID
Sep-15-2023-10:04:47,whole_genome_v2_nov-11-2021.csv,Wormbase.ID
Oct-23-2023-20:18:35,whole_genome_v2_nov-11-2021.csv,Wormbase.ID
Aug-30-2023-20:24:38,whole_genome_v2_nov-11-2021.csv,Wormbase.ID
Aug-19-2024-21:14:27,whole_genome_v2_nov-11-2021.csv,Sequence.ID
Nov-03-2023-16:59:38,whole_genome_v2_nov-11-2021.csv,Wormbase.ID
Oct-02-2023-15:31:51,whole_genome_v2_nov-11-2021.csv,Wormbase.ID
Mar-02-2024-00:11:36,whole_genome_v2_nov-11-2021.csv,Wormbase.ID
Apr-02-2024-16:59:36,whole_genome_v2_nov-11-2021.csv,Wormbase.ID
Oct-11-2024-14:50:57,whole_genome_v2_nov-11-2021.csv,Wormbase.ID
Jul-10-2024-22:00:26,whole_genome_v2_nov-11-2021.csv,Wormbase.ID
Sep-15-2024-01:38:12,whole_genome_v2_nov-11-2021.csv,Wormbase.ID
Aug-16-2024-15:20:35,whole_genome_v2_nov-11-2021.csv,Wormbase.ID
Aug-22-2024-18:57:02,whole_genome_v2_nov-11-2021.csv,Wormbase.ID
Nov-29-2023-04:26:19,whole_genome_v2_nov-11-2021.csv,Sequence.ID
Mar-25-2024-16:14:58,whole_genome_v2_nov-11-2021.csv,Wormbase.ID
Mar-01-2024-23:58:03,whole_genome_v2_nov-11-2021.csv,Wormbase.ID
Jul-15-2024-12:36:44,whole_genome_v2_nov-11-2021.csv,Wormbase.ID
Apr-01-2024-17:51:02,whole_genome_v2_nov-11-2021.csv,Wormbase.ID
Sep-18-2023-17:09:54,whole_genome_v2_nov-11-2021.csv,Wormbase.ID
Oct-05-2023-01:02:49,whole_genome_v2_nov-11-2021.csv,Wormbase.ID
Aug-28-2024-17:33:23,whole_genome_v2_nov-11-2021.csv,Wormbase.ID
Oct-16-2024-17:00:45,whole_genome_v2_nov-11-2021.csv,Wormbase.ID
Sep-18-2023-17:07:12,whole_genome_v2_nov-11-2021.csv,Wormbase.ID
Feb-12-2024-14:48:54,whole_genome_v2_nov-11-2021.csv,Wormbase.ID
Feb-22-2024-15:07:44,whole_genome_v2_nov-11-2021.csv,Sequence.ID
Feb-03-2024-18:42:18,whole_genome_v2_nov-11-2021.csv,Sequence.ID
Oct-02-2023-06:17:00,whole_genome_v2_nov-11-2021.csv,Wormbase.ID
Aug-19-2023-07:02:34,whole_genome_v2_nov-11-2021.csv,Wormbase.ID
Feb-15-2024-12:26:43,whole_genome_v2_nov-11-2021.csv,Sequence.ID
Feb-20-2024-16:08:44,whole_genome_v2_nov-11-2021.csv,Sequence.ID
Nov-22-2023-07:18:30,whole_genome_v2_nov-11-2021.csv,Wormbase.ID
Feb-27-2024-10:20:01,whole_genome_v2_nov-11-2021.csv,Wormbase.ID
Aug-27-2023-21:17:06,ORF_only_v2_nov-11-2021.csv,Wormbase.ID
Jan-12-2024-21:28:49,whole_genome_v2_nov-11-2021.csv,Wormbase.ID
Mar-01-2024-17:09:36,ahringer_v2_nov-11-2021.csv,Wormbase.ID
Jul-02-2024-20:36:13,whole_genome_v2_nov-11-2021.csv,Wormbase.ID
Apr-24-2024-01:18:21,whole_genome_v1_jul-03-2019.csv,Wormbase.ID
Feb-09-2024-15:17:44,whole_genome_v2_nov-11-2021.csv,Wormbase.ID
Jan-19-2024-16:00:21,whole_genome_v2_nov-11-2021.csv,Wormbase.ID
Mar-27-2024-15:04:15,whole_genome_v2_nov-11-2021.csv,Wormbase.ID
Apr-09-2024-20:08:28,whole_genome_v2_nov-11-2021.csv,Wormbase.ID
Sep-18-2023-17:07:20,whole_genome_v2_nov-11-2021.csv,Wormbase.ID
Jan-26-2024-18:33:04,whole_genome_v2_nov-11-2021.csv,Wormbase.ID
Aug-28-2024-17:42:28,whole_genome_v2_nov-11-2021.csv,Wormbase.ID
Jan-29-2024-21:59:59,whole_genome_v2_nov-11-2021.csv,Wormbase.ID
Mar-08-2024-21:37:32,whole_genome_v2_nov-11-2021.csv,Wormbase.ID
Apr-10-2024-13:34:58,whole_genome_v2_nov-11-2021.csv,Wormbase.ID
Sep-02-2023-16:15:58,whole_genome_v2_nov-11-2021.csv,Sequence.ID
Aug-21-2023-14:14:03,whole_genome_v2_nov-11-2021.csv,Wormbase.ID
Oct-02-2023-06:19:20,whole_genome_v2_nov-11-2021.csv,Wormbase.ID
Aug-09-2023-18:59:23,whole_genome_v2_nov-11-2021.csv,Wormbase.ID
Apr-09-2024-19:39:58,whole_genome_v2_nov-11-2021.csv,Wormbase.ID
Apr-08-2024-18:58:32,whole_genome_v2_nov-11-2021.csv,Wormbase.ID
Feb-02-2024-21:37:06,whole_genome_v2_nov-11-2021.csv,Wormbase.ID
Feb-14-2024-03:46:54,whole_genome_v2_nov-11-2021.csv,Wormbase.ID
Jun-02-2024-22:05:33,whole_genome_v2_nov-11-2021.csv,Wormbase.ID
Dec-01-2023-18:56:57,whole_genome_v2_nov-11-2021.csv,Wormbase.ID
Oct-10-2024-10:30:58,whole_genome_v2_nov-11-2021.csv,Wormbase.ID
Sep-19-2023-15:10:52,whole_genome_v2_nov-11-2021.csv,Wormbase.ID
Aug-17-2023-21:42:29,whole_genome_v2_nov-11-2021.csv,Wormbase.ID
Apr-01-2024-05:16:08,whole_genome_v2_nov-11-2021.csv,Wormbase.ID
Oct-05-2023-14:37:54,whole_genome_v2_nov-11-2021.csv,Wormbase.ID
Nov-02-2023-13:40:13,whole_genome_v2_nov-11-2021.csv,Wormbase.ID
Jul-24-2024-08:42:34,whole_genome_v2_nov-11-2021.csv,Wormbase.ID
Jan-05-2024-18:56:46,whole_genome_v2_nov-11-2021.csv,Wormbase.ID
Aug-14-2024-09:40:09,whole_genome_v2_nov-11-2021.csv,Wormbase.ID
Aug-29-2024-03:25:24,whole_genome_v2_nov-11-2021.csv,Wormbase.ID
Nov-01-2023-08:09:00,whole_genome_v2_nov-11-2021.csv,Wormbase.ID
Sep-11-2023-17:41:19,whole_genome_v2_nov-11-2021.csv,Wormbase.ID
Oct-03-2023-20:33:38,whole_genome_v2_nov-11-2021.csv,Wormbase.ID
Jun-04-2024-09:42:39,whole_genome_v2_nov-11-2021.csv,Wormbase.ID
Dec-20-2023-15:05:48,whole_genome_v2_nov-11-2021.csv,Wormbase.ID
Oct-15-2023-18:54:12,whole_genome_v2_nov-11-2021.csv,Sequence.ID
Jan-22-2024-13:51:37,orfeome_v2_nov-11-2021.csv,Sequence.ID
Oct-22-2023-20:03:41,whole_genome_v2_nov-11-2021.csv,Sequence.ID
Jul-02-2024-11:22:45,whole_genome_v2_nov-11-2021.csv,Wormbase.ID
Sep-19-2023-18:43:36,whole_genome_v2_nov-11-2021.csv,Wormbase.ID
Oct-05-2023-13:27:33,whole_genome_v2_nov-11-2021.csv,Wormbase.ID
Aug-30-2023-03:08:40,whole_genome_v2_nov-11-2021.csv,Wormbase.ID
Jun-03-2024-09:06:31,whole_genome_v2_nov-11-2021.csv,Wormbase.ID
Oct-29-2023-16:05:42,whole_genome_v2_nov-11-2021.csv,Wormbase.ID
Apr-30-2024-02:21:29,whole_genome_v2_nov-11-2021.csv,Wormbase.ID
Jul-25-2024-13:35:28,whole_genome_v2_nov-11-2021.csv,Wormbase.ID
Nov-10-2023-04:02:58,whole_genome_v2_nov-11-2021.csv,Wormbase.ID
Sep-17-2024-21:33:58,whole_genome_v2_nov-11-2021.csv,Wormbase.ID
Aug-07-2023-23:14:18,whole_genome_v2_nov-11-2021.csv,Wormbase.ID
Apr-29-2024-18:42:27,whole_genome_v2_nov-11-2021.csv,Wormbase.ID
Oct-21-2023-11:39:54,whole_genome_v2_nov-11-2021.csv,Wormbase.ID
Feb-08-2024-16:16:58,whole_genome_v2_nov-11-2021.csv,Wormbase.ID
Aug-12-2024-12:10:47,whole_genome_v2_nov-11-2021.csv,Wormbase.ID
Sep-14-2024-23:18:44,whole_genome_v2_nov-11-2021.csv,Wormbase.ID
Jan-16-2024-08:19:45,whole_genome_v2_nov-11-2021.csv,Wormbase.ID
May-07-2024-15:45:05,whole_genome_v2_nov-11-2021.csv,Wormbase.ID
Aug-13-2024-19:59:58,whole_genome_v2_nov-11-2021.csv,Wormbase.ID
Feb-05-2024-19:20:50,whole_genome_v2_nov-11-2021.csv,Wormbase.ID
May-16-2024-10:43:09,whole_genome_v2_nov-11-2021.csv,Wormbase.ID
Dec-04-2023-18:04:01,whole_genome_v2_nov-11-2021.csv,Wormbase.ID
Nov-02-2023-16:14:56,whole_genome_v2_nov-11-2021.csv,Sequence.ID
Dec-06-2023-13:37:06,whole_genome_v2_nov-11-2021.csv,Sequence.ID
Oct-03-2024-20:03:46,whole_genome_v2_nov-11-2021.csv,Wormbase.ID
May-06-2024-12:24:08,whole_genome_v2_nov-11-2021.csv,Wormbase.ID
Apr-16-2024-19:37:11,whole_genome_v2_nov-11-2021.csv,Sequence.ID
Mar-28-2024-18:07:50,whole_genome_v2_nov-11-2021.csv,Wormbase.ID
Sep-18-2023-17:21:13,whole_genome_v2_nov-11-2021.csv,Sequence.ID
Nov-28-2023-23:20:00,whole_genome_v2_nov-11-2021.csv,Wormbase.ID
Dec-05-2023-17:58:27,whole_genome_v2_nov-11-2021.csv,Wormbase.ID
Dec-23-2023-20:11:52,whole_genome_v2_nov-11-2021.csv,Wormbase.ID
Sep-27-2023-12:55:24,whole_genome_v2_nov-11-2021.csv,Wormbase.ID
Jun-13-2024-16:39:26,whole_genome_v2_nov-11-2021.csv,Wormbase.ID
Sep-13-2024-13:00:20,whole_genome_v2_nov-11-2021.csv,Wormbase.ID
Jul-06-2024-23:07:54,whole_genome_v2_nov-11-2021.csv,Wormbase.ID
Jun-04-2024-09:51:23,whole_genome_v2_nov-11-2021.csv,Wormbase.ID
Feb-14-2024-11:35:36,whole_genome_v2_nov-11-2021.csv,Wormbase.ID
Aug-22-2023-19:27:26,whole_genome_v2_nov-11-2021.csv,Wormbase.ID
Apr-09-2024-19:54:05,whole_genome_v2_nov-11-2021.csv,Wormbase.ID
Aug-16-2024-12:12:24,whole_genome_v2_nov-11-2021.csv,Sequence.ID
Jan-08-2024-06:38:20,whole_genome_v2_nov-11-2021.csv,Wormbase.ID
Aug-29-2024-06:52:51,whole_genome_v2_nov-11-2021.csv,Sequence.ID
Oct-10-2023-22:20:52,whole_genome_v2_nov-11-2021.csv,Wormbase.ID
Feb-28-2024-13:55:44,whole_genome_v2_nov-11-2021.csv,Sequence.ID
Nov-08-2023-15:37:08,whole_genome_v2_nov-11-2021.csv,Wormbase.ID
Sep-09-2024-06:01:17,whole_genome_v2_nov-11-2021.csv,Wormbase.ID
Dec-01-2023-17:06:32,whole_genome_v2_nov-11-2021.csv,Wormbase.ID
Jun-03-2024-08:49:29,whole_genome_v2_nov-11-2021.csv,Wormbase.ID
Feb-26-2024-23:20:23,whole_genome_v2_nov-11-2021.csv,Wormbase.ID
Oct-08-2023-16:11:18,whole_genome_v2_nov-11-2021.csv,Sequence.ID
Nov-29-2023-16:08:36,whole_genome_v2_nov-11-2021.csv,Sequence.ID
Feb-28-2024-03:15:36,whole_genome_v2_nov-11-2021.csv,Wormbase.ID
Aug-22-2023-01:55:18,whole_genome_v2_nov-11-2021.csv,Wormbase.ID
Jan-08-2024-13:22:07,whole_genome_v2_nov-11-2021.csv,Wormbase.ID
Mar-15-2024-10:59:51,whole_genome_v2_nov-11-2021.csv,Wormbase.ID
Aug-01-2024-14:04:34,whole_genome_v2_nov-11-2021.csv,Wormbase.ID
Sep-19-2023-18:45:31,whole_genome_v2_nov-11-2021.csv,Sequence.ID
Jun-03-2024-16:13:15,whole_genome_v2_nov-11-2021.csv,Wormbase.ID
Jul-09-2024-18:43:12,whole_genome_v2_nov-11-2021.csv,Wormbase.ID
Nov-15-2023-22:40:22,whole_genome_v2_nov-11-2021.csv,Wormbase.ID
Feb-15-2024-16:36:20,whole_genome_v2_nov-11-2021.csv,Wormbase.ID
Jun-13-2024-21:34:46,whole_genome_v2_nov-11-2021.csv,Wormbase.ID
Sep-18-2023-17:07:31,whole_genome_v2_nov-11-2021.csv,Wormbase.ID
Apr-01-2024-18:00:06,whole_genome_v2_nov-11-2021.csv,Wormbase.ID
Oct-13-2024-07:22:37,whole_genome_v2_nov-11-2021.csv,Wormbase.ID
Sep-08-2024-10:04:24,whole_genome_v2_nov-11-2021.csv,Sequence.ID
Apr-05-2024-17:37:30,whole_genome_v2_nov-11-2021.csv,Wormbase.ID
Jul-19-2024-12:15:26,whole_genome_v2_nov-11-2021.csv,Wormbase.ID
Aug-13-2024-04:21:22,whole_genome_v2_nov-11-2021.csv,Wormbase.ID
Sep-05-2023-16:49:53,whole_genome_v2_nov-11-2021.csv,Wormbase.ID
Jun-23-2024-01:56:26,whole_genome_v1_jul-03-2019.csv,Wormbase.ID
Dec-29-2023-14:15:41,whole_genome_v2_nov-11-2021.csv,Wormbase.ID
Sep-11-2023-16:22:41,whole_genome_v2_nov-11-2021.csv,Wormbase.ID
Sep-13-2023-20:09:41,whole_genome_v2_nov-11-2021.csv,Wormbase.ID
Sep-11-2024-19:52:24,whole_genome_v2_nov-11-2021.csv,Wormbase.ID
Dec-06-2023-20:05:46,whole_genome_v2_nov-11-2021.csv,Wormbase.ID
Aug-28-2024-17:47:08,whole_genome_v2_nov-11-2021.csv,Wormbase.ID
Sep-19-2023-22:41:49,ahringer_v2_nov-11-2021.csv,Wormbase.ID
Mar-25-2024-01:43:37,whole_genome_v2_nov-11-2021.csv,Wormbase.ID
Aug-30-2024-19:11:35,whole_genome_v2_nov-11-2021.csv,Wormbase.ID
Feb-16-2024-16:30:51,whole_genome_v2_nov-11-2021.csv,Sequence.ID
Sep-18-2023-17:12:58,whole_genome_v2_nov-11-2021.csv,Wormbase.ID
Jul-30-2024-20:36:00,whole_genome_v2_nov-11-2021.csv,Wormbase.ID
Sep-21-2023-08:59:17,whole_genome_v2_nov-11-2021.csv,Sequence.ID
Jan-25-2024-15:13:24,whole_genome_v2_nov-11-2021.csv,Wormbase.ID
Sep-06-2023-02:56:40,whole_genome_v2_nov-11-2021.csv,Wormbase.ID
Jul-04-2024-00:38:16,whole_genome_v2_nov-11-2021.csv,Sequence.ID
Feb-22-2024-18:29:01,whole_genome_v2_nov-11-2021.csv,Wormbase.ID
Nov-14-2023-03:40:16,whole_genome_v2_nov-11-2021.csv,Wormbase.ID
Sep-18-2023-17:44:48,whole_genome_v2_nov-11-2021.csv,Wormbase.ID
Sep-23-2023-18:45:47,whole_genome_v2_nov-11-2021.csv,Wormbase.ID
Sep-29-2023-16:43:54,whole_genome_v2_nov-11-2021.csv,Wormbase.ID
Dec-26-2023-00:33:35,whole_genome_v1_jul-03-2019.csv,Wormbase.ID
Dec-18-2023-13:43:06,whole_genome_v2_nov-11-2021.csv,Wormbase.ID
Sep-28-2023-18:56:09,whole_genome_v2_nov-11-2021.csv,Wormbase.ID
Sep-28-2023-18:56:00,whole_genome_v2_nov-11-2021.csv,Wormbase.ID
Sep-01-2023-13:50:11,whole_genome_v2_nov-11-2021.csv,Wormbase.ID
Jan-29-2024-18:35:10,whole_genome_v2_nov-11-2021.csv,Wormbase.ID
Jul-15-2024-18:21:22,whole_genome_v2_nov-11-2021.csv,Sequence.ID
Oct-17-2023-01:50:26,whole_genome_v2_nov-11-2021.csv,Wormbase.ID
Jul-24-2024-19:37:53,whole_genome_v2_nov-11-2021.csv,Wormbase.ID
Apr-22-2024-19:27:54,whole_genome_v2_nov-11-2021.csv,Sequence.ID
Dec-31-2023-12:20:37,whole_genome_v2_nov-11-2021.csv,Wormbase.ID
Oct-27-2023-17:04:10,whole_genome_v2_nov-11-2021.csv,Wormbase.ID
Apr-17-2024-16:17:54,whole_genome_v2_nov-11-2021.csv,Wormbase.ID
Oct-23-2023-12:38:50,whole_genome_v2_nov-11-2021.csv,Wormbase.ID
Oct-07-2023-12:11:43,whole_genome_v2_nov-11-2021.csv,Sequence.ID
Feb-15-2024-06:01:34,whole_genome_v2_nov-11-2021.csv,Wormbase.ID
Mar-13-2024-10:47:23,whole_genome_v2_nov-11-2021.csv,Wormbase.ID
Oct-03-2023-13:59:33,whole_genome_v2_nov-11-2021.csv,Sequence.ID
Nov-15-2023-18:42:59,whole_genome_v2_nov-11-2021.csv,Wormbase.ID
May-27-2024-12:50:29,whole_genome_v2_nov-11-2021.csv,Wormbase.ID
Mar-19-2024-16:00:24,whole_genome_v2_nov-11-2021.csv,Wormbase.ID
Feb-27-2024-09:08:48,whole_genome_v2_nov-11-2021.csv,Wormbase.ID
Jan-11-2024-13:10:12,whole_genome_v2_nov-11-2021.csv,Sequence.ID
Jan-23-2024-19:41:07,whole_genome_v2_nov-11-2021.csv,Sequence.ID
Mar-08-2024-23:44:01,whole_genome_v2_nov-11-2021.csv,Wormbase.ID
Dec-07-2023-17:36:51,whole_genome_v2_nov-11-2021.csv,Sequence.ID
Jul-24-2024-13:31:41,whole_genome_v2_nov-11-2021.csv,Wormbase.ID
Mar-10-2024-00:05:04,ahringer_v1_jan-02-2019.csv,Wormbase.ID
Sep-18-2023-17:31:48,whole_genome_v2_nov-11-2021.csv,Wormbase.ID
Aug-27-2024-18:36:48,whole_genome_v2_nov-11-2021.csv,Wormbase.ID
Sep-13-2023-18:52:43,whole_genome_v2_nov-11-2021.csv,Wormbase.ID
Oct-10-2024-05:05:38,whole_genome_v2_nov-11-2021.csv,Wormbase.ID
May-07-2024-23:57:42,whole_genome_v2_nov-11-2021.csv,Wormbase.ID
Dec-18-2023-07:49:38,whole_genome_v2_nov-11-2021.csv,Sequence.ID
Dec-14-2023-12:15:07,whole_genome_v2_nov-11-2021.csv,Wormbase.ID
Aug-21-2024-20:57:33,whole_genome_v2_nov-11-2021.csv,Wormbase.ID
Sep-18-2023-17:22:41,whole_genome_v2_nov-11-2021.csv,Sequence.ID
Sep-13-2023-03:04:25,whole_genome_v2_nov-11-2021.csv,Wormbase.ID
Jan-23-2024-01:44:34,whole_genome_v2_nov-11-2021.csv,Wormbase.ID
Jul-26-2024-05:30:50,whole_genome_v2_nov-11-2021.csv,Wormbase.ID
Apr-16-2024-13:28:36,whole_genome_v2_nov-11-2021.csv,Wormbase.ID
Oct-23-2023-12:37:48,whole_genome_v2_nov-11-2021.csv,Wormbase.ID
Feb-07-2024-21:12:14,whole_genome_v2_nov-11-2021.csv,Wormbase.ID
Mar-25-2024-08:51:34,whole_genome_v2_nov-11-2021.csv,Sequence.ID
Apr-22-2024-20:34:55,whole_genome_v2_nov-11-2021.csv,Sequence.ID
May-26-2024-12:12:49,whole_genome_v2_nov-11-2021.csv,Wormbase.ID
Sep-27-2023-14:00:09,whole_genome_v2_nov-11-2021.csv,Sequence.ID
Feb-06-2024-06:49:41,whole_genome_v2_nov-11-2021.csv,Wormbase.ID
Dec-11-2023-22:01:45,whole_genome_v2_nov-11-2021.csv,Wormbase.ID
Mar-31-2024-22:24:12,whole_genome_v2_nov-11-2021.csv,Sequence.ID
Mar-05-2024-02:03:51,whole_genome_v2_nov-11-2021.csv,Wormbase.ID
Apr-17-2024-18:20:27,whole_genome_v2_nov-11-2021.csv,Wormbase.ID
Mar-29-2024-14:08:38,whole_genome_v2_nov-11-2021.csv,Wormbase.ID
Sep-13-2023-17:53:35,whole_genome_v2_nov-11-2021.csv,Wormbase.ID
Dec-04-2023-02:58:42,whole_genome_v2_nov-11-2021.csv,Wormbase.ID
Jul-30-2024-13:45:13,whole_genome_v2_nov-11-2021.csv,Wormbase.ID
Jul-25-2024-15:41:35,whole_genome_v2_nov-11-2021.csv,Sequence.ID
Jul-22-2024-20:16:55,whole_genome_v2_nov-11-2021.csv,Wormbase.ID
Sep-18-2023-17:12:38,whole_genome_v2_nov-11-2021.csv,Wormbase.ID
Aug-10-2023-17:00:16,whole_genome_v2_nov-11-2021.csv,Wormbase.ID
Sep-13-2023-16:03:22,whole_genome_v2_nov-11-2021.csv,Wormbase.ID
Feb-28-2024-14:37:15,whole_genome_v2_nov-11-2021.csv,Sequence.ID
Sep-09-2024-15:49:48,whole_genome_v2_nov-11-2021.csv,Wormbase.ID
Sep-04-2024-02:45:08,whole_genome_v2_nov-11-2021.csv,Wormbase.ID
Aug-31-2023-15:14:29,whole_genome_v2_nov-11-2021.csv,Wormbase.ID
Feb-27-2024-19:25:41,whole_genome_v2_nov-11-2021.csv,Wormbase.ID
Aug-22-2024-14:32:10,whole_genome_v2_nov-11-2021.csv,Wormbase.ID
Sep-13-2024-17:25:07,whole_genome_v2_nov-11-2021.csv,Wormbase.ID
Sep-18-2024-09:03:09,whole_genome_v2_nov-11-2021.csv,Wormbase.ID
Aug-28-2024-17:38:09,whole_genome_v2_nov-11-2021.csv,Wormbase.ID
Sep-30-2024-14:29:30,whole_genome_v2_nov-11-2021.csv,Wormbase.ID
Sep-27-2023-16:37:11,whole_genome_v2_nov-11-2021.csv,Wormbase.ID
Sep-13-2024-04:02:07,whole_genome_v2_nov-11-2021.csv,Wormbase.ID
Aug-18-2023-19:29:56,whole_genome_v2_nov-11-2021.csv,Sequence.ID
Apr-11-2024-18:24:46,whole_genome_v2_nov-11-2021.csv,Wormbase.ID
Feb-22-2024-17:00:58,whole_genome_v2_nov-11-2021.csv,Wormbase.ID
Feb-14-2024-15:36:05,whole_genome_v2_nov-11-2021.csv,Wormbase.ID
Feb-03-2024-18:51:52,whole_genome_v2_nov-11-2021.csv,Wormbase.ID
Jan-09-2024-16:23:04,whole_genome_v2_nov-11-2021.csv,Sequence.ID
Sep-19-2023-17:48:31,whole_genome_v2_nov-11-2021.csv,Sequence.ID
Apr-22-2024-23:30:34,whole_genome_v2_nov-11-2021.csv,Wormbase.ID
Sep-22-2023-02:57:52,whole_genome_v2_nov-11-2021.csv,Wormbase.ID
Apr-18-2024-23:35:53,whole_genome_v2_nov-11-2021.csv,Wormbase.ID
Aug-06-2024-21:53:53,whole_genome_v2_nov-11-2021.csv,Wormbase.ID
Apr-06-2024-16:32:20,whole_genome_v2_nov-11-2021.csv,Wormbase.ID
Jun-07-2024-01:07:31,whole_genome_v2_nov-11-2021.csv,Wormbase.ID
Aug-20-2023-19:21:00,whole_genome_v2_nov-11-2021.csv,Wormbase.ID
Sep-16-2024-13:51:01,whole_genome_v2_nov-11-2021.csv,Wormbase.ID
Dec-05-2023-14:47:01,whole_genome_v2_nov-11-2021.csv,Wormbase.ID
Jun-04-2024-13:37:50,whole_genome_v2_nov-11-2021.csv,Wormbase.ID
Sep-13-2023-19:11:58,whole_genome_v2_nov-11-2021.csv,Wormbase.ID
Mar-08-2024-23:34:56,whole_genome_v2_nov-11-2021.csv,Wormbase.ID
Jul-08-2024-16:52:57,whole_genome_v2_nov-11-2021.csv,Wormbase.ID
Aug-27-2023-21:35:34,ORF_only_v2_nov-11-2021.csv,Wormbase.ID
May-10-2024-06:54:46,whole_genome_v2_nov-11-2021.csv,Wormbase.ID
Apr-08-2024-03:20:21,whole_genome_v2_nov-11-2021.csv,Wormbase.ID
Aug-07-2023-20:20:39,whole_genome_v2_nov-11-2021.csv,Wormbase.ID
Apr-11-2024-12:13:18,whole_genome_v2_nov-11-2021.csv,Sequence.ID
Sep-11-2023-22:24:44,whole_genome_v2_nov-11-2021.csv,Wormbase.ID
May-28-2024-17:52:13,whole_genome_v2_nov-11-2021.csv,Wormbase.ID
Feb-27-2024-09:11:25,whole_genome_v2_nov-11-2021.csv,Wormbase.ID
Sep-25-2023-06:09:34,whole_genome_v2_nov-11-2021.csv,Wormbase.ID
Apr-02-2024-07:18:14,whole_genome_v2_nov-11-2021.csv,Wormbase.ID
Jul-04-2024-00:34:43,whole_genome_v2_nov-11-2021.csv,Sequence.ID
Sep-26-2024-06:52:26,whole_genome_v2_nov-11-2021.csv,Wormbase.ID
May-10-2024-19:26:25,whole_genome_v2_nov-11-2021.csv,Wormbase.ID
Dec-20-2023-09:25:11,orfeome_v1_jan-31-2019.csv,Wormbase.ID
Jun-03-2024-12:47:35,whole_genome_v2_nov-11-2021.csv,Wormbase.ID
Sep-06-2023-02:56:19,whole_genome_v2_nov-11-2021.csv,Wormbase.ID
Sep-13-2023-20:07:36,whole_genome_v2_nov-11-2021.csv,Wormbase.ID
May-05-2024-17:15:43,whole_genome_v2_nov-11-2021.csv,Wormbase.ID
Oct-31-2023-01:24:20,whole_genome_v2_nov-11-2021.csv,Wormbase.ID
Sep-14-2024-23:52:54,whole_genome_v2_nov-11-2021.csv,Wormbase.ID
Jan-05-2024-01:39:20,whole_genome_v2_nov-11-2021.csv,Wormbase.ID
Nov-09-2023-21:01:31,whole_genome_v2_nov-11-2021.csv,Wormbase.ID
May-10-2024-06:58:58,whole_genome_v2_nov-11-2021.csv,Sequence.ID
Jan-12-2024-13:07:40,whole_genome_v2_nov-11-2021.csv,Wormbase.ID
Sep-06-2024-17:27:01,whole_genome_v2_nov-11-2021.csv,Wormbase.ID
Feb-22-2024-19:18:59,whole_genome_v2_nov-11-2021.csv,Wormbase.ID
Dec-19-2023-21:57:36,whole_genome_v2_nov-11-2021.csv,Wormbase.ID
Dec-12-2023-20:10:02,whole_genome_v2_nov-11-2021.csv,Wormbase.ID
Oct-17-2024-09:13:00,whole_genome_v2_nov-11-2021.csv,Wormbase.ID
Oct-23-2023-13:49:59,whole_genome_v2_nov-11-2021.csv,Wormbase.ID
Feb-29-2024-15:28:42,whole_genome_v2_nov-11-2021.csv,Wormbase.ID
Aug-27-2024-18:38:38,whole_genome_v2_nov-11-2021.csv,Wormbase.ID
Apr-02-2024-08:54:24,whole_genome_v2_nov-11-2021.csv,Wormbase.ID
Apr-02-2024-03:07:52,whole_genome_v2_nov-11-2021.csv,Wormbase.ID
Jan-11-2024-14:09:54,whole_genome_v2_nov-11-2021.csv,Sequence.ID
Feb-27-2024-09:38:34,whole_genome_v2_nov-11-2021.csv,Wormbase.ID
Feb-27-2024-12:47:31,whole_genome_v2_nov-11-2021.csv,Wormbase.ID
May-16-2024-01:16:48,whole_genome_v2_nov-11-2021.csv,Wormbase.ID
Jul-12-2024-15:56:21,whole_genome_v2_nov-11-2021.csv,Wormbase.ID
Mar-25-2024-07:44:51,whole_genome_v2_nov-11-2021.csv,Sequence.ID
Jan-31-2024-16:55:45,whole_genome_v2_nov-11-2021.csv,Wormbase.ID
Jun-15-2024-21:07:21,whole_genome_v2_nov-11-2021.csv,Wormbase.ID
Feb-20-2024-15:56:25,whole_genome_v2_nov-11-2021.csv,Sequence.ID
Feb-14-2024-13:36:57,whole_genome_v2_nov-11-2021.csv,Wormbase.ID
Apr-30-2024-00:26:15,whole_genome_v2_nov-11-2021.csv,Wormbase.ID
Sep-12-2024-13:07:06,whole_genome_v2_nov-11-2021.csv,Wormbase.ID
Nov-29-2023-19:41:07,whole_genome_v2_nov-11-2021.csv,Wormbase.ID
Sep-16-2024-01:09:58,whole_genome_v2_nov-11-2021.csv,Wormbase.ID
Jul-15-2024-20:42:45,whole_genome_v2_nov-11-2021.csv,Wormbase.ID
Oct-09-2023-04:00:12,whole_genome_v2_nov-11-2021.csv,Sequence.ID
Dec-05-2023-22:20:27,whole_genome_v2_nov-11-2021.csv,Wormbase.ID
Jan-12-2024-05:33:44,whole_genome_v2_nov-11-2021.csv,Wormbase.ID
Feb-05-2024-17:19:39,whole_genome_v2_nov-11-2021.csv,Sequence.ID
Apr-06-2024-17:04:59,ORF_only_v2_nov-11-2021.csv,Wormbase.ID
Feb-18-2024-21:49:08,whole_genome_v2_nov-11-2021.csv,Wormbase.ID
Oct-05-2023-23:51:54,whole_genome_v2_nov-11-2021.csv,Wormbase.ID
Oct-16-2023-11:42:43,whole_genome_v2_nov-11-2021.csv,Sequence.ID
Oct-11-2024-19:05:37,whole_genome_v2_nov-11-2021.csv,Wormbase.ID
Apr-24-2024-03:09:26,whole_genome_v2_nov-11-2021.csv,Wormbase.ID
May-06-2024-04:35:34,whole_genome_v2_nov-11-2021.csv,Wormbase.ID
Aug-19-2024-07:01:55,whole_genome_v2_nov-11-2021.csv,Wormbase.ID
Oct-29-2023-17:02:02,whole_genome_v2_nov-11-2021.csv,Wormbase.ID
Nov-15-2023-22:48:50,whole_genome_v2_nov-11-2021.csv,Wormbase.ID
Aug-15-2024-21:25:05,whole_genome_v2_nov-11-2021.csv,Wormbase.ID
Apr-18-2024-11:41:35,whole_genome_v2_nov-11-2021.csv,Wormbase.ID
Sep-19-2023-17:44:18,whole_genome_v2_nov-11-2021.csv,Wormbase.ID
Jan-26-2024-15:22:36,whole_genome_v2_nov-11-2021.csv,Wormbase.ID
Sep-21-2023-18:04:51,whole_genome_v2_nov-11-2021.csv,Wormbase.ID
Feb-22-2024-20:17:46,whole_genome_v2_nov-11-2021.csv,Wormbase.ID
Feb-08-2024-01:35:27,whole_genome_v2_nov-11-2021.csv,Wormbase.ID
Mar-31-2024-01:16:44,whole_genome_v2_nov-11-2021.csv,Sequence.ID
Jun-02-2024-15:59:47,whole_genome_v2_nov-11-2021.csv,Sequence.ID
Jun-27-2024-23:01:07,whole_genome_v2_nov-11-2021.csv,Wormbase.ID
Aug-28-2024-17:02:58,whole_genome_v2_nov-11-2021.csv,Wormbase.ID
Oct-27-2023-20:11:25,whole_genome_v2_nov-11-2021.csv,Wormbase.ID
Dec-20-2023-09:28:58,ahringer_v2_nov-11-2021.csv,Wormbase.ID
Apr-23-2024-20:43:24,whole_genome_v2_nov-11-2021.csv,Wormbase.ID
Dec-23-2023-07:31:54,whole_genome_v2_nov-11-2021.csv,Wormbase.ID
Oct-03-2024-09:16:20,whole_genome_v2_nov-11-2021.csv,Sequence.ID
Mar-25-2024-08:48:34,whole_genome_v2_nov-11-2021.csv,Sequence.ID
Sep-22-2023-05:22:02,whole_genome_v2_nov-11-2021.csv,Sequence.ID
Feb-12-2024-11:39:03,whole_genome_v2_nov-11-2021.csv,Wormbase.ID
Oct-31-2023-01:14:23,whole_genome_v2_nov-11-2021.csv,Sequence.ID
May-29-2024-22:46:40,whole_genome_v2_nov-11-2021.csv,Wormbase.ID
Mar-26-2024-15:11:38,whole_genome_v2_nov-11-2021.csv,Wormbase.ID
Jan-30-2024-18:11:55,whole_genome_v2_nov-11-2021.csv,Wormbase.ID
Dec-27-2023-17:45:49,whole_genome_v2_nov-11-2021.csv,Wormbase.ID
Jun-24-2024-16:41:35,whole_genome_v2_nov-11-2021.csv,Wormbase.ID
Oct-05-2023-17:30:05,whole_genome_v2_nov-11-2021.csv,Wormbase.ID
Nov-10-2023-00:58:27,whole_genome_v2_nov-11-2021.csv,Wormbase.ID
Feb-09-2024-17:43:47,whole_genome_v2_nov-11-2021.csv,Wormbase.ID
Jul-16-2024-19:28:22,whole_genome_v2_nov-11-2021.csv,Wormbase.ID
Sep-13-2023-14:26:37,whole_genome_v2_nov-11-2021.csv,Wormbase.ID
Oct-31-2023-20:03:25,whole_genome_v2_nov-11-2021.csv,Wormbase.ID
Jan-12-2024-19:49:09,whole_genome_v2_nov-11-2021.csv,Sequence.ID
Aug-07-2024-08:54:04,whole_genome_v2_nov-11-2021.csv,Sequence.ID
Mar-12-2024-19:51:34,whole_genome_v2_nov-11-2021.csv,Wormbase.ID
Sep-27-2023-14:35:52,whole_genome_v2_nov-11-2021.csv,Wormbase.ID
Jun-15-2024-21:21:30,whole_genome_v2_nov-11-2021.csv,Wormbase.ID
Sep-18-2023-17:37:57,whole_genome_v2_nov-11-2021.csv,Wormbase.ID
Sep-10-2024-21:39:54,whole_genome_v2_nov-11-2021.csv,Wormbase.ID
Sep-10-2024-21:40:03,whole_genome_v2_nov-11-2021.csv,Wormbase.ID
Sep-10-2024-21:40:19,whole_genome_v2_nov-11-2021.csv,Wormbase.ID
Sep-10-2024-21:40:11,whole_genome_v2_nov-11-2021.csv,Wormbase.ID
Sep-10-2024-21:40:27,whole_genome_v2_nov-11-2021.csv,Wormbase.ID
Sep-19-2023-17:50:04,whole_genome_v2_nov-11-2021.csv,Wormbase.ID
Aug-28-2023-22:58:24,whole_genome_v2_nov-11-2021.csv,Wormbase.ID
Jun-25-2024-07:25:02,whole_genome_v1_jul-03-2019.csv,Wormbase.ID
Jan-19-2024-17:24:06,whole_genome_v2_nov-11-2021.csv,Wormbase.ID
Jan-19-2024-17:23:49,whole_genome_v2_nov-11-2021.csv,Wormbase.ID
Jan-19-2024-17:23:58,whole_genome_v2_nov-11-2021.csv,Wormbase.ID
Nov-30-2023-00:51:37,whole_genome_v2_nov-11-2021.csv,Wormbase.ID
Dec-23-2023-07:31:59,whole_genome_v2_nov-11-2021.csv,Wormbase.ID
Nov-01-2023-17:46:40,whole_genome_v2_nov-11-2021.csv,Wormbase.ID
Sep-11-2024-16:54:07,whole_genome_v2_nov-11-2021.csv,Sequence.ID
Jun-07-2024-01:37:17,whole_genome_v2_nov-11-2021.csv,Wormbase.ID
Feb-17-2024-13:39:32,whole_genome_v2_nov-11-2021.csv,Wormbase.ID
Oct-14-2024-04:00:00,ahringer_v2_nov-11-2021.csv,Sequence.ID
Mar-02-2024-00:06:05,whole_genome_v2_nov-11-2021.csv,Wormbase.ID
Apr-18-2024-21:49:47,whole_genome_v2_nov-11-2021.csv,Wormbase.ID
Jun-19-2024-01:23:49,whole_genome_v2_nov-11-2021.csv,Wormbase.ID
Sep-28-2023-03:45:29,whole_genome_v2_nov-11-2021.csv,Wormbase.ID
Oct-03-2024-14:17:30,whole_genome_v2_nov-11-2021.csv,Sequence.ID
Sep-25-2023-20:56:19,whole_genome_v2_nov-11-2021.csv,Wormbase.ID
Apr-02-2024-12:14:42,whole_genome_v2_nov-11-2021.csv,Wormbase.ID
Jul-15-2024-18:36:57,whole_genome_v2_nov-11-2021.csv,Wormbase.ID
Oct-16-2023-20:15:55,whole_genome_v2_nov-11-2021.csv,Wormbase.ID
Jul-29-2024-14:36:39,whole_genome_v2_nov-11-2021.csv,Wormbase.ID
Feb-17-2024-13:27:03,whole_genome_v2_nov-11-2021.csv,Wormbase.ID
Sep-24-2024-21:18:58,whole_genome_v2_nov-11-2021.csv,Wormbase.ID
Apr-19-2024-15:56:33,whole_genome_v2_nov-11-2021.csv,Wormbase.ID
Apr-23-2024-21:15:59,whole_genome_v2_nov-11-2021.csv,Wormbase.ID
Sep-19-2023-15:28:17,whole_genome_v2_nov-11-2021.csv,Wormbase.ID
Feb-03-2024-17:40:25,whole_genome_v2_nov-11-2021.csv,Wormbase.ID
Mar-01-2024-11:10:06,whole_genome_v2_nov-11-2021.csv,Wormbase.ID
Feb-14-2024-15:25:12,whole_genome_v2_nov-11-2021.csv,Wormbase.ID
Sep-18-2023-19:36:09,whole_genome_v2_nov-11-2021.csv,Wormbase.ID
Mar-27-2024-15:03:36,whole_genome_v2_nov-11-2021.csv,Wormbase.ID
Mar-25-2024-07:16:02,whole_genome_v2_nov-11-2021.csv,Sequence.ID
Dec-20-2023-09:34:41,whole_genome_v2_nov-11-2021.csv,Sequence.ID
Sep-27-2023-13:09:09,whole_genome_v2_nov-11-2021.csv,Wormbase.ID
Jun-24-2024-12:00:41,whole_genome_v2_nov-11-2021.csv,Wormbase.ID
Oct-04-2023-15:36:25,whole_genome_v2_nov-11-2021.csv,Sequence.ID
Sep-27-2023-12:42:42,whole_genome_v2_nov-11-2021.csv,Wormbase.ID
Dec-12-2023-16:15:04,whole_genome_v2_nov-11-2021.csv,Wormbase.ID
Apr-30-2024-14:45:26,whole_genome_v2_nov-11-2021.csv,Wormbase.ID
Apr-15-2024-03:00:25,whole_genome_v2_nov-11-2021.csv,Wormbase.ID
Jul-10-2024-21:01:53,whole_genome_v2_nov-11-2021.csv,Wormbase.ID
Dec-05-2023-16:43:47,whole_genome_v2_nov-11-2021.csv,Wormbase.ID
Dec-28-2023-02:00:59,whole_genome_v2_nov-11-2021.csv,Wormbase.ID
Sep-25-2023-16:02:54,whole_genome_v2_nov-11-2021.csv,Wormbase.ID
Sep-19-2023-17:53:01,whole_genome_v2_nov-11-2021.csv,Wormbase.ID
Sep-09-2024-18:33:00,whole_genome_v2_nov-11-2021.csv,Wormbase.ID
Mar-01-2024-11:03:44,whole_genome_v2_nov-11-2021.csv,Wormbase.ID
Oct-09-2023-13:38:27,whole_genome_v2_nov-11-2021.csv,Sequence.ID
Sep-18-2023-17:20:03,whole_genome_v2_nov-11-2021.csv,Wormbase.ID
May-22-2024-16:02:18,whole_genome_v2_nov-11-2021.csv,Wormbase.ID
Oct-06-2023-23:49:15,whole_genome_v2_nov-11-2021.csv,Wormbase.ID
Jul-22-2024-23:32:00,whole_genome_v2_nov-11-2021.csv,Wormbase.ID
Feb-01-2024-20:20:06,whole_genome_v2_nov-11-2021.csv,Sequence.ID
Oct-03-2023-15:14:35,whole_genome_v2_nov-11-2021.csv,Sequence.ID
Oct-08-2024-21:32:28,whole_genome_v2_nov-11-2021.csv,Wormbase.ID
Sep-25-2024-14:55:01,whole_genome_v2_nov-11-2021.csv,Wormbase.ID
Aug-06-2024-08:29:07,whole_genome_v2_nov-11-2021.csv,Wormbase.ID
Dec-04-2023-07:10:38,whole_genome_v2_nov-11-2021.csv,Sequence.ID
Jun-13-2024-09:20:27,whole_genome_v2_nov-11-2021.csv,Wormbase.ID
Jun-16-2024-14:31:22,whole_genome_v2_nov-11-2021.csv,Wormbase.ID
Mar-04-2024-13:32:30,whole_genome_v2_nov-11-2021.csv,Wormbase.ID
Apr-15-2024-03:19:20,whole_genome_v2_nov-11-2021.csv,Wormbase.ID
Aug-10-2023-21:43:55,whole_genome_v2_nov-11-2021.csv,Wormbase.ID
Feb-14-2024-13:30:21,whole_genome_v2_nov-11-2021.csv,Wormbase.ID
Feb-21-2024-11:49:37,whole_genome_v2_nov-11-2021.csv,Wormbase.ID
Sep-09-2023-17:33:16,whole_genome_v2_nov-11-2021.csv,Wormbase.ID
May-05-2024-23:29:41,whole_genome_v2_nov-11-2021.csv,Wormbase.ID
Feb-09-2024-10:35:18,whole_genome_v2_nov-11-2021.csv,Wormbase.ID
Jul-30-2024-13:46:11,whole_genome_v2_nov-11-2021.csv,Wormbase.ID
Jan-09-2024-13:43:45,whole_genome_v2_nov-11-2021.csv,Wormbase.ID
Mar-19-2024-14:03:06,whole_genome_v2_nov-11-2021.csv,Sequence.ID
Oct-16-2024-15:07:16,whole_genome_v2_nov-11-2021.csv,Sequence.ID
Sep-26-2023-02:32:44,whole_genome_v2_nov-11-2021.csv,Wormbase.ID
Apr-23-2024-16:21:32,whole_genome_v2_nov-11-2021.csv,Wormbase.ID
Mar-22-2024-21:21:04,whole_genome_v2_nov-11-2021.csv,Wormbase.ID
Aug-07-2023-21:40:23,whole_genome_v2_nov-11-2021.csv,Wormbase.ID
Nov-20-2023-15:13:20,whole_genome_v2_nov-11-2021.csv,Wormbase.ID
Jun-12-2024-17:59:40,whole_genome_v2_nov-11-2021.csv,Sequence.ID
Sep-19-2024-06:26:00,whole_genome_v2_nov-11-2021.csv,Wormbase.ID
Apr-16-2024-12:43:49,whole_genome_v2_nov-11-2021.csv,Wormbase.ID
Dec-06-2023-06:52:04,whole_genome_v2_nov-11-2021.csv,Wormbase.ID
Nov-28-2023-13:19:36,ORF_only_v2_nov-11-2021.csv,Wormbase.ID
Nov-08-2023-18:12:37,whole_genome_v2_nov-11-2021.csv,Wormbase.ID
Nov-20-2023-21:08:23,whole_genome_v2_nov-11-2021.csv,Sequence.ID
Sep-15-2023-10:07:33,whole_genome_v2_nov-11-2021.csv,Wormbase.ID
Jan-14-2024-22:04:46,whole_genome_v2_nov-11-2021.csv,Wormbase.ID
Nov-26-2023-11:58:30,whole_genome_v2_nov-11-2021.csv,Sequence.ID
Jul-30-2024-18:33:02,whole_genome_v2_nov-11-2021.csv,Sequence.ID
May-10-2024-07:00:22,orfeome_v2_nov-11-2021.csv,Sequence.ID
Feb-03-2024-17:44:25,whole_genome_v2_nov-11-2021.csv,Sequence.ID
Sep-18-2023-17:16:51,whole_genome_v2_nov-11-2021.csv,Wormbase.ID
Aug-27-2024-18:38:51,whole_genome_v2_nov-11-2021.csv,Wormbase.ID
Jan-31-2024-13:50:44,whole_genome_v2_nov-11-2021.csv,Wormbase.ID
Sep-18-2023-17:18:07,whole_genome_v2_nov-11-2021.csv,Wormbase.ID
Jun-20-2024-19:48:31,whole_genome_v2_nov-11-2021.csv,Wormbase.ID
Nov-15-2023-18:44:18,whole_genome_v2_nov-11-2021.csv,Wormbase.ID
May-28-2024-13:36:44,whole_genome_v2_nov-11-2021.csv,Sequence.ID
Sep-10-2023-00:53:01,whole_genome_v2_nov-11-2021.csv,Wormbase.ID
Sep-13-2024-01:23:52,whole_genome_v2_nov-11-2021.csv,Wormbase.ID
May-10-2024-18:45:22,whole_genome_v2_nov-11-2021.csv,Wormbase.ID
Jun-29-2024-03:29:01,whole_genome_v2_nov-11-2021.csv,Sequence.ID
Sep-18-2023-17:15:19,whole_genome_v2_nov-11-2021.csv,Sequence.ID
Aug-09-2023-16:56:20,whole_genome_v2_nov-11-2021.csv,Wormbase.ID
Jun-27-2024-13:45:22,whole_genome_v2_nov-11-2021.csv,Wormbase.ID
Oct-30-2023-16:59:17,whole_genome_v2_nov-11-2021.csv,Sequence.ID
Sep-18-2023-17:06:58,whole_genome_v2_nov-11-2021.csv,Wormbase.ID
Sep-20-2024-07:41:47,whole_genome_v2_nov-11-2021.csv,Wormbase.ID
Apr-16-2024-12:53:17,whole_genome_v2_nov-11-2021.csv,Wormbase.ID
Nov-09-2023-13:23:21,whole_genome_v2_nov-11-2021.csv,Sequence.ID
Mar-07-2024-01:12:17,whole_genome_v2_nov-11-2021.csv,Wormbase.ID
Sep-08-2023-20:57:56,whole_genome_v2_nov-11-2021.csv,Wormbase.ID
Sep-27-2023-19:50:56,whole_genome_v2_nov-11-2021.csv,Wormbase.ID
Feb-13-2024-14:22:39,whole_genome_v2_nov-11-2021.csv,Sequence.ID
Sep-20-2023-09:18:51,whole_genome_v2_nov-11-2021.csv,Wormbase.ID
Sep-05-2024-22:24:32,whole_genome_v2_nov-11-2021.csv,Wormbase.ID
Apr-05-2024-18:51:48,whole_genome_v2_nov-11-2021.csv,Wormbase.ID
Aug-28-2024-17:33:08,whole_genome_v2_nov-11-2021.csv,Wormbase.ID
May-14-2024-08:27:10,whole_genome_v2_nov-11-2021.csv,Wormbase.ID
Jan-12-2024-10:40:56,whole_genome_v2_nov-11-2021.csv,Wormbase.ID
May-28-2024-20:23:13,whole_genome_v2_nov-11-2021.csv,Wormbase.ID
Aug-28-2023-00:31:36,whole_genome_v2_nov-11-2021.csv,Wormbase.ID
Feb-09-2024-10:31:46,whole_genome_v2_nov-11-2021.csv,Wormbase.ID
Oct-11-2024-14:06:15,whole_genome_v2_nov-11-2021.csv,Wormbase.ID
Oct-10-2023-16:21:01,whole_genome_v2_nov-11-2021.csv,Wormbase.ID
Dec-12-2023-16:26:26,whole_genome_v2_nov-11-2021.csv,Wormbase.ID
Feb-20-2024-17:13:37,whole_genome_v2_nov-11-2021.csv,Wormbase.ID
Sep-19-2023-18:43:35,whole_genome_v2_nov-11-2021.csv,Wormbase.ID
Nov-02-2023-19:19:10,whole_genome_v2_nov-11-2021.csv,Wormbase.ID
May-03-2024-22:19:08,whole_genome_v2_nov-11-2021.csv,Wormbase.ID
Apr-18-2024-09:29:48,whole_genome_v2_nov-11-2021.csv,Sequence.ID
Aug-16-2024-15:19:34,ORF_only_v2_nov-11-2021.csv,Wormbase.ID
Oct-25-2023-17:21:17,whole_genome_v2_nov-11-2021.csv,Sequence.ID
Sep-19-2024-15:30:00,whole_genome_v2_nov-11-2021.csv,Wormbase.ID
May-20-2024-18:53:52,whole_genome_v2_nov-11-2021.csv,Wormbase.ID
Jan-01-2024-21:35:36,whole_genome_v2_nov-11-2021.csv,Wormbase.ID
Sep-27-2023-13:22:33,whole_genome_v2_nov-11-2021.csv,Wormbase.ID
Jun-03-2024-20:06:55,whole_genome_v2_nov-11-2021.csv,Wormbase.ID
Jan-01-2024-20:01:50,whole_genome_v2_nov-11-2021.csv,Wormbase.ID
Jul-29-2024-19:53:37,whole_genome_v2_nov-11-2021.csv,Wormbase.ID
Aug-23-2024-21:37:15,whole_genome_v2_nov-11-2021.csv,Wormbase.ID
Jul-28-2024-16:57:13,whole_genome_v2_nov-11-2021.csv,Wormbase.ID
Oct-15-2024-19:49:10,whole_genome_v2_nov-11-2021.csv,Sequence.ID
Oct-25-2023-09:43:53,whole_genome_v2_nov-11-2021.csv,Sequence.ID
Aug-27-2024-17:49:36,whole_genome_v2_nov-11-2021.csv,Wormbase.ID
Jul-03-2024-12:37:39,whole_genome_v2_nov-11-2021.csv,Wormbase.ID
Apr-11-2024-09:09:10,whole_genome_v2_nov-11-2021.csv,Wormbase.ID
Jun-05-2024-01:22:32,whole_genome_v2_nov-11-2021.csv,Sequence.ID
May-28-2024-17:48:29,whole_genome_v2_nov-11-2021.csv,Wormbase.ID
Aug-28-2024-17:44:36,whole_genome_v2_nov-11-2021.csv,Wormbase.ID
Sep-05-2024-23:14:33,whole_genome_v2_nov-11-2021.csv,Wormbase.ID
Apr-30-2024-01:45:10,whole_genome_v2_nov-11-2021.csv,Wormbase.ID
Jan-17-2024-02:46:25,whole_genome_v2_nov-11-2021.csv,Sequence.ID
Nov-14-2023-16:19:23,whole_genome_v2_nov-11-2021.csv,Wormbase.ID
May-17-2024-13:41:39,whole_genome_v2_nov-11-2021.csv,Wormbase.ID
Jun-13-2024-20:48:46,whole_genome_v2_nov-11-2021.csv,Wormbase.ID
Aug-08-2023-00:11:03,whole_genome_v2_nov-11-2021.csv,Wormbase.ID
Nov-14-2023-16:27:56,whole_genome_v2_nov-11-2021.csv,Wormbase.ID
Sep-18-2023-17:11:27,whole_genome_v2_nov-11-2021.csv,Sequence.ID
Aug-16-2023-20:16:24,whole_genome_v2_nov-11-2021.csv,Wormbase.ID
Jun-27-2024-21:10:42,whole_genome_v2_nov-11-2021.csv,Wormbase.ID
Jan-18-2024-13:23:30,whole_genome_v2_nov-11-2021.csv,Wormbase.ID
Oct-05-2023-03:32:32,whole_genome_v2_nov-11-2021.csv,Sequence.ID
Jul-22-2024-13:36:15,whole_genome_v2_nov-11-2021.csv,Wormbase.ID
May-23-2024-12:47:09,whole_genome_v2_nov-11-2021.csv,Wormbase.ID
Dec-18-2023-04:58:08,whole_genome_v2_nov-11-2021.csv,Sequence.ID
May-08-2024-21:21:50,whole_genome_v2_nov-11-2021.csv,Sequence.ID
Aug-13-2024-11:17:21,whole_genome_v2_nov-11-2021.csv,Sequence.ID
Feb-22-2024-15:56:23,ORF_only_v2_nov-11-2021.csv,Wormbase.ID
Feb-16-2024-15:57:05,whole_genome_v2_nov-11-2021.csv,Sequence.ID
Feb-21-2024-15:11:15,whole_genome_v2_nov-11-2021.csv,Wormbase.ID
Sep-10-2024-17:16:26,whole_genome_v2_nov-11-2021.csv,Wormbase.ID
Sep-21-2023-16:01:53,whole_genome_v2_nov-11-2021.csv,Wormbase.ID
Nov-09-2023-19:07:16,whole_genome_v2_nov-11-2021.csv,Wormbase.ID
Nov-13-2023-10:24:21,whole_genome_v2_nov-11-2021.csv,Wormbase.ID
Aug-20-2024-16:19:55,whole_genome_v2_nov-11-2021.csv,Wormbase.ID
Nov-14-2023-16:47:32,whole_genome_v2_nov-11-2021.csv,Wormbase.ID
Oct-07-2024-07:06:02,whole_genome_v2_nov-11-2021.csv,Sequence.ID
May-22-2024-15:54:53,whole_genome_v2_nov-11-2021.csv,Wormbase.ID
Feb-27-2024-10:29:48,whole_genome_v2_nov-11-2021.csv,Wormbase.ID
Sep-17-2024-15:00:25,whole_genome_v2_nov-11-2021.csv,Wormbase.ID
Aug-27-2023-21:36:19,ORF_only_v2_nov-11-2021.csv,Wormbase.ID
May-30-2024-08:26:59,whole_genome_v2_nov-11-2021.csv,Wormbase.ID
Sep-16-2024-14:12:25,whole_genome_v2_nov-11-2021.csv,Wormbase.ID
Jul-21-2024-21:20:06,whole_genome_v2_nov-11-2021.csv,Wormbase.ID
Sep-13-2024-13:54:07,whole_genome_v2_nov-11-2021.csv,Wormbase.ID
Feb-14-2024-20:39:46,whole_genome_v2_nov-11-2021.csv,Wormbase.ID
Sep-18-2023-09:54:56,whole_genome_v2_nov-11-2021.csv,Wormbase.ID
Sep-18-2023-09:55:20,whole_genome_v2_nov-11-2021.csv,Wormbase.ID
Sep-18-2023-09:54:22,whole_genome_v2_nov-11-2021.csv,Wormbase.ID
Sep-18-2023-09:54:46,whole_genome_v2_nov-11-2021.csv,Wormbase.ID
Sep-18-2023-09:55:12,whole_genome_v2_nov-11-2021.csv,Wormbase.ID
Sep-18-2023-09:55:29,whole_genome_v2_nov-11-2021.csv,Wormbase.ID
Sep-18-2023-09:55:03,whole_genome_v2_nov-11-2021.csv,Wormbase.ID
Sep-18-2023-09:55:39,whole_genome_v2_nov-11-2021.csv,Wormbase.ID
Sep-18-2023-09:54:38,whole_genome_v2_nov-11-2021.csv,Wormbase.ID
Sep-18-2023-09:54:30,whole_genome_v2_nov-11-2021.csv,Wormbase.ID
Feb-29-2024-11:03:47,whole_genome_v2_nov-11-2021.csv,Sequence.ID
Apr-18-2024-22:14:09,whole_genome_v2_nov-11-2021.csv,Wormbase.ID
Sep-27-2023-16:42:10,whole_genome_v2_nov-11-2021.csv,Wormbase.ID
Sep-20-2023-15:02:07,whole_genome_v2_nov-11-2021.csv,Wormbase.ID
Feb-13-2024-07:59:05,whole_genome_v2_nov-11-2021.csv,Wormbase.ID
Jul-02-2024-07:08:03,whole_genome_v2_nov-11-2021.csv,Wormbase.ID
Aug-17-2024-22:47:37,whole_genome_v2_nov-11-2021.csv,Wormbase.ID
Aug-27-2023-21:32:49,whole_genome_v2_nov-11-2021.csv,Wormbase.ID
May-17-2024-11:46:52,whole_genome_v2_nov-11-2021.csv,Wormbase.ID
Aug-07-2023-15:31:15,whole_genome_v2_nov-11-2021.csv,Wormbase.ID
Jan-30-2024-17:51:02,whole_genome_v2_nov-11-2021.csv,Wormbase.ID
Nov-09-2023-21:44:47,whole_genome_v2_nov-11-2021.csv,Wormbase.ID
Feb-28-2024-17:26:12,whole_genome_v2_nov-11-2021.csv,Wormbase.ID
Mar-27-2024-15:30:05,whole_genome_v2_nov-11-2021.csv,Wormbase.ID
Mar-01-2024-11:08:53,whole_genome_v2_nov-11-2021.csv,Wormbase.ID
Sep-29-2023-18:30:49,whole_genome_v2_nov-11-2021.csv,Wormbase.ID
Mar-12-2024-15:23:41,whole_genome_v2_nov-11-2021.csv,Sequence.ID
Apr-17-2024-19:15:47,whole_genome_v2_nov-11-2021.csv,Wormbase.ID
Nov-28-2023-22:47:27,whole_genome_v2_nov-11-2021.csv,Wormbase.ID
Aug-24-2024-03:22:46,whole_genome_v2_nov-11-2021.csv,Wormbase.ID
Jun-13-2024-15:54:41,whole_genome_v2_nov-11-2021.csv,Sequence.ID
Jun-13-2024-08:42:04,whole_genome_v2_nov-11-2021.csv,Wormbase.ID
Jun-18-2024-20:51:20,whole_genome_v2_nov-11-2021.csv,Wormbase.ID
Aug-28-2023-15:44:13,whole_genome_v2_nov-11-2021.csv,Wormbase.ID
Aug-22-2024-14:28:07,whole_genome_v2_nov-11-2021.csv,Wormbase.ID
Apr-02-2024-12:18:11,whole_genome_v2_nov-11-2021.csv,Wormbase.ID
May-04-2024-22:15:41,whole_genome_v2_nov-11-2021.csv,Wormbase.ID
May-04-2024-22:15:34,whole_genome_v2_nov-11-2021.csv,Wormbase.ID
May-04-2024-22:15:18,whole_genome_v2_nov-11-2021.csv,Wormbase.ID
May-04-2024-22:15:02,whole_genome_v2_nov-11-2021.csv,Wormbase.ID
May-04-2024-22:15:10,whole_genome_v2_nov-11-2021.csv,Wormbase.ID
May-04-2024-22:15:26,whole_genome_v2_nov-11-2021.csv,Wormbase.ID
May-04-2024-22:14:54,whole_genome_v2_nov-11-2021.csv,Wormbase.ID
Dec-05-2023-14:10:57,whole_genome_v2_nov-11-2021.csv,Wormbase.ID
Jun-15-2024-16:39:53,whole_genome_v2_nov-11-2021.csv,Wormbase.ID
Aug-28-2023-19:07:46,whole_genome_v2_nov-11-2021.csv,Wormbase.ID
Aug-19-2024-15:37:54,whole_genome_v2_nov-11-2021.csv,Wormbase.ID
Sep-25-2023-00:20:03,whole_genome_v2_nov-11-2021.csv,Sequence.ID
Feb-16-2024-15:43:56,whole_genome_v2_nov-11-2021.csv,Sequence.ID
Apr-15-2024-02:16:50,whole_genome_v2_nov-11-2021.csv,Wormbase.ID
Apr-23-2024-20:44:03,whole_genome_v2_nov-11-2021.csv,Wormbase.ID
Jan-06-2024-00:03:12,whole_genome_v2_nov-11-2021.csv,Wormbase.ID
Apr-17-2024-13:34:00,whole_genome_v2_nov-11-2021.csv,Wormbase.ID
Jun-16-2024-04:28:41,whole_genome_v2_nov-11-2021.csv,Sequence.ID
Dec-13-2023-07:42:34,whole_genome_v2_nov-11-2021.csv,Wormbase.ID
Dec-13-2023-07:42:27,whole_genome_v2_nov-11-2021.csv,Wormbase.ID
Dec-13-2023-07:42:19,whole_genome_v2_nov-11-2021.csv,Wormbase.ID
Dec-13-2023-07:42:50,whole_genome_v2_nov-11-2021.csv,Wormbase.ID
Dec-13-2023-07:42:42,whole_genome_v2_nov-11-2021.csv,Wormbase.ID
Dec-13-2023-07:42:11,whole_genome_v2_nov-11-2021.csv,Wormbase.ID
Sep-01-2023-14:58:10,whole_genome_v2_nov-11-2021.csv,Wormbase.ID
Mar-11-2024-17:56:46,whole_genome_v2_nov-11-2021.csv,Wormbase.ID
Mar-11-2024-17:56:54,whole_genome_v2_nov-11-2021.csv,Wormbase.ID
Sep-04-2024-14:37:58,whole_genome_v2_nov-11-2021.csv,Wormbase.ID
Jun-04-2024-12:48:15,whole_genome_v2_nov-11-2021.csv,Wormbase.ID
Aug-25-2024-04:39:23,whole_genome_v2_nov-11-2021.csv,Wormbase.ID
Sep-27-2023-23:24:41,whole_genome_v2_nov-11-2021.csv,Wormbase.ID
Feb-13-2024-13:45:25,whole_genome_v2_nov-11-2021.csv,Wormbase.ID
Sep-05-2023-16:56:13,whole_genome_v2_nov-11-2021.csv,Wormbase.ID
Aug-13-2023-23:22:00,whole_genome_v2_nov-11-2021.csv,Wormbase.ID
Sep-03-2023-18:36:45,whole_genome_v2_nov-11-2021.csv,Wormbase.ID
Sep-14-2024-22:36:14,whole_genome_v2_nov-11-2021.csv,Wormbase.ID
Sep-04-2024-14:39:53,whole_genome_v2_nov-11-2021.csv,Wormbase.ID
Feb-26-2024-08:46:32,whole_genome_v2_nov-11-2021.csv,Wormbase.ID
Mar-05-2024-15:23:37,whole_genome_v2_nov-11-2021.csv,Sequence.ID
Apr-24-2024-07:37:26,whole_genome_v2_nov-11-2021.csv,Sequence.ID
Apr-03-2024-11:36:35,whole_genome_v2_nov-11-2021.csv,Wormbase.ID
Mar-29-2024-15:14:59,whole_genome_v2_nov-11-2021.csv,Wormbase.ID
Dec-14-2023-08:48:12,whole_genome_v2_nov-11-2021.csv,Wormbase.ID
Sep-17-2024-08:23:39,whole_genome_v2_nov-11-2021.csv,Sequence.ID
Oct-10-2024-10:28:05,whole_genome_v2_nov-11-2021.csv,Wormbase.ID
Sep-28-2024-23:17:36,whole_genome_v2_nov-11-2021.csv,Wormbase.ID
Sep-26-2023-13:52:53,whole_genome_v2_nov-11-2021.csv,Sequence.ID
Aug-07-2023-21:45:07,whole_genome_v2_nov-11-2021.csv,Wormbase.ID
Aug-10-2023-18:02:06,whole_genome_v2_nov-11-2021.csv,Wormbase.ID
May-03-2024-14:59:51,whole_genome_v2_nov-11-2021.csv,Wormbase.ID
Feb-23-2024-23:13:01,whole_genome_v2_nov-11-2021.csv,Wormbase.ID
Jul-09-2024-14:54:47,whole_genome_v2_nov-11-2021.csv,Wormbase.ID
Oct-08-2024-19:50:05,whole_genome_v2_nov-11-2021.csv,Wormbase.ID
Aug-28-2024-17:39:45,whole_genome_v2_nov-11-2021.csv,Wormbase.ID
Aug-28-2024-17:40:13,whole_genome_v2_nov-11-2021.csv,Wormbase.ID
Aug-28-2024-17:40:30,whole_genome_v2_nov-11-2021.csv,Wormbase.ID
Aug-28-2024-17:40:21,whole_genome_v2_nov-11-2021.csv,Wormbase.ID
Aug-28-2024-17:40:02,whole_genome_v2_nov-11-2021.csv,Wormbase.ID
Aug-28-2024-17:39:53,whole_genome_v2_nov-11-2021.csv,Wormbase.ID
Aug-28-2024-17:39:36,whole_genome_v2_nov-11-2021.csv,Wormbase.ID
May-14-2024-20:57:16,whole_genome_v2_nov-11-2021.csv,Wormbase.ID
Sep-22-2023-18:31:49,whole_genome_v2_nov-11-2021.csv,Wormbase.ID
Feb-29-2024-14:47:01,whole_genome_v2_nov-11-2021.csv,Wormbase.ID
Jan-14-2024-21:30:16,whole_genome_v2_nov-11-2021.csv,Wormbase.ID
Feb-14-2024-13:41:30,whole_genome_v2_nov-11-2021.csv,Wormbase.ID
Jun-12-2024-17:20:02,whole_genome_v2_nov-11-2021.csv,Wormbase.ID
Sep-27-2023-14:26:53,whole_genome_v2_nov-11-2021.csv,Sequence.ID
Sep-18-2023-17:12:19,whole_genome_v2_nov-11-2021.csv,Wormbase.ID
May-31-2024-09:37:13,whole_genome_v2_nov-11-2021.csv,Wormbase.ID
Sep-11-2024-17:06:43,whole_genome_v2_nov-11-2021.csv,Wormbase.ID
Jun-26-2024-17:39:33,whole_genome_v2_nov-11-2021.csv,Wormbase.ID
Nov-30-2023-19:23:26,orfeome_v2_nov-11-2021.csv,Wormbase.ID
Sep-10-2024-11:38:19,whole_genome_v2_nov-11-2021.csv,Wormbase.ID
Sep-15-2024-00:00:42,whole_genome_v2_nov-11-2021.csv,Wormbase.ID
Jun-05-2024-09:42:42,whole_genome_v2_nov-11-2021.csv,Wormbase.ID
Jul-03-2024-12:31:54,whole_genome_v2_nov-11-2021.csv,Wormbase.ID
Aug-28-2023-16:03:27,whole_genome_v2_nov-11-2021.csv,Wormbase.ID
Jul-03-2024-10:47:40,whole_genome_v2_nov-11-2021.csv,Wormbase.ID
Sep-12-2023-20:35:51,whole_genome_v2_nov-11-2021.csv,Wormbase.ID
Jun-27-2024-21:17:24,whole_genome_v2_nov-11-2021.csv,Wormbase.ID
Apr-01-2024-05:00:49,whole_genome_v2_nov-11-2021.csv,Wormbase.ID
Aug-16-2023-19:54:34,whole_genome_v2_nov-11-2021.csv,Wormbase.ID
Apr-15-2024-07:20:50,whole_genome_v2_nov-11-2021.csv,Wormbase.ID
Sep-14-2023-19:24:42,whole_genome_v2_nov-11-2021.csv,Wormbase.ID
Mar-25-2024-11:01:33,whole_genome_v2_nov-11-2021.csv,Wormbase.ID
Feb-26-2024-03:32:07,whole_genome_v2_nov-11-2021.csv,Wormbase.ID
Feb-20-2024-13:06:15,whole_genome_v2_nov-11-2021.csv,Wormbase.ID
Mar-25-2024-06:40:11,whole_genome_v2_nov-11-2021.csv,Sequence.ID
Jun-03-2024-20:06:12,whole_genome_v2_nov-11-2021.csv,Wormbase.ID
Aug-18-2024-12:04:36,whole_genome_v2_nov-11-2021.csv,Wormbase.ID
Mar-18-2024-13:03:45,whole_genome_v2_nov-11-2021.csv,Wormbase.ID
May-10-2024-06:54:10,whole_genome_v1_jul-03-2019.csv,Wormbase.ID
Aug-13-2023-23:26:48,whole_genome_v2_nov-11-2021.csv,Wormbase.ID
Mar-25-2024-07:55:16,whole_genome_v2_nov-11-2021.csv,Sequence.ID
Sep-22-2023-00:03:41,whole_genome_v2_nov-11-2021.csv,Wormbase.ID
Feb-27-2024-09:10:46,whole_genome_v2_nov-11-2021.csv,Wormbase.ID
Jun-13-2024-19:53:49,whole_genome_v2_nov-11-2021.csv,Wormbase.ID
Aug-28-2024-17:15:01,whole_genome_v2_nov-11-2021.csv,Wormbase.ID
Nov-28-2023-21:42:35,whole_genome_v2_nov-11-2021.csv,Wormbase.ID
Aug-22-2024-20:09:13,whole_genome_v2_nov-11-2021.csv,Wormbase.ID
